ID,Операция,Вид,Тип,Категория,Дата и время заказа,Месяц заказа,Промокод,ID промокомпании,Название промокомпании,Процент скидки,Сумма скидки,Стандартная стоимость,Итоговая стоимость
1,Доход,Услуга,Безнал,Стрижка и укладка,01.01.2024,1,,,,,"р.0,00","р.4 500,00","р.4 500,00"
2,Доход,Услуга,Безнал,Обычная стрижка,01.01.2024,1,,,,,"р.0,00","р.3 500,00","р.3 500,00"
3,Доход,Товар,Наличные,Продажа шампуня,01.01.2024,1,,,,,"р.0,00","р.500,00","р.500,00"
4,Доход,Услуга,Безнал,Стрижка и укладка,01.01.2024,1,,,,,"р.0,00","р.4 500,00","р.4 500,00"
5,Доход,Услуга,Безнал,Стрижка старшего мастера,01.01.2024,1,42gbcz1044846,5,Посты в VK,"0,15","р.825,00","р.5 500,00","р.4 675,00"
6,Доход,Товар,Безнал,Продажа шампуня,01.01.2024,1,,,,,"р.0,00","р.500,00","р.500,00"
7,Доход,Услуга,Безнал,Стрижка старшего мастера,01.01.2024,1,,,,,"р.0,00","р.5 500,00","р.5 500,00"
8,Доход,Товар,Безнал,Продажа шампуня и кондиционера,01.01.2024,1,,,,,"р.0,00","р.1 000,00","р.1 000,00"
9,Доход,Услуга,Безнал,Стрижка старшего мастера,01.01.2024,1,42gbcz926798,4,Посты в Telegram,"0,50","р.2 750,00","р.5 500,00","р.2 750,00"
10,Доход,Услуга,Безнал,Стрижка и укладка,01.01.2024,1,,,,,"р.0,00","р.4 500,00","р.4 500,00"
11,Доход,Услуга,Безнал,Обычная стрижка,01.01.2024,1,,,,,"р.0,00","р.3 500,00","р.3 500,00"
12,Доход,Услуга,Безнал,Стрижка старшего мастера,01.01.2024,1,,,,,"р.0,00","р.5 500,00","р.5 500,00"
13,Доход,Услуга,Безнал,Стрижка и укладка,01.01.2024,1,,,,,"р.0,00","р.4 500,00","р.4 500,00"
14,Доход,Услуга,Безнал,Стрижка старшего мастера,01.01.2024,1,,,,,"р.0,00","р.5 500,00","р.5 500,00"
15,Доход,Товар,Безнал,Продажа шампуня,01.01.2024,1,,,,,"р.0,00","р.500,00","р.500,00"
16,Доход,Услуга,Безнал,Обычная стрижка,01.01.2024,1,,,,,"р.0,00","р.3 500,00","р.3 500,00"
17,Доход,Услуга,Безнал,Стрижка старшего мастера,01.01.2024,1,,,,,"р.0,00","р.5 500,00","р.5 500,00"
18,Расход,Услуга,Безнал,Рекламный бюджет,01.01.2024,1,,,,,"р.0,00","р.50 000,00","р.50 000,00"
19,Доход,Услуга,Безнал,Обычная стрижка,01.01.2024,1,,,,,"р.0,00","р.3 500,00","р.3 500,00"
20,Доход,Услуга,Безнал,Стрижка старшего мастера,01.01.2024,1,,,,,"р.0,00","р.5 500,00","р.5 500,00"
21,Доход,Услуга,Безнал,Обычная стрижка,01.01.2024,1,,,,,"р.0,00","р.3 500,00","р.3 500,00"
22,Доход,Услуга,Наличные,Стрижка старшего мастера,01.01.2024,1,,,,,"р.0,00","р.5 500,00","р.5 500,00"
23,Доход,Товар,Безнал,Продажа шампуня,01.01.2024,1,,,,,"р.0,00","р.500,00","р.500,00"
24,Доход,Услуга,Безнал,Стрижка и укладка,01.01.2024,1,,,,,"р.0,00","р.4 500,00","р.4 500,00"
25,Доход,Услуга,Безнал,Стрижка старшего мастера,01.01.2024,1,,,,,"р.0,00","р.5 500,00","р.5 500,00"
26,Доход,Услуга,Безнал,Стрижка старшего мастера,01.01.2024,1,,,,,"р.0,00","р.5 500,00","р.5 500,00"
27,Доход,Услуга,Безнал,Обычная стрижка,01.01.2024,1,42gbcz3340340,6,Реклама в VK,"0,20","р.700,00","р.3 500,00","р.2 800,00"
28,Доход,Услуга,Безнал,Стрижка старшего мастера,01.01.2024,1,,,,,"р.0,00","р.5 500,00","р.5 500,00"
29,Доход,Товар,Безнал,Продажа геля,02.01.2024,1,,,,,"р.0,00","р.300,00","р.300,00"
30,Доход,Услуга,Безнал,Стрижка и укладка,02.01.2024,1,42gbcz3389430,3,Поисковые запросы в Яндексе,"0,05","р.225,00","р.4 500,00","р.4 275,00"
31,Расход,Товар,Безнал,Прочие расходы,02.01.2024,1,,,,,"р.0,00","р.300,00","р.300,00"
32,Доход,Услуга,Безнал,Стрижка старшего мастера,02.01.2024,1,,,,,"р.0,00","р.5 500,00","р.5 500,00"
33,Доход,Услуга,Безнал,Обычная стрижка,02.01.2024,1,,,,,"р.0,00","р.3 500,00","р.3 500,00"
34,Доход,Услуга,Наличные,Обычная стрижка,02.01.2024,1,42gbcz3469079,2,Поисковые запросы в Гугле,"0,10","р.350,00","р.3 500,00","р.3 150,00"
35,Расход,Товар,Безнал,Прочие расходы,02.01.2024,1,,,,,"р.0,00","р.300,00","р.300,00"
36,Доход,Услуга,Безнал,Обычная стрижка,02.01.2024,1,,,,,"р.0,00","р.3 500,00","р.3 500,00"
37,Доход,Услуга,Безнал,Стрижка и укладка,02.01.2024,1,,,,,"р.0,00","р.4 500,00","р.4 500,00"
38,Доход,Услуга,Безнал,Стрижка и укладка,02.01.2024,1,,,,,"р.0,00","р.4 500,00","р.4 500,00"
39,Доход,Услуга,Безнал,Стрижка и укладка,02.01.2024,1,42gbcz3795303,3,Поисковые запросы в Яндексе,"0,05","р.225,00","р.4 500,00","р.4 275,00"
40,Доход,Услуга,Безнал,Обычная стрижка,02.01.2024,1,,,,,"р.0,00","р.3 500,00","р.3 500,00"
41,Доход,Услуга,Наличные,Стрижка и укладка,02.01.2024,1,,,,,"р.0,00","р.4 500,00","р.4 500,00"
42,Доход,Услуга,Наличные,Обычная стрижка,02.01.2024,1,,,,,"р.0,00","р.3 500,00","р.3 500,00"
43,Доход,Услуга,Безнал,Стрижка и укладка,02.01.2024,1,,,,,"р.0,00","р.4 500,00","р.4 500,00"
44,Доход,Услуга,Безнал,Стрижка и укладка,02.01.2024,1,,,,,"р.0,00","р.4 500,00","р.4 500,00"
45,Доход,Услуга,Наличные,Обычная стрижка,02.01.2024,1,,,,,"р.0,00","р.3 500,00","р.3 500,00"
46,Доход,Товар,Наличные,Продажа геля,02.01.2024,1,,,,,"р.0,00","р.300,00","р.300,00"
47,Доход,Услуга,Безнал,Обычная стрижка,02.01.2024,1,,,,,"р.0,00","р.3 500,00","р.3 500,00"
48,Расход,Товар,Безнал,Закупка полотенец,02.01.2024,1,,,,,"р.0,00","р.1 000,00","р.1 000,00"
49,Доход,Товар,Наличные,Продажа геля,02.01.2024,1,,,,,"р.0,00","р.300,00","р.300,00"
50,Расход,Товар,Безнал,Прочие расходы,02.01.2024,1,,,,,"р.0,00","р.300,00","р.300,00"
51,Доход,Услуга,Наличные,Обычная стрижка,02.01.2024,1,,,,,"р.0,00","р.3 500,00","р.3 500,00"
52,Доход,Товар,Безнал,Продажа шампуня и кондиционера,02.01.2024,1,,,,,"р.0,00","р.1 000,00","р.1 000,00"
53,Расход,Товар,Безнал,Прочие расходы,02.01.2024,1,,,,,"р.0,00","р.300,00","р.300,00"
54,Доход,Товар,Безнал,Продажа шампуня и кондиционера,02.01.2024,1,42gbcz3011764,7,Сторис в VK,"0,15","р.150,00","р.1 000,00","р.850,00"
55,Расход,Товар,Безнал,Закупка резинок,02.01.2024,1,,,,,"р.0,00","р.500,00","р.500,00"
56,Доход,Услуга,Безнал,Стрижка старшего мастера,02.01.2024,1,,,,,"р.0,00","р.5 500,00","р.5 500,00"
57,Доход,Услуга,Безнал,Стрижка старшего мастера,03.01.2024,1,42gbcz2498155,7,Сторис в VK,"0,15","р.825,00","р.5 500,00","р.4 675,00"
58,Доход,Услуга,Безнал,Стрижка старшего мастера,03.01.2024,1,,,,,"р.0,00","р.5 500,00","р.5 500,00"
59,Доход,Товар,Безнал,Продажа геля,03.01.2024,1,,,,,"р.0,00","р.300,00","р.300,00"
60,Доход,Услуга,Безнал,Стрижка и укладка,03.01.2024,1,,,,,"р.0,00","р.4 500,00","р.4 500,00"
61,Доход,Услуга,Наличные,Стрижка старшего мастера,03.01.2024,1,,,,,"р.0,00","р.5 500,00","р.5 500,00"
62,Доход,Услуга,Безнал,Стрижка старшего мастера,03.01.2024,1,,,,,"р.0,00","р.5 500,00","р.5 500,00"
63,Доход,Услуга,Безнал,Стрижка и укладка,03.01.2024,1,,,,,"р.0,00","р.4 500,00","р.4 500,00"
64,Доход,Услуга,Безнал,Обычная стрижка,03.01.2024,1,,,,,"р.0,00","р.3 500,00","р.3 500,00"
65,Доход,Услуга,Безнал,Стрижка и укладка,03.01.2024,1,,,,,"р.0,00","р.4 500,00","р.4 500,00"
66,Доход,Услуга,Наличные,Обычная стрижка,03.01.2024,1,,,,,"р.0,00","р.3 500,00","р.3 500,00"
67,Доход,Услуга,Безнал,Стрижка старшего мастера,03.01.2024,1,,,,,"р.0,00","р.5 500,00","р.5 500,00"
68,Доход,Услуга,Безнал,Стрижка старшего мастера,03.01.2024,1,42gbcz1438127,6,Реклама в VK,"0,20","р.1 100,00","р.5 500,00","р.4 400,00"
69,Доход,Товар,Безнал,Продажа шампуня и кондиционера,03.01.2024,1,,,,,"р.0,00","р.1 000,00","р.1 000,00"
70,Доход,Услуга,Наличные,Стрижка и укладка,03.01.2024,1,,,,,"р.0,00","р.4 500,00","р.4 500,00"
71,Доход,Услуга,Безнал,Стрижка старшего мастера,03.01.2024,1,,,,,"р.0,00","р.5 500,00","р.5 500,00"
72,Расход,Товар,Наличные,Закупка резинок,03.01.2024,1,,,,,"р.0,00","р.500,00","р.500,00"
73,Расход,Товар,Безнал,Закупка полотенец,03.01.2024,1,,,,,"р.0,00","р.1 000,00","р.1 000,00"
74,Доход,Услуга,Безнал,Стрижка старшего мастера,03.01.2024,1,,,,,"р.0,00","р.5 500,00","р.5 500,00"
75,Расход,Товар,Безнал,Прочие расходы,03.01.2024,1,,,,,"р.0,00","р.300,00","р.300,00"
76,Доход,Услуга,Безнал,Стрижка старшего мастера,03.01.2024,1,,,,,"р.0,00","р.5 500,00","р.5 500,00"
77,Доход,Услуга,Безнал,Обычная стрижка,03.01.2024,1,,,,,"р.0,00","р.3 500,00","р.3 500,00"
78,Доход,Услуга,Безнал,Стрижка и укладка,03.01.2024,1,,,,,"р.0,00","р.4 500,00","р.4 500,00"
79,Доход,Услуга,Безнал,Стрижка и укладка,03.01.2024,1,42gbcz3332142,6,Реклама в VK,"0,20","р.900,00","р.4 500,00","р.3 600,00"
80,Расход,Товар,Безнал,Закупка полотенец,03.01.2024,1,,,,,"р.0,00","р.1 000,00","р.1 000,00"
81,Доход,Товар,Безнал,Продажа шампуня и кондиционера,03.01.2024,1,,,,,"р.0,00","р.1 000,00","р.1 000,00"
82,Расход,Товар,Безнал,Закупка резинок,03.01.2024,1,,,,,"р.0,00","р.500,00","р.500,00"
83,Доход,Услуга,Безнал,Обычная стрижка,03.01.2024,1,,,,,"р.0,00","р.3 500,00","р.3 500,00"
84,Доход,Услуга,Наличные,Стрижка старшего мастера,03.01.2024,1,,,,,"р.0,00","р.5 500,00","р.5 500,00"
85,Доход,Услуга,Безнал,Стрижка старшего мастера,04.01.2024,1,,,,,"р.0,00","р.5 500,00","р.5 500,00"
86,Доход,Услуга,Безнал,Стрижка старшего мастера,04.01.2024,1,,,,,"р.0,00","р.5 500,00","р.5 500,00"
87,Доход,Услуга,Безнал,Стрижка и укладка,04.01.2024,1,,,,,"р.0,00","р.4 500,00","р.4 500,00"
88,Доход,Товар,Безнал,Продажа шампуня,04.01.2024,1,,,,,"р.0,00","р.500,00","р.500,00"
89,Доход,Услуга,Безнал,Стрижка и укладка,04.01.2024,1,,,,,"р.0,00","р.4 500,00","р.4 500,00"
90,Доход,Услуга,Безнал,Стрижка старшего мастера,04.01.2024,1,,,,,"р.0,00","р.5 500,00","р.5 500,00"
91,Доход,Товар,Безнал,Продажа шампуня,04.01.2024,1,,,,,"р.0,00","р.500,00","р.500,00"
92,Доход,Услуга,Безнал,Обычная стрижка,04.01.2024,1,,,,,"р.0,00","р.3 500,00","р.3 500,00"
93,Доход,Услуга,Безнал,Стрижка старшего мастера,04.01.2024,1,,,,,"р.0,00","р.5 500,00","р.5 500,00"
94,Расход,Товар,Безнал,Закупка резинок,04.01.2024,1,,,,,"р.0,00","р.500,00","р.500,00"
95,Доход,Услуга,Безнал,Обычная стрижка,04.01.2024,1,,,,,"р.0,00","р.3 500,00","р.3 500,00"
96,Доход,Услуга,Безнал,Стрижка и укладка,04.01.2024,1,,,,,"р.0,00","р.4 500,00","р.4 500,00"
97,Доход,Услуга,Безнал,Стрижка старшего мастера,04.01.2024,1,,,,,"р.0,00","р.5 500,00","р.5 500,00"
98,Доход,Товар,Безнал,Продажа шампуня,04.01.2024,1,,,,,"р.0,00","р.500,00","р.500,00"
99,Расход,Товар,Безнал,Закупка полотенец,04.01.2024,1,,,,,"р.0,00","р.1 000,00","р.1 000,00"
100,Доход,Услуга,Безнал,Обычная стрижка,04.01.2024,1,,,,,"р.0,00","р.3 500,00","р.3 500,00"
101,Доход,Услуга,Безнал,Стрижка и укладка,04.01.2024,1,,,,,"р.0,00","р.4 500,00","р.4 500,00"
102,Доход,Товар,Безнал,Продажа геля,04.01.2024,1,,,,,"р.0,00","р.300,00","р.300,00"
103,Доход,Товар,Безнал,Продажа шампуня и кондиционера,04.01.2024,1,,,,,"р.0,00","р.1 000,00","р.1 000,00"
104,Доход,Услуга,Безнал,Обычная стрижка,04.01.2024,1,,,,,"р.0,00","р.3 500,00","р.3 500,00"
105,Доход,Услуга,Безнал,Стрижка старшего мастера,04.01.2024,1,,,,,"р.0,00","р.5 500,00","р.5 500,00"
106,Доход,Услуга,Безнал,Стрижка и укладка,04.01.2024,1,,,,,"р.0,00","р.4 500,00","р.4 500,00"
107,Расход,Товар,Наличные,Прочие расходы,04.01.2024,1,,,,,"р.0,00","р.300,00","р.300,00"
108,Доход,Услуга,Безнал,Стрижка старшего мастера,04.01.2024,1,,,,,"р.0,00","р.5 500,00","р.5 500,00"
109,Доход,Услуга,Безнал,Стрижка старшего мастера,04.01.2024,1,42gbcz1135604,2,Поисковые запросы в Гугле,"0,10","р.550,00","р.5 500,00","р.4 950,00"
110,Доход,Услуга,Наличные,Обычная стрижка,04.01.2024,1,,,,,"р.0,00","р.3 500,00","р.3 500,00"
111,Доход,Услуга,Наличные,Стрижка старшего мастера,04.01.2024,1,,,,,"р.0,00","р.5 500,00","р.5 500,00"
112,Доход,Товар,Безнал,Продажа геля,04.01.2024,1,,,,,"р.0,00","р.300,00","р.300,00"
113,Расход,Товар,Наличные,Закупка полотенец,05.01.2024,1,,,,,"р.0,00","р.1 000,00","р.1 000,00"
114,Доход,Услуга,Безнал,Стрижка и укладка,05.01.2024,1,,,,,"р.0,00","р.4 500,00","р.4 500,00"
115,Доход,Услуга,Наличные,Стрижка старшего мастера,05.01.2024,1,,,,,"р.0,00","р.5 500,00","р.5 500,00"
116,Доход,Услуга,Наличные,Стрижка и укладка,05.01.2024,1,,,,,"р.0,00","р.4 500,00","р.4 500,00"
117,Расход,Товар,Безнал,Прочие расходы,05.01.2024,1,,,,,"р.0,00","р.300,00","р.300,00"
118,Расход,Товар,Безнал,Прочие расходы,05.01.2024,1,,,,,"р.0,00","р.300,00","р.300,00"
119,Доход,Услуга,Безнал,Стрижка и укладка,05.01.2024,1,,,,,"р.0,00","р.4 500,00","р.4 500,00"
120,Доход,Услуга,Безнал,Обычная стрижка,05.01.2024,1,,,,,"р.0,00","р.3 500,00","р.3 500,00"
121,Доход,Услуга,Безнал,Стрижка и укладка,05.01.2024,1,,,,,"р.0,00","р.4 500,00","р.4 500,00"
122,Доход,Услуга,Наличные,Стрижка и укладка,05.01.2024,1,,,,,"р.0,00","р.4 500,00","р.4 500,00"
123,Доход,Товар,Наличные,Продажа шампуня,05.01.2024,1,,,,,"р.0,00","р.500,00","р.500,00"
124,Доход,Услуга,Безнал,Стрижка и укладка,05.01.2024,1,,,,,"р.0,00","р.4 500,00","р.4 500,00"
125,Расход,Товар,Наличные,Закупка резинок,05.01.2024,1,,,,,"р.0,00","р.500,00","р.500,00"
126,Доход,Товар,Безнал,Продажа геля,05.01.2024,1,,,,,"р.0,00","р.300,00","р.300,00"
127,Расход,Товар,Наличные,Закупка полотенец,05.01.2024,1,,,,,"р.0,00","р.1 000,00","р.1 000,00"
128,Доход,Товар,Безнал,Продажа шампуня,05.01.2024,1,,,,,"р.0,00","р.500,00","р.500,00"
129,Доход,Услуга,Безнал,Обычная стрижка,05.01.2024,1,,,,,"р.0,00","р.3 500,00","р.3 500,00"
130,Доход,Услуга,Безнал,Обычная стрижка,05.01.2024,1,,,,,"р.0,00","р.3 500,00","р.3 500,00"
131,Расход,Товар,Безнал,Закупка полотенец,05.01.2024,1,,,,,"р.0,00","р.1 000,00","р.1 000,00"
132,Расход,Товар,Безнал,Прочие расходы,05.01.2024,1,,,,,"р.0,00","р.300,00","р.300,00"
133,Расход,Товар,Безнал,Закупка резинок,05.01.2024,1,,,,,"р.0,00","р.500,00","р.500,00"
134,Доход,Услуга,Безнал,Обычная стрижка,05.01.2024,1,,,,,"р.0,00","р.3 500,00","р.3 500,00"
135,Доход,Услуга,Безнал,Стрижка и укладка,05.01.2024,1,,,,,"р.0,00","р.4 500,00","р.4 500,00"
136,Доход,Товар,Наличные,Продажа шампуня,05.01.2024,1,,,,,"р.0,00","р.500,00","р.500,00"
137,Доход,Услуга,Безнал,Стрижка и укладка,05.01.2024,1,,,,,"р.0,00","р.4 500,00","р.4 500,00"
138,Доход,Услуга,Безнал,Стрижка и укладка,05.01.2024,1,,,,,"р.0,00","р.4 500,00","р.4 500,00"
139,Доход,Услуга,Наличные,Стрижка старшего мастера,05.01.2024,1,,,,,"р.0,00","р.5 500,00","р.5 500,00"
140,Доход,Услуга,Наличные,Обычная стрижка,05.01.2024,1,,,,,"р.0,00","р.3 500,00","р.3 500,00"
141,Доход,Товар,Безнал,Продажа геля,06.01.2024,1,,,,,"р.0,00","р.300,00","р.300,00"
142,Доход,Товар,Безнал,Продажа шампуня и кондиционера,06.01.2024,1,42gbcz100626,6,Реклама в VK,"0,20","р.200,00","р.1 000,00","р.800,00"
143,Доход,Товар,Безнал,Продажа геля,06.01.2024,1,,,,,"р.0,00","р.300,00","р.300,00"
144,Доход,Услуга,Безнал,Стрижка старшего мастера,06.01.2024,1,,,,,"р.0,00","р.5 500,00","р.5 500,00"
145,Доход,Товар,Безнал,Продажа шампуня,06.01.2024,1,,,,,"р.0,00","р.500,00","р.500,00"
146,Расход,Товар,Безнал,Закупка полотенец,06.01.2024,1,,,,,"р.0,00","р.1 000,00","р.1 000,00"
147,Доход,Товар,Безнал,Продажа шампуня,06.01.2024,1,,,,,"р.0,00","р.500,00","р.500,00"
148,Доход,Услуга,Безнал,Обычная стрижка,06.01.2024,1,,,,,"р.0,00","р.3 500,00","р.3 500,00"
149,Расход,Товар,Безнал,Закупка полотенец,06.01.2024,1,,,,,"р.0,00","р.1 000,00","р.1 000,00"
150,Доход,Услуга,Безнал,Стрижка старшего мастера,06.01.2024,1,,,,,"р.0,00","р.5 500,00","р.5 500,00"
151,Доход,Услуга,Безнал,Обычная стрижка,06.01.2024,1,,,,,"р.0,00","р.3 500,00","р.3 500,00"
152,Доход,Услуга,Безнал,Стрижка и укладка,06.01.2024,1,,,,,"р.0,00","р.4 500,00","р.4 500,00"
153,Расход,Товар,Безнал,Закупка резинок,06.01.2024,1,,,,,"р.0,00","р.500,00","р.500,00"
154,Доход,Услуга,Наличные,Обычная стрижка,06.01.2024,1,,,,,"р.0,00","р.3 500,00","р.3 500,00"
155,Доход,Услуга,Наличные,Стрижка и укладка,06.01.2024,1,,,,,"р.0,00","р.4 500,00","р.4 500,00"
156,Доход,Услуга,Безнал,Стрижка и укладка,06.01.2024,1,,,,,"р.0,00","р.4 500,00","р.4 500,00"
157,Доход,Товар,Безнал,Продажа геля,06.01.2024,1,,,,,"р.0,00","р.300,00","р.300,00"
158,Доход,Услуга,Безнал,Стрижка и укладка,06.01.2024,1,,,,,"р.0,00","р.4 500,00","р.4 500,00"
159,Доход,Услуга,Безнал,Стрижка и укладка,06.01.2024,1,,,,,"р.0,00","р.4 500,00","р.4 500,00"
160,Доход,Услуга,Безнал,Стрижка старшего мастера,06.01.2024,1,,,,,"р.0,00","р.5 500,00","р.5 500,00"
161,Доход,Услуга,Наличные,Стрижка старшего мастера,06.01.2024,1,,,,,"р.0,00","р.5 500,00","р.5 500,00"
162,Доход,Услуга,Безнал,Стрижка старшего мастера,06.01.2024,1,,,,,"р.0,00","р.5 500,00","р.5 500,00"
163,Расход,Товар,Наличные,Прочие расходы,06.01.2024,1,,,,,"р.0,00","р.300,00","р.300,00"
164,Доход,Услуга,Безнал,Стрижка и укладка,06.01.2024,1,42gbcz1598194,3,Поисковые запросы в Яндексе,"0,05","р.225,00","р.4 500,00","р.4 275,00"
165,Доход,Услуга,Безнал,Стрижка и укладка,06.01.2024,1,,,,,"р.0,00","р.4 500,00","р.4 500,00"
166,Доход,Услуга,Безнал,Стрижка и укладка,06.01.2024,1,,,,,"р.0,00","р.4 500,00","р.4 500,00"
167,Доход,Услуга,Безнал,Обычная стрижка,06.01.2024,1,,,,,"р.0,00","р.3 500,00","р.3 500,00"
168,Доход,Услуга,Наличные,Стрижка старшего мастера,06.01.2024,1,,,,,"р.0,00","р.5 500,00","р.5 500,00"
169,Доход,Услуга,Наличные,Стрижка старшего мастера,07.01.2024,1,,,,,"р.0,00","р.5 500,00","р.5 500,00"
170,Доход,Услуга,Безнал,Обычная стрижка,07.01.2024,1,,,,,"р.0,00","р.3 500,00","р.3 500,00"
171,Доход,Услуга,Безнал,Обычная стрижка,07.01.2024,1,,,,,"р.0,00","р.3 500,00","р.3 500,00"
172,Доход,Услуга,Безнал,Обычная стрижка,07.01.2024,1,,,,,"р.0,00","р.3 500,00","р.3 500,00"
173,Доход,Услуга,Безнал,Стрижка и укладка,07.01.2024,1,,,,,"р.0,00","р.4 500,00","р.4 500,00"
174,Доход,Товар,Наличные,Продажа геля,07.01.2024,1,,,,,"р.0,00","р.300,00","р.300,00"
175,Доход,Услуга,Безнал,Обычная стрижка,07.01.2024,1,,,,,"р.0,00","р.3 500,00","р.3 500,00"
176,Доход,Товар,Безнал,Продажа шампуня и кондиционера,07.01.2024,1,,,,,"р.0,00","р.1 000,00","р.1 000,00"
177,Доход,Услуга,Безнал,Стрижка и укладка,07.01.2024,1,,,,,"р.0,00","р.4 500,00","р.4 500,00"
178,Доход,Услуга,Безнал,Стрижка старшего мастера,07.01.2024,1,,,,,"р.0,00","р.5 500,00","р.5 500,00"
179,Доход,Услуга,Безнал,Стрижка и укладка,07.01.2024,1,,,,,"р.0,00","р.4 500,00","р.4 500,00"
180,Расход,Услуга,Безнал,Зарплата,07.01.2024,1,,,,,"р.0,00","р.82 500,00","р.82 500,00"
181,Расход,Услуга,Безнал,Зарплата,07.01.2024,1,,,,,"р.0,00","р.82 500,00","р.82 500,00"
182,Расход,Услуга,Безнал,Зарплата,07.01.2024,1,,,,,"р.0,00","р.82 500,00","р.82 500,00"
183,Расход,Услуга,Безнал,Зарплата,07.01.2024,1,,,,,"р.0,00","р.82 500,00","р.82 500,00"
184,Расход,Услуга,Безнал,Зарплата,07.01.2024,1,,,,,"р.0,00","р.82 500,00","р.82 500,00"
185,Расход,Услуга,Безнал,Зарплата,07.01.2024,1,,,,,"р.0,00","р.82 500,00","р.82 500,00"
186,Расход,Услуга,Безнал,Зарплата,07.01.2024,1,,,,,"р.0,00","р.82 500,00","р.82 500,00"
187,Расход,Услуга,Безнал,Зарплата,07.01.2024,1,,,,,"р.0,00","р.82 500,00","р.82 500,00"
188,Доход,Услуга,Безнал,Обычная стрижка,07.01.2024,1,,,,,"р.0,00","р.3 500,00","р.3 500,00"
189,Доход,Товар,Безнал,Продажа шампуня,07.01.2024,1,,,,,"р.0,00","р.500,00","р.500,00"
190,Доход,Услуга,Безнал,Стрижка старшего мастера,07.01.2024,1,42gbcz1806957,1,Обещаем скидки,"0,10","р.550,00","р.5 500,00","р.4 950,00"
191,Доход,Услуга,Безнал,Стрижка и укладка,07.01.2024,1,,,,,"р.0,00","р.4 500,00","р.4 500,00"
192,Доход,Услуга,Безнал,Стрижка и укладка,07.01.2024,1,,,,,"р.0,00","р.4 500,00","р.4 500,00"
193,Доход,Товар,Безнал,Продажа шампуня,07.01.2024,1,,,,,"р.0,00","р.500,00","р.500,00"
194,Доход,Услуга,Безнал,Обычная стрижка,07.01.2024,1,,,,,"р.0,00","р.3 500,00","р.3 500,00"
195,Доход,Услуга,Безнал,Стрижка старшего мастера,07.01.2024,1,,,,,"р.0,00","р.5 500,00","р.5 500,00"
196,Доход,Услуга,Безнал,Стрижка и укладка,07.01.2024,1,,,,,"р.0,00","р.4 500,00","р.4 500,00"
197,Расход,Товар,Безнал,Закупка резинок,08.01.2024,1,,,,,"р.0,00","р.500,00","р.500,00"
198,Доход,Услуга,Безнал,Стрижка старшего мастера,08.01.2024,1,,,,,"р.0,00","р.5 500,00","р.5 500,00"
199,Доход,Услуга,Безнал,Стрижка старшего мастера,08.01.2024,1,,,,,"р.0,00","р.5 500,00","р.5 500,00"
200,Расход,Товар,Наличные,Закупка полотенец,08.01.2024,1,,,,,"р.0,00","р.1 000,00","р.1 000,00"
201,Расход,Товар,Наличные,Прочие расходы,08.01.2024,1,,,,,"р.0,00","р.300,00","р.300,00"
202,Доход,Услуга,Безнал,Стрижка и укладка,08.01.2024,1,,,,,"р.0,00","р.4 500,00","р.4 500,00"
203,Доход,Услуга,Наличные,Обычная стрижка,08.01.2024,1,42gbcz2241778,1,Обещаем скидки,"0,10","р.350,00","р.3 500,00","р.3 150,00"
204,Доход,Услуга,Безнал,Обычная стрижка,08.01.2024,1,42gbcz1855642,2,Поисковые запросы в Гугле,"0,10","р.350,00","р.3 500,00","р.3 150,00"
205,Доход,Услуга,Наличные,Стрижка и укладка,08.01.2024,1,,,,,"р.0,00","р.4 500,00","р.4 500,00"
206,Доход,Услуга,Безнал,Стрижка и укладка,08.01.2024,1,,,,,"р.0,00","р.4 500,00","р.4 500,00"
207,Доход,Услуга,Безнал,Стрижка старшего мастера,08.01.2024,1,42gbcz3653421,1,Обещаем скидки,"0,10","р.550,00","р.5 500,00","р.4 950,00"
208,Доход,Услуга,Безнал,Стрижка старшего мастера,08.01.2024,1,42gbcz1900914,3,Поисковые запросы в Яндексе,"0,05","р.275,00","р.5 500,00","р.5 225,00"
209,Доход,Товар,Безнал,Продажа геля,08.01.2024,1,,,,,"р.0,00","р.300,00","р.300,00"
210,Доход,Товар,Безнал,Продажа шампуня,08.01.2024,1,,,,,"р.0,00","р.500,00","р.500,00"
211,Доход,Услуга,Безнал,Стрижка старшего мастера,08.01.2024,1,,,,,"р.0,00","р.5 500,00","р.5 500,00"
212,Доход,Товар,Безнал,Продажа шампуня,08.01.2024,1,,,,,"р.0,00","р.500,00","р.500,00"
213,Доход,Услуга,Безнал,Обычная стрижка,08.01.2024,1,,,,,"р.0,00","р.3 500,00","р.3 500,00"
214,Доход,Услуга,Безнал,Стрижка и укладка,08.01.2024,1,,,,,"р.0,00","р.4 500,00","р.4 500,00"
215,Доход,Услуга,Безнал,Обычная стрижка,08.01.2024,1,,,,,"р.0,00","р.3 500,00","р.3 500,00"
216,Доход,Товар,Безнал,Продажа шампуня,08.01.2024,1,,,,,"р.0,00","р.500,00","р.500,00"
217,Расход,Товар,Безнал,Прочие расходы,08.01.2024,1,,,,,"р.0,00","р.300,00","р.300,00"
218,Доход,Товар,Безнал,Продажа шампуня и кондиционера,08.01.2024,1,,,,,"р.0,00","р.1 000,00","р.1 000,00"
219,Расход,Товар,Безнал,Прочие расходы,08.01.2024,1,,,,,"р.0,00","р.300,00","р.300,00"
220,Доход,Услуга,Безнал,Стрижка и укладка,08.01.2024,1,,,,,"р.0,00","р.4 500,00","р.4 500,00"
221,Доход,Услуга,Безнал,Стрижка старшего мастера,08.01.2024,1,,,,,"р.0,00","р.5 500,00","р.5 500,00"
222,Доход,Услуга,Безнал,Стрижка и укладка,08.01.2024,1,42gbcz2210653,7,Сторис в VK,"0,15","р.675,00","р.4 500,00","р.3 825,00"
223,Доход,Услуга,Безнал,Стрижка и укладка,08.01.2024,1,,,,,"р.0,00","р.4 500,00","р.4 500,00"
224,Доход,Услуга,Безнал,Обычная стрижка,08.01.2024,1,,,,,"р.0,00","р.3 500,00","р.3 500,00"
225,Доход,Услуга,Безнал,Стрижка старшего мастера,09.01.2024,1,,,,,"р.0,00","р.5 500,00","р.5 500,00"
226,Доход,Услуга,Безнал,Стрижка старшего мастера,09.01.2024,1,,,,,"р.0,00","р.5 500,00","р.5 500,00"
227,Доход,Услуга,Безнал,Стрижка и укладка,09.01.2024,1,42gbcz620728,2,Поисковые запросы в Гугле,"0,10","р.450,00","р.4 500,00","р.4 050,00"
228,Доход,Услуга,Безнал,Стрижка и укладка,09.01.2024,1,42gbcz2997451,2,Поисковые запросы в Гугле,"0,10","р.450,00","р.4 500,00","р.4 050,00"
229,Доход,Товар,Безнал,Продажа шампуня,09.01.2024,1,,,,,"р.0,00","р.500,00","р.500,00"
230,Доход,Услуга,Безнал,Обычная стрижка,09.01.2024,1,,,,,"р.0,00","р.3 500,00","р.3 500,00"
231,Доход,Услуга,Безнал,Стрижка старшего мастера,09.01.2024,1,42gbcz322269,5,Посты в VK,"0,15","р.825,00","р.5 500,00","р.4 675,00"
232,Доход,Товар,Безнал,Продажа шампуня,09.01.2024,1,,,,,"р.0,00","р.500,00","р.500,00"
233,Доход,Услуга,Безнал,Стрижка старшего мастера,09.01.2024,1,42gbcz2909384,3,Поисковые запросы в Яндексе,"0,05","р.275,00","р.5 500,00","р.5 225,00"
234,Доход,Услуга,Безнал,Обычная стрижка,09.01.2024,1,42gbcz2137010,7,Сторис в VK,"0,15","р.525,00","р.3 500,00","р.2 975,00"
235,Доход,Товар,Безнал,Продажа шампуня и кондиционера,09.01.2024,1,,,,,"р.0,00","р.1 000,00","р.1 000,00"
236,Доход,Услуга,Безнал,Обычная стрижка,09.01.2024,1,,,,,"р.0,00","р.3 500,00","р.3 500,00"
237,Расход,Товар,Безнал,Закупка полотенец,09.01.2024,1,,,,,"р.0,00","р.1 000,00","р.1 000,00"
238,Доход,Услуга,Безнал,Обычная стрижка,09.01.2024,1,,,,,"р.0,00","р.3 500,00","р.3 500,00"
239,Расход,Товар,Безнал,Закупка резинок,09.01.2024,1,,,,,"р.0,00","р.500,00","р.500,00"
240,Доход,Услуга,Безнал,Стрижка старшего мастера,09.01.2024,1,,,,,"р.0,00","р.5 500,00","р.5 500,00"
241,Доход,Услуга,Наличные,Обычная стрижка,09.01.2024,1,,,,,"р.0,00","р.3 500,00","р.3 500,00"
242,Доход,Услуга,Наличные,Стрижка старшего мастера,09.01.2024,1,,,,,"р.0,00","р.5 500,00","р.5 500,00"
243,Доход,Товар,Безнал,Продажа шампуня,09.01.2024,1,,,,,"р.0,00","р.500,00","р.500,00"
244,Доход,Услуга,Безнал,Обычная стрижка,09.01.2024,1,,,,,"р.0,00","р.3 500,00","р.3 500,00"
245,Доход,Услуга,Безнал,Обычная стрижка,09.01.2024,1,,,,,"р.0,00","р.3 500,00","р.3 500,00"
246,Доход,Товар,Безнал,Продажа геля,09.01.2024,1,42gbcz3674916,3,Поисковые запросы в Яндексе,"0,05","р.15,00","р.300,00","р.285,00"
247,Доход,Услуга,Безнал,Стрижка старшего мастера,09.01.2024,1,42gbcz1055518,4,Посты в Telegram,"0,50","р.2 750,00","р.5 500,00","р.2 750,00"
248,Доход,Услуга,Безнал,Обычная стрижка,09.01.2024,1,,,,,"р.0,00","р.3 500,00","р.3 500,00"
249,Расход,Товар,Безнал,Прочие расходы,09.01.2024,1,,,,,"р.0,00","р.300,00","р.300,00"
250,Доход,Услуга,Безнал,Обычная стрижка,09.01.2024,1,,,,,"р.0,00","р.3 500,00","р.3 500,00"
251,Доход,Товар,Безнал,Продажа шампуня и кондиционера,09.01.2024,1,,,,,"р.0,00","р.1 000,00","р.1 000,00"
252,Расход,Товар,Безнал,Закупка резинок,09.01.2024,1,,,,,"р.0,00","р.500,00","р.500,00"
253,Доход,Услуга,Безнал,Стрижка и укладка,10.01.2024,1,42gbcz2972594,7,Сторис в VK,"0,15","р.675,00","р.4 500,00","р.3 825,00"
254,Расход,Товар,Наличные,Прочие расходы,10.01.2024,1,,,,,"р.0,00","р.300,00","р.300,00"
255,Доход,Услуга,Безнал,Стрижка и укладка,10.01.2024,1,,,,,"р.0,00","р.4 500,00","р.4 500,00"
256,Доход,Товар,Безнал,Продажа шампуня и кондиционера,10.01.2024,1,,,,,"р.0,00","р.1 000,00","р.1 000,00"
257,Доход,Услуга,Безнал,Стрижка и укладка,10.01.2024,1,,,,,"р.0,00","р.4 500,00","р.4 500,00"
258,Доход,Услуга,Безнал,Стрижка старшего мастера,10.01.2024,1,,,,,"р.0,00","р.5 500,00","р.5 500,00"
259,Доход,Услуга,Безнал,Обычная стрижка,10.01.2024,1,42gbcz2656723,7,Сторис в VK,"0,15","р.525,00","р.3 500,00","р.2 975,00"
260,Доход,Товар,Безнал,Продажа шампуня,10.01.2024,1,,,,,"р.0,00","р.500,00","р.500,00"
261,Расход,Товар,Безнал,Закупка полотенец,10.01.2024,1,,,,,"р.0,00","р.1 000,00","р.1 000,00"
262,Доход,Товар,Безнал,Продажа шампуня,10.01.2024,1,,,,,"р.0,00","р.500,00","р.500,00"
263,Доход,Услуга,Безнал,Обычная стрижка,10.01.2024,1,,,,,"р.0,00","р.3 500,00","р.3 500,00"
264,Доход,Услуга,Безнал,Обычная стрижка,10.01.2024,1,42gbcz252360,2,Поисковые запросы в Гугле,"0,10","р.350,00","р.3 500,00","р.3 150,00"
265,Доход,Услуга,Безнал,Стрижка и укладка,10.01.2024,1,42gbcz3638299,4,Посты в Telegram,"0,50","р.2 250,00","р.4 500,00","р.2 250,00"
266,Расход,Товар,Безнал,Закупка полотенец,10.01.2024,1,,,,,"р.0,00","р.1 000,00","р.1 000,00"
267,Доход,Услуга,Безнал,Стрижка и укладка,10.01.2024,1,,,,,"р.0,00","р.4 500,00","р.4 500,00"
268,Доход,Услуга,Безнал,Стрижка старшего мастера,10.01.2024,1,,,,,"р.0,00","р.5 500,00","р.5 500,00"
269,Доход,Услуга,Безнал,Обычная стрижка,10.01.2024,1,42gbcz749732,6,Реклама в VK,"0,20","р.700,00","р.3 500,00","р.2 800,00"
270,Доход,Услуга,Безнал,Стрижка старшего мастера,10.01.2024,1,,,,,"р.0,00","р.5 500,00","р.5 500,00"
271,Доход,Товар,Безнал,Продажа шампуня,10.01.2024,1,,,,,"р.0,00","р.500,00","р.500,00"
272,Доход,Товар,Безнал,Продажа шампуня и кондиционера,10.01.2024,1,,,,,"р.0,00","р.1 000,00","р.1 000,00"
273,Доход,Услуга,Безнал,Стрижка старшего мастера,10.01.2024,1,,,,,"р.0,00","р.5 500,00","р.5 500,00"
274,Доход,Услуга,Безнал,Стрижка старшего мастера,10.01.2024,1,,,,,"р.0,00","р.5 500,00","р.5 500,00"
275,Доход,Товар,Безнал,Продажа шампуня,10.01.2024,1,,,,,"р.0,00","р.500,00","р.500,00"
276,Доход,Услуга,Безнал,Стрижка и укладка,10.01.2024,1,42gbcz1983291,5,Посты в VK,"0,15","р.675,00","р.4 500,00","р.3 825,00"
277,Доход,Товар,Безнал,Продажа шампуня,10.01.2024,1,,,,,"р.0,00","р.500,00","р.500,00"
278,Доход,Услуга,Безнал,Стрижка старшего мастера,10.01.2024,1,,,,,"р.0,00","р.5 500,00","р.5 500,00"
279,Доход,Услуга,Безнал,Стрижка старшего мастера,10.01.2024,1,,,,,"р.0,00","р.5 500,00","р.5 500,00"
280,Доход,Товар,Наличные,Продажа шампуня и кондиционера,10.01.2024,1,,,,,"р.0,00","р.1 000,00","р.1 000,00"
281,Доход,Услуга,Безнал,Стрижка и укладка,11.01.2024,1,,,,,"р.0,00","р.4 500,00","р.4 500,00"
282,Доход,Услуга,Безнал,Стрижка старшего мастера,11.01.2024,1,,,,,"р.0,00","р.5 500,00","р.5 500,00"
283,Доход,Услуга,Безнал,Обычная стрижка,11.01.2024,1,,,,,"р.0,00","р.3 500,00","р.3 500,00"
284,Доход,Товар,Наличные,Продажа шампуня и кондиционера,11.01.2024,1,,,,,"р.0,00","р.1 000,00","р.1 000,00"
285,Доход,Услуга,Безнал,Стрижка и укладка,11.01.2024,1,,,,,"р.0,00","р.4 500,00","р.4 500,00"
286,Доход,Услуга,Безнал,Обычная стрижка,11.01.2024,1,,,,,"р.0,00","р.3 500,00","р.3 500,00"
287,Доход,Услуга,Безнал,Стрижка старшего мастера,11.01.2024,1,,,,,"р.0,00","р.5 500,00","р.5 500,00"
288,Доход,Услуга,Безнал,Обычная стрижка,11.01.2024,1,42gbcz2190807,4,Посты в Telegram,"0,50","р.1 750,00","р.3 500,00","р.1 750,00"
289,Доход,Товар,Безнал,Продажа шампуня,11.01.2024,1,,,,,"р.0,00","р.500,00","р.500,00"
290,Доход,Услуга,Безнал,Обычная стрижка,11.01.2024,1,42gbcz1063849,2,Поисковые запросы в Гугле,"0,10","р.350,00","р.3 500,00","р.3 150,00"
291,Доход,Услуга,Безнал,Обычная стрижка,11.01.2024,1,42gbcz139161,5,Посты в VK,"0,15","р.525,00","р.3 500,00","р.2 975,00"
292,Расход,Товар,Безнал,Прочие расходы,11.01.2024,1,,,,,"р.0,00","р.300,00","р.300,00"
293,Доход,Товар,Безнал,Продажа шампуня,11.01.2024,1,,,,,"р.0,00","р.500,00","р.500,00"
294,Доход,Товар,Безнал,Продажа шампуня и кондиционера,11.01.2024,1,,,,,"р.0,00","р.1 000,00","р.1 000,00"
295,Доход,Услуга,Безнал,Обычная стрижка,11.01.2024,1,,,,,"р.0,00","р.3 500,00","р.3 500,00"
296,Расход,Товар,Безнал,Закупка резинок,11.01.2024,1,,,,,"р.0,00","р.500,00","р.500,00"
297,Доход,Товар,Безнал,Продажа шампуня,11.01.2024,1,,,,,"р.0,00","р.500,00","р.500,00"
298,Доход,Товар,Наличные,Продажа геля,11.01.2024,1,,,,,"р.0,00","р.300,00","р.300,00"
299,Расход,Товар,Безнал,Закупка резинок,11.01.2024,1,,,,,"р.0,00","р.500,00","р.500,00"
300,Доход,Услуга,Безнал,Стрижка и укладка,11.01.2024,1,,,,,"р.0,00","р.4 500,00","р.4 500,00"
301,Доход,Услуга,Безнал,Стрижка и укладка,11.01.2024,1,,,,,"р.0,00","р.4 500,00","р.4 500,00"
302,Доход,Товар,Безнал,Продажа шампуня,11.01.2024,1,,,,,"р.0,00","р.500,00","р.500,00"
303,Доход,Услуга,Наличные,Стрижка старшего мастера,11.01.2024,1,,,,,"р.0,00","р.5 500,00","р.5 500,00"
304,Доход,Услуга,Безнал,Стрижка и укладка,11.01.2024,1,,,,,"р.0,00","р.4 500,00","р.4 500,00"
305,Расход,Товар,Безнал,Закупка резинок,11.01.2024,1,,,,,"р.0,00","р.500,00","р.500,00"
306,Доход,Товар,Наличные,Продажа геля,11.01.2024,1,,,,,"р.0,00","р.300,00","р.300,00"
307,Доход,Услуга,Безнал,Стрижка старшего мастера,11.01.2024,1,42gbcz1531983,7,Сторис в VK,"0,15","р.825,00","р.5 500,00","р.4 675,00"
308,Расход,Товар,Безнал,Закупка резинок,11.01.2024,1,,,,,"р.0,00","р.500,00","р.500,00"
309,Расход,Товар,Безнал,Закупка полотенец,12.01.2024,1,,,,,"р.0,00","р.1 000,00","р.1 000,00"
310,Доход,Услуга,Безнал,Стрижка старшего мастера,12.01.2024,1,,,,,"р.0,00","р.5 500,00","р.5 500,00"
311,Доход,Услуга,Наличные,Стрижка старшего мастера,12.01.2024,1,,,,,"р.0,00","р.5 500,00","р.5 500,00"
312,Доход,Услуга,Безнал,Стрижка и укладка,12.01.2024,1,,,,,"р.0,00","р.4 500,00","р.4 500,00"
313,Доход,Услуга,Безнал,Стрижка старшего мастера,12.01.2024,1,,,,,"р.0,00","р.5 500,00","р.5 500,00"
314,Доход,Услуга,Безнал,Стрижка и укладка,12.01.2024,1,,,,,"р.0,00","р.4 500,00","р.4 500,00"
315,Доход,Услуга,Безнал,Стрижка и укладка,12.01.2024,1,,,,,"р.0,00","р.4 500,00","р.4 500,00"
316,Доход,Услуга,Безнал,Стрижка старшего мастера,12.01.2024,1,,,,,"р.0,00","р.5 500,00","р.5 500,00"
317,Доход,Услуга,Безнал,Стрижка старшего мастера,12.01.2024,1,,,,,"р.0,00","р.5 500,00","р.5 500,00"
318,Доход,Услуга,Безнал,Обычная стрижка,12.01.2024,1,,,,,"р.0,00","р.3 500,00","р.3 500,00"
319,Доход,Услуга,Наличные,Стрижка старшего мастера,12.01.2024,1,,,,,"р.0,00","р.5 500,00","р.5 500,00"
320,Доход,Услуга,Безнал,Стрижка и укладка,12.01.2024,1,42gbcz1899417,6,Реклама в VK,"0,20","р.900,00","р.4 500,00","р.3 600,00"
321,Доход,Услуга,Безнал,Стрижка старшего мастера,12.01.2024,1,,,,,"р.0,00","р.5 500,00","р.5 500,00"
322,Расход,Услуга,Безнал,Рекламный бюджет,12.01.2024,1,,,,,"р.0,00","р.50 000,00","р.50 000,00"
323,Доход,Услуга,Безнал,Стрижка и укладка,12.01.2024,1,,,,,"р.0,00","р.4 500,00","р.4 500,00"
324,Доход,Услуга,Безнал,Обычная стрижка,12.01.2024,1,,,,,"р.0,00","р.3 500,00","р.3 500,00"
325,Доход,Услуга,Наличные,Стрижка старшего мастера,12.01.2024,1,42gbcz2052640,6,Реклама в VK,"0,20","р.1 100,00","р.5 500,00","р.4 400,00"
326,Доход,Услуга,Безнал,Обычная стрижка,12.01.2024,1,,,,,"р.0,00","р.3 500,00","р.3 500,00"
327,Доход,Услуга,Безнал,Обычная стрижка,12.01.2024,1,,,,,"р.0,00","р.3 500,00","р.3 500,00"
328,Доход,Услуга,Безнал,Стрижка старшего мастера,12.01.2024,1,,,,,"р.0,00","р.5 500,00","р.5 500,00"
329,Доход,Услуга,Безнал,Стрижка и укладка,12.01.2024,1,,,,,"р.0,00","р.4 500,00","р.4 500,00"
330,Доход,Услуга,Безнал,Стрижка старшего мастера,12.01.2024,1,,,,,"р.0,00","р.5 500,00","р.5 500,00"
331,Доход,Услуга,Наличные,Стрижка и укладка,12.01.2024,1,,,,,"р.0,00","р.4 500,00","р.4 500,00"
332,Доход,Услуга,Наличные,Стрижка и укладка,12.01.2024,1,,,,,"р.0,00","р.4 500,00","р.4 500,00"
333,Доход,Услуга,Безнал,Обычная стрижка,12.01.2024,1,,,,,"р.0,00","р.3 500,00","р.3 500,00"
334,Доход,Услуга,Безнал,Стрижка старшего мастера,12.01.2024,1,,,,,"р.0,00","р.5 500,00","р.5 500,00"
335,Доход,Услуга,Наличные,Обычная стрижка,12.01.2024,1,,,,,"р.0,00","р.3 500,00","р.3 500,00"
336,Расход,Товар,Безнал,Закупка полотенец,12.01.2024,1,,,,,"р.0,00","р.1 000,00","р.1 000,00"
337,Расход,Товар,Безнал,Закупка полотенец,13.01.2024,1,,,,,"р.0,00","р.1 000,00","р.1 000,00"
338,Доход,Услуга,Безнал,Обычная стрижка,13.01.2024,1,,,,,"р.0,00","р.3 500,00","р.3 500,00"
339,Доход,Услуга,Наличные,Стрижка старшего мастера,13.01.2024,1,42gbcz3594236,1,Обещаем скидки,"0,10","р.550,00","р.5 500,00","р.4 950,00"
340,Доход,Услуга,Безнал,Обычная стрижка,13.01.2024,1,42gbcz2600902,6,Реклама в VK,"0,20","р.700,00","р.3 500,00","р.2 800,00"
341,Доход,Услуга,Безнал,Стрижка старшего мастера,13.01.2024,1,,,,,"р.0,00","р.5 500,00","р.5 500,00"
342,Доход,Товар,Безнал,Продажа шампуня и кондиционера,13.01.2024,1,,,,,"р.0,00","р.1 000,00","р.1 000,00"
343,Доход,Услуга,Наличные,Обычная стрижка,13.01.2024,1,,,,,"р.0,00","р.3 500,00","р.3 500,00"
344,Доход,Услуга,Безнал,Обычная стрижка,13.01.2024,1,,,,,"р.0,00","р.3 500,00","р.3 500,00"
345,Доход,Услуга,Безнал,Обычная стрижка,13.01.2024,1,,,,,"р.0,00","р.3 500,00","р.3 500,00"
346,Доход,Услуга,Безнал,Стрижка старшего мастера,13.01.2024,1,,,,,"р.0,00","р.5 500,00","р.5 500,00"
347,Доход,Услуга,Безнал,Обычная стрижка,13.01.2024,1,,,,,"р.0,00","р.3 500,00","р.3 500,00"
348,Доход,Услуга,Безнал,Обычная стрижка,13.01.2024,1,,,,,"р.0,00","р.3 500,00","р.3 500,00"
349,Расход,Товар,Безнал,Закупка полотенец,13.01.2024,1,,,,,"р.0,00","р.1 000,00","р.1 000,00"
350,Доход,Услуга,Безнал,Стрижка старшего мастера,13.01.2024,1,,,,,"р.0,00","р.5 500,00","р.5 500,00"
351,Доход,Услуга,Безнал,Стрижка и укладка,13.01.2024,1,42gbcz2371026,7,Сторис в VK,"0,15","р.675,00","р.4 500,00","р.3 825,00"
352,Доход,Услуга,Безнал,Стрижка и укладка,13.01.2024,1,,,,,"р.0,00","р.4 500,00","р.4 500,00"
353,Доход,Услуга,Безнал,Стрижка и укладка,13.01.2024,1,42gbcz648174,3,Поисковые запросы в Яндексе,"0,05","р.225,00","р.4 500,00","р.4 275,00"
354,Доход,Услуга,Безнал,Стрижка и укладка,13.01.2024,1,,,,,"р.0,00","р.4 500,00","р.4 500,00"
355,Расход,Товар,Безнал,Закупка полотенец,13.01.2024,1,,,,,"р.0,00","р.1 000,00","р.1 000,00"
356,Доход,Услуга,Безнал,Стрижка и укладка,13.01.2024,1,42gbcz1824018,2,Поисковые запросы в Гугле,"0,10","р.450,00","р.4 500,00","р.4 050,00"
357,Доход,Товар,Безнал,Продажа шампуня,13.01.2024,1,,,,,"р.0,00","р.500,00","р.500,00"
358,Доход,Услуга,Наличные,Стрижка и укладка,13.01.2024,1,,,,,"р.0,00","р.4 500,00","р.4 500,00"
359,Доход,Услуга,Безнал,Стрижка старшего мастера,13.01.2024,1,,,,,"р.0,00","р.5 500,00","р.5 500,00"
360,Доход,Товар,Безнал,Продажа шампуня и кондиционера,13.01.2024,1,,,,,"р.0,00","р.1 000,00","р.1 000,00"
361,Доход,Услуга,Безнал,Обычная стрижка,13.01.2024,1,,,,,"р.0,00","р.3 500,00","р.3 500,00"
362,Доход,Услуга,Безнал,Стрижка и укладка,13.01.2024,1,,,,,"р.0,00","р.4 500,00","р.4 500,00"
363,Доход,Услуга,Безнал,Обычная стрижка,13.01.2024,1,42gbcz2275761,6,Реклама в VK,"0,20","р.700,00","р.3 500,00","р.2 800,00"
364,Доход,Услуга,Безнал,Обычная стрижка,13.01.2024,1,,,,,"р.0,00","р.3 500,00","р.3 500,00"
365,Доход,Товар,Наличные,Продажа шампуня,14.01.2024,1,,,,,"р.0,00","р.500,00","р.500,00"
366,Расход,Товар,Безнал,Закупка полотенец,14.01.2024,1,,,,,"р.0,00","р.1 000,00","р.1 000,00"
367,Доход,Услуга,Безнал,Обычная стрижка,14.01.2024,1,,,,,"р.0,00","р.3 500,00","р.3 500,00"
368,Доход,Услуга,Безнал,Стрижка старшего мастера,14.01.2024,1,,,,,"р.0,00","р.5 500,00","р.5 500,00"
369,Доход,Услуга,Безнал,Обычная стрижка,14.01.2024,1,,,,,"р.0,00","р.3 500,00","р.3 500,00"
370,Доход,Товар,Наличные,Продажа шампуня и кондиционера,14.01.2024,1,,,,,"р.0,00","р.1 000,00","р.1 000,00"
371,Доход,Услуга,Наличные,Обычная стрижка,14.01.2024,1,,,,,"р.0,00","р.3 500,00","р.3 500,00"
372,Доход,Услуга,Безнал,Обычная стрижка,14.01.2024,1,,,,,"р.0,00","р.3 500,00","р.3 500,00"
373,Доход,Услуга,Безнал,Обычная стрижка,14.01.2024,1,,,,,"р.0,00","р.3 500,00","р.3 500,00"
374,Доход,Услуга,Безнал,Стрижка старшего мастера,14.01.2024,1,,,,,"р.0,00","р.5 500,00","р.5 500,00"
375,Доход,Товар,Безнал,Продажа геля,14.01.2024,1,,,,,"р.0,00","р.300,00","р.300,00"
376,Доход,Услуга,Безнал,Стрижка и укладка,14.01.2024,1,,,,,"р.0,00","р.4 500,00","р.4 500,00"
377,Доход,Услуга,Безнал,Стрижка и укладка,14.01.2024,1,,,,,"р.0,00","р.4 500,00","р.4 500,00"
378,Доход,Услуга,Наличные,Обычная стрижка,14.01.2024,1,,,,,"р.0,00","р.3 500,00","р.3 500,00"
379,Расход,Товар,Безнал,Прочие расходы,14.01.2024,1,,,,,"р.0,00","р.300,00","р.300,00"
380,Доход,Услуга,Безнал,Обычная стрижка,14.01.2024,1,,,,,"р.0,00","р.3 500,00","р.3 500,00"
381,Доход,Услуга,Наличные,Стрижка и укладка,14.01.2024,1,,,,,"р.0,00","р.4 500,00","р.4 500,00"
382,Расход,Товар,Безнал,Закупка резинок,14.01.2024,1,,,,,"р.0,00","р.500,00","р.500,00"
383,Доход,Услуга,Безнал,Стрижка и укладка,14.01.2024,1,,,,,"р.0,00","р.4 500,00","р.4 500,00"
384,Доход,Услуга,Безнал,Стрижка и укладка,14.01.2024,1,,,,,"р.0,00","р.4 500,00","р.4 500,00"
385,Доход,Товар,Безнал,Продажа шампуня,14.01.2024,1,,,,,"р.0,00","р.500,00","р.500,00"
386,Доход,Услуга,Безнал,Обычная стрижка,14.01.2024,1,,,,,"р.0,00","р.3 500,00","р.3 500,00"
387,Доход,Услуга,Безнал,Обычная стрижка,14.01.2024,1,,,,,"р.0,00","р.3 500,00","р.3 500,00"
388,Доход,Товар,Безнал,Продажа шампуня,14.01.2024,1,,,,,"р.0,00","р.500,00","р.500,00"
389,Доход,Услуга,Наличные,Стрижка и укладка,14.01.2024,1,,,,,"р.0,00","р.4 500,00","р.4 500,00"
390,Расход,Товар,Безнал,Закупка полотенец,14.01.2024,1,,,,,"р.0,00","р.1 000,00","р.1 000,00"
391,Доход,Услуга,Безнал,Стрижка и укладка,14.01.2024,1,,,,,"р.0,00","р.4 500,00","р.4 500,00"
392,Доход,Услуга,Безнал,Обычная стрижка,14.01.2024,1,,,,,"р.0,00","р.3 500,00","р.3 500,00"
393,Расход,Товар,Безнал,Прочие расходы,15.01.2024,1,,,,,"р.0,00","р.300,00","р.300,00"
394,Доход,Услуга,Безнал,Стрижка и укладка,15.01.2024,1,,,,,"р.0,00","р.4 500,00","р.4 500,00"
395,Доход,Услуга,Безнал,Стрижка старшего мастера,15.01.2024,1,,,,,"р.0,00","р.5 500,00","р.5 500,00"
396,Доход,Услуга,Безнал,Стрижка старшего мастера,15.01.2024,1,,,,,"р.0,00","р.5 500,00","р.5 500,00"
397,Доход,Услуга,Наличные,Стрижка старшего мастера,15.01.2024,1,,,,,"р.0,00","р.5 500,00","р.5 500,00"
398,Расход,Товар,Безнал,Закупка полотенец,15.01.2024,1,,,,,"р.0,00","р.1 000,00","р.1 000,00"
399,Доход,Услуга,Безнал,Стрижка старшего мастера,15.01.2024,1,,,,,"р.0,00","р.5 500,00","р.5 500,00"
400,Доход,Услуга,Безнал,Стрижка и укладка,15.01.2024,1,,,,,"р.0,00","р.4 500,00","р.4 500,00"
401,Доход,Услуга,Наличные,Стрижка и укладка,15.01.2024,1,,,,,"р.0,00","р.4 500,00","р.4 500,00"
402,Доход,Товар,Безнал,Продажа шампуня и кондиционера,15.01.2024,1,,,,,"р.0,00","р.1 000,00","р.1 000,00"
403,Доход,Товар,Безнал,Продажа шампуня,15.01.2024,1,,,,,"р.0,00","р.500,00","р.500,00"
404,Доход,Услуга,Безнал,Стрижка старшего мастера,15.01.2024,1,,,,,"р.0,00","р.5 500,00","р.5 500,00"
405,Доход,Товар,Безнал,Продажа геля,15.01.2024,1,,,,,"р.0,00","р.300,00","р.300,00"
406,Доход,Товар,Безнал,Продажа шампуня и кондиционера,15.01.2024,1,,,,,"р.0,00","р.1 000,00","р.1 000,00"
407,Доход,Услуга,Безнал,Обычная стрижка,15.01.2024,1,,,,,"р.0,00","р.3 500,00","р.3 500,00"
408,Доход,Товар,Безнал,Продажа шампуня и кондиционера,15.01.2024,1,,,,,"р.0,00","р.1 000,00","р.1 000,00"
409,Доход,Услуга,Безнал,Стрижка старшего мастера,15.01.2024,1,,,,,"р.0,00","р.5 500,00","р.5 500,00"
410,Доход,Услуга,Безнал,Стрижка и укладка,15.01.2024,1,42gbcz1886457,4,Посты в Telegram,"0,50","р.2 250,00","р.4 500,00","р.2 250,00"
411,Доход,Услуга,Наличные,Обычная стрижка,15.01.2024,1,,,,,"р.0,00","р.3 500,00","р.3 500,00"
412,Доход,Услуга,Безнал,Обычная стрижка,15.01.2024,1,,,,,"р.0,00","р.3 500,00","р.3 500,00"
413,Доход,Услуга,Наличные,Стрижка и укладка,15.01.2024,1,,,,,"р.0,00","р.4 500,00","р.4 500,00"
414,Доход,Услуга,Наличные,Стрижка старшего мастера,15.01.2024,1,,,,,"р.0,00","р.5 500,00","р.5 500,00"
415,Расход,Товар,Безнал,Закупка резинок,15.01.2024,1,,,,,"р.0,00","р.500,00","р.500,00"
416,Доход,Услуга,Безнал,Обычная стрижка,15.01.2024,1,,,,,"р.0,00","р.3 500,00","р.3 500,00"
417,Доход,Услуга,Безнал,Стрижка и укладка,15.01.2024,1,,,,,"р.0,00","р.4 500,00","р.4 500,00"
418,Доход,Услуга,Безнал,Стрижка и укладка,15.01.2024,1,,,,,"р.0,00","р.4 500,00","р.4 500,00"
419,Расход,Товар,Безнал,Закупка полотенец,15.01.2024,1,,,,,"р.0,00","р.1 000,00","р.1 000,00"
420,Доход,Услуга,Безнал,Стрижка старшего мастера,15.01.2024,1,42gbcz2671723,3,Поисковые запросы в Яндексе,"0,05","р.275,00","р.5 500,00","р.5 225,00"
421,Доход,Услуга,Безнал,Стрижка старшего мастера,16.01.2024,1,,,,,"р.0,00","р.5 500,00","р.5 500,00"
422,Доход,Услуга,Безнал,Обычная стрижка,16.01.2024,1,42gbcz1938051,5,Посты в VK,"0,15","р.525,00","р.3 500,00","р.2 975,00"
423,Доход,Услуга,Безнал,Обычная стрижка,16.01.2024,1,,,,,"р.0,00","р.3 500,00","р.3 500,00"
424,Доход,Товар,Безнал,Продажа шампуня,16.01.2024,1,,,,,"р.0,00","р.500,00","р.500,00"
425,Доход,Услуга,Наличные,Стрижка старшего мастера,16.01.2024,1,42gbcz3189003,5,Посты в VK,"0,15","р.825,00","р.5 500,00","р.4 675,00"
426,Доход,Услуга,Безнал,Стрижка старшего мастера,16.01.2024,1,42gbcz448440,5,Посты в VK,"0,15","р.825,00","р.5 500,00","р.4 675,00"
427,Доход,Услуга,Безнал,Обычная стрижка,16.01.2024,1,,,,,"р.0,00","р.3 500,00","р.3 500,00"
428,Доход,Услуга,Безнал,Стрижка старшего мастера,16.01.2024,1,,,,,"р.0,00","р.5 500,00","р.5 500,00"
429,Доход,Товар,Безнал,Продажа шампуня,16.01.2024,1,,,,,"р.0,00","р.500,00","р.500,00"
430,Доход,Услуга,Безнал,Стрижка и укладка,16.01.2024,1,,,,,"р.0,00","р.4 500,00","р.4 500,00"
431,Доход,Услуга,Безнал,Стрижка старшего мастера,16.01.2024,1,42gbcz1279299,1,Обещаем скидки,"0,10","р.550,00","р.5 500,00","р.4 950,00"
432,Доход,Услуга,Безнал,Обычная стрижка,16.01.2024,1,,,,,"р.0,00","р.3 500,00","р.3 500,00"
433,Доход,Услуга,Наличные,Обычная стрижка,16.01.2024,1,,,,,"р.0,00","р.3 500,00","р.3 500,00"
434,Доход,Услуга,Безнал,Стрижка и укладка,16.01.2024,1,,,,,"р.0,00","р.4 500,00","р.4 500,00"
435,Доход,Услуга,Безнал,Обычная стрижка,16.01.2024,1,,,,,"р.0,00","р.3 500,00","р.3 500,00"
436,Доход,Услуга,Безнал,Обычная стрижка,16.01.2024,1,,,,,"р.0,00","р.3 500,00","р.3 500,00"
437,Расход,Товар,Безнал,Прочие расходы,16.01.2024,1,,,,,"р.0,00","р.300,00","р.300,00"
438,Доход,Услуга,Безнал,Обычная стрижка,16.01.2024,1,,,,,"р.0,00","р.3 500,00","р.3 500,00"
439,Доход,Услуга,Безнал,Обычная стрижка,16.01.2024,1,42gbcz2933929,3,Поисковые запросы в Яндексе,"0,05","р.175,00","р.3 500,00","р.3 325,00"
440,Доход,Услуга,Безнал,Обычная стрижка,16.01.2024,1,,,,,"р.0,00","р.3 500,00","р.3 500,00"
441,Доход,Товар,Безнал,Продажа геля,16.01.2024,1,,,,,"р.0,00","р.300,00","р.300,00"
442,Доход,Услуга,Безнал,Стрижка старшего мастера,16.01.2024,1,,,,,"р.0,00","р.5 500,00","р.5 500,00"
443,Доход,Услуга,Безнал,Стрижка старшего мастера,16.01.2024,1,,,,,"р.0,00","р.5 500,00","р.5 500,00"
444,Расход,Товар,Безнал,Закупка полотенец,16.01.2024,1,,,,,"р.0,00","р.1 000,00","р.1 000,00"
445,Доход,Услуга,Безнал,Обычная стрижка,16.01.2024,1,,,,,"р.0,00","р.3 500,00","р.3 500,00"
446,Доход,Товар,Безнал,Продажа геля,16.01.2024,1,,,,,"р.0,00","р.300,00","р.300,00"
447,Расход,Товар,Безнал,Закупка полотенец,16.01.2024,1,,,,,"р.0,00","р.1 000,00","р.1 000,00"
448,Доход,Услуга,Безнал,Стрижка и укладка,16.01.2024,1,42gbcz1270766,2,Поисковые запросы в Гугле,"0,10","р.450,00","р.4 500,00","р.4 050,00"
449,Доход,Услуга,Безнал,Стрижка и укладка,17.01.2024,1,42gbcz3099569,4,Посты в Telegram,"0,50","р.2 250,00","р.4 500,00","р.2 250,00"
450,Доход,Услуга,Безнал,Стрижка и укладка,17.01.2024,1,,,,,"р.0,00","р.4 500,00","р.4 500,00"
451,Доход,Услуга,Безнал,Стрижка старшего мастера,17.01.2024,1,,,,,"р.0,00","р.5 500,00","р.5 500,00"
452,Доход,Услуга,Безнал,Стрижка старшего мастера,17.01.2024,1,42gbcz432984,2,Поисковые запросы в Гугле,"0,10","р.550,00","р.5 500,00","р.4 950,00"
453,Доход,Услуга,Безнал,Обычная стрижка,17.01.2024,1,,,,,"р.0,00","р.3 500,00","р.3 500,00"
454,Доход,Услуга,Безнал,Стрижка старшего мастера,17.01.2024,1,,,,,"р.0,00","р.5 500,00","р.5 500,00"
455,Расход,Товар,Безнал,Закупка резинок,17.01.2024,1,,,,,"р.0,00","р.500,00","р.500,00"
456,Доход,Товар,Безнал,Продажа шампуня и кондиционера,17.01.2024,1,,,,,"р.0,00","р.1 000,00","р.1 000,00"
457,Доход,Товар,Безнал,Продажа шампуня и кондиционера,17.01.2024,1,,,,,"р.0,00","р.1 000,00","р.1 000,00"
458,Доход,Услуга,Безнал,Обычная стрижка,17.01.2024,1,,,,,"р.0,00","р.3 500,00","р.3 500,00"
459,Доход,Товар,Наличные,Продажа шампуня,17.01.2024,1,,,,,"р.0,00","р.500,00","р.500,00"
460,Доход,Услуга,Безнал,Обычная стрижка,17.01.2024,1,,,,,"р.0,00","р.3 500,00","р.3 500,00"
461,Доход,Услуга,Безнал,Обычная стрижка,17.01.2024,1,,,,,"р.0,00","р.3 500,00","р.3 500,00"
462,Расход,Товар,Безнал,Закупка резинок,17.01.2024,1,,,,,"р.0,00","р.500,00","р.500,00"
463,Доход,Услуга,Безнал,Обычная стрижка,17.01.2024,1,,,,,"р.0,00","р.3 500,00","р.3 500,00"
464,Расход,Товар,Безнал,Прочие расходы,17.01.2024,1,,,,,"р.0,00","р.300,00","р.300,00"
465,Доход,Товар,Безнал,Продажа шампуня,17.01.2024,1,,,,,"р.0,00","р.500,00","р.500,00"
466,Доход,Услуга,Безнал,Стрижка старшего мастера,17.01.2024,1,,,,,"р.0,00","р.5 500,00","р.5 500,00"
467,Расход,Услуга,Безнал,Рекламный бюджет,17.01.2024,1,,,,,"р.0,00","р.50 000,00","р.50 000,00"
468,Доход,Услуга,Безнал,Обычная стрижка,17.01.2024,1,,,,,"р.0,00","р.3 500,00","р.3 500,00"
469,Доход,Услуга,Безнал,Стрижка и укладка,17.01.2024,1,,,,,"р.0,00","р.4 500,00","р.4 500,00"
470,Доход,Услуга,Безнал,Обычная стрижка,17.01.2024,1,,,,,"р.0,00","р.3 500,00","р.3 500,00"
471,Доход,Товар,Безнал,Продажа геля,17.01.2024,1,,,,,"р.0,00","р.300,00","р.300,00"
472,Доход,Услуга,Безнал,Стрижка старшего мастера,17.01.2024,1,,,,,"р.0,00","р.5 500,00","р.5 500,00"
473,Доход,Товар,Наличные,Продажа шампуня,17.01.2024,1,,,,,"р.0,00","р.500,00","р.500,00"
474,Доход,Услуга,Безнал,Обычная стрижка,17.01.2024,1,,,,,"р.0,00","р.3 500,00","р.3 500,00"
475,Расход,Товар,Наличные,Прочие расходы,17.01.2024,1,,,,,"р.0,00","р.300,00","р.300,00"
476,Расход,Товар,Безнал,Прочие расходы,17.01.2024,1,,,,,"р.0,00","р.300,00","р.300,00"
477,Доход,Услуга,Наличные,Стрижка старшего мастера,18.01.2024,1,,,,,"р.0,00","р.5 500,00","р.5 500,00"
478,Расход,Товар,Безнал,Закупка резинок,18.01.2024,1,,,,,"р.0,00","р.500,00","р.500,00"
479,Расход,Товар,Безнал,Закупка полотенец,18.01.2024,1,,,,,"р.0,00","р.1 000,00","р.1 000,00"
480,Доход,Услуга,Безнал,Обычная стрижка,18.01.2024,1,,,,,"р.0,00","р.3 500,00","р.3 500,00"
481,Доход,Услуга,Безнал,Стрижка и укладка,18.01.2024,1,,,,,"р.0,00","р.4 500,00","р.4 500,00"
482,Доход,Товар,Наличные,Продажа шампуня,18.01.2024,1,,,,,"р.0,00","р.500,00","р.500,00"
483,Доход,Услуга,Наличные,Стрижка старшего мастера,18.01.2024,1,,,,,"р.0,00","р.5 500,00","р.5 500,00"
484,Доход,Услуга,Безнал,Обычная стрижка,18.01.2024,1,,,,,"р.0,00","р.3 500,00","р.3 500,00"
485,Доход,Услуга,Безнал,Обычная стрижка,18.01.2024,1,,,,,"р.0,00","р.3 500,00","р.3 500,00"
486,Доход,Услуга,Безнал,Обычная стрижка,18.01.2024,1,,,,,"р.0,00","р.3 500,00","р.3 500,00"
487,Расход,Товар,Наличные,Прочие расходы,18.01.2024,1,,,,,"р.0,00","р.300,00","р.300,00"
488,Доход,Товар,Безнал,Продажа шампуня и кондиционера,18.01.2024,1,,,,,"р.0,00","р.1 000,00","р.1 000,00"
489,Доход,Услуга,Безнал,Обычная стрижка,18.01.2024,1,,,,,"р.0,00","р.3 500,00","р.3 500,00"
490,Доход,Услуга,Наличные,Стрижка старшего мастера,18.01.2024,1,,,,,"р.0,00","р.5 500,00","р.5 500,00"
491,Доход,Услуга,Безнал,Обычная стрижка,18.01.2024,1,,,,,"р.0,00","р.3 500,00","р.3 500,00"
492,Доход,Услуга,Безнал,Стрижка и укладка,18.01.2024,1,,,,,"р.0,00","р.4 500,00","р.4 500,00"
493,Доход,Товар,Наличные,Продажа шампуня,18.01.2024,1,,,,,"р.0,00","р.500,00","р.500,00"
494,Расход,Услуга,Безнал,Зарплата,18.01.2024,1,,,,,"р.0,00","р.82 500,00","р.82 500,00"
495,Расход,Услуга,Безнал,Зарплата,18.01.2024,1,,,,,"р.0,00","р.82 500,00","р.82 500,00"
496,Расход,Услуга,Безнал,Зарплата,18.01.2024,1,,,,,"р.0,00","р.82 500,00","р.82 500,00"
497,Расход,Услуга,Безнал,Зарплата,18.01.2024,1,,,,,"р.0,00","р.82 500,00","р.82 500,00"
498,Расход,Услуга,Безнал,Зарплата,18.01.2024,1,,,,,"р.0,00","р.82 500,00","р.82 500,00"
499,Расход,Услуга,Безнал,Зарплата,18.01.2024,1,,,,,"р.0,00","р.82 500,00","р.82 500,00"
500,Расход,Услуга,Безнал,Зарплата,18.01.2024,1,,,,,"р.0,00","р.82 500,00","р.82 500,00"
501,Расход,Услуга,Безнал,Зарплата,18.01.2024,1,,,,,"р.0,00","р.82 500,00","р.82 500,00"
502,Расход,Услуга,Безнал,Бухгалтерия и РКО,18.01.2024,1,,,,,"р.0,00","р.15 000,00","р.15 000,00"
503,Расход,Услуга,Безнал,Эквайринг,18.01.2024,1,,,,,"р.0,00","р.56 700,00","р.56 700,00"
504,Доход,Услуга,Наличные,Стрижка старшего мастера,18.01.2024,1,,,,,"р.0,00","р.5 500,00","р.5 500,00"
505,Доход,Товар,Наличные,Продажа шампуня и кондиционера,19.01.2024,1,,,,,"р.0,00","р.1 000,00","р.1 000,00"
506,Расход,Товар,Безнал,Закупка резинок,19.01.2024,1,,,,,"р.0,00","р.500,00","р.500,00"
507,Доход,Услуга,Безнал,Обычная стрижка,19.01.2024,1,,,,,"р.0,00","р.3 500,00","р.3 500,00"
508,Расход,Товар,Безнал,Прочие расходы,19.01.2024,1,,,,,"р.0,00","р.300,00","р.300,00"
509,Доход,Услуга,Безнал,Обычная стрижка,19.01.2024,1,42gbcz1651516,4,Посты в Telegram,"0,50","р.1 750,00","р.3 500,00","р.1 750,00"
510,Доход,Услуга,Безнал,Стрижка старшего мастера,19.01.2024,1,,,,,"р.0,00","р.5 500,00","р.5 500,00"
511,Доход,Услуга,Безнал,Стрижка и укладка,19.01.2024,1,,,,,"р.0,00","р.4 500,00","р.4 500,00"
512,Расход,Товар,Безнал,Прочие расходы,19.01.2024,1,,,,,"р.0,00","р.300,00","р.300,00"
513,Доход,Услуга,Безнал,Стрижка старшего мастера,19.01.2024,1,,,,,"р.0,00","р.5 500,00","р.5 500,00"
514,Доход,Услуга,Безнал,Обычная стрижка,19.01.2024,1,42gbcz363404,4,Посты в Telegram,"0,50","р.1 750,00","р.3 500,00","р.1 750,00"
515,Доход,Услуга,Безнал,Стрижка и укладка,19.01.2024,1,,,,,"р.0,00","р.4 500,00","р.4 500,00"
516,Расход,Товар,Безнал,Закупка резинок,19.01.2024,1,,,,,"р.0,00","р.500,00","р.500,00"
517,Доход,Услуга,Безнал,Стрижка и укладка,19.01.2024,1,,,,,"р.0,00","р.4 500,00","р.4 500,00"
518,Доход,Услуга,Безнал,Стрижка старшего мастера,19.01.2024,1,,,,,"р.0,00","р.5 500,00","р.5 500,00"
519,Доход,Товар,Безнал,Продажа шампуня,19.01.2024,1,,,,,"р.0,00","р.500,00","р.500,00"
520,Доход,Услуга,Безнал,Стрижка старшего мастера,19.01.2024,1,,,,,"р.0,00","р.5 500,00","р.5 500,00"
521,Доход,Товар,Безнал,Продажа геля,19.01.2024,1,,,,,"р.0,00","р.300,00","р.300,00"
522,Доход,Услуга,Безнал,Обычная стрижка,19.01.2024,1,,,,,"р.0,00","р.3 500,00","р.3 500,00"
523,Доход,Услуга,Наличные,Обычная стрижка,19.01.2024,1,,,,,"р.0,00","р.3 500,00","р.3 500,00"
524,Доход,Услуга,Безнал,Стрижка старшего мастера,19.01.2024,1,,,,,"р.0,00","р.5 500,00","р.5 500,00"
525,Доход,Услуга,Безнал,Стрижка старшего мастера,19.01.2024,1,,,,,"р.0,00","р.5 500,00","р.5 500,00"
526,Расход,Товар,Безнал,Прочие расходы,19.01.2024,1,,,,,"р.0,00","р.300,00","р.300,00"
527,Доход,Услуга,Безнал,Стрижка и укладка,19.01.2024,1,,,,,"р.0,00","р.4 500,00","р.4 500,00"
528,Доход,Услуга,Безнал,Обычная стрижка,19.01.2024,1,,,,,"р.0,00","р.3 500,00","р.3 500,00"
529,Расход,Товар,Безнал,Закупка резинок,19.01.2024,1,,,,,"р.0,00","р.500,00","р.500,00"
530,Доход,Услуга,Безнал,Обычная стрижка,19.01.2024,1,,,,,"р.0,00","р.3 500,00","р.3 500,00"
531,Доход,Услуга,Наличные,Обычная стрижка,19.01.2024,1,,,,,"р.0,00","р.3 500,00","р.3 500,00"
532,Доход,Товар,Безнал,Продажа геля,19.01.2024,1,,,,,"р.0,00","р.300,00","р.300,00"
533,Доход,Услуга,Безнал,Стрижка старшего мастера,20.01.2024,1,,,,,"р.0,00","р.5 500,00","р.5 500,00"
534,Доход,Услуга,Безнал,Обычная стрижка,20.01.2024,1,,,,,"р.0,00","р.3 500,00","р.3 500,00"
535,Доход,Услуга,Наличные,Стрижка старшего мастера,20.01.2024,1,,,,,"р.0,00","р.5 500,00","р.5 500,00"
536,Доход,Услуга,Безнал,Стрижка и укладка,20.01.2024,1,,,,,"р.0,00","р.4 500,00","р.4 500,00"
537,Доход,Услуга,Безнал,Обычная стрижка,20.01.2024,1,,,,,"р.0,00","р.3 500,00","р.3 500,00"
538,Доход,Услуга,Безнал,Стрижка и укладка,20.01.2024,1,,,,,"р.0,00","р.4 500,00","р.4 500,00"
539,Доход,Услуга,Безнал,Обычная стрижка,20.01.2024,1,,,,,"р.0,00","р.3 500,00","р.3 500,00"
540,Доход,Услуга,Безнал,Обычная стрижка,20.01.2024,1,,,,,"р.0,00","р.3 500,00","р.3 500,00"
541,Расход,Товар,Безнал,Закупка полотенец,20.01.2024,1,,,,,"р.0,00","р.1 000,00","р.1 000,00"
542,Доход,Товар,Безнал,Продажа шампуня,20.01.2024,1,,,,,"р.0,00","р.500,00","р.500,00"
543,Доход,Услуга,Наличные,Стрижка старшего мастера,20.01.2024,1,,,,,"р.0,00","р.5 500,00","р.5 500,00"
544,Доход,Услуга,Безнал,Стрижка и укладка,20.01.2024,1,,,,,"р.0,00","р.4 500,00","р.4 500,00"
545,Доход,Услуга,Безнал,Обычная стрижка,20.01.2024,1,,,,,"р.0,00","р.3 500,00","р.3 500,00"
546,Доход,Услуга,Безнал,Обычная стрижка,20.01.2024,1,,,,,"р.0,00","р.3 500,00","р.3 500,00"
547,Доход,Услуга,Наличные,Стрижка и укладка,20.01.2024,1,,,,,"р.0,00","р.4 500,00","р.4 500,00"
548,Доход,Услуга,Безнал,Стрижка старшего мастера,20.01.2024,1,,,,,"р.0,00","р.5 500,00","р.5 500,00"
549,Доход,Услуга,Безнал,Обычная стрижка,20.01.2024,1,,,,,"р.0,00","р.3 500,00","р.3 500,00"
550,Расход,Товар,Безнал,Закупка полотенец,20.01.2024,1,,,,,"р.0,00","р.1 000,00","р.1 000,00"
551,Доход,Товар,Наличные,Продажа геля,20.01.2024,1,42gbcz2888620,6,Реклама в VK,"0,20","р.60,00","р.300,00","р.240,00"
552,Доход,Услуга,Безнал,Стрижка и укладка,20.01.2024,1,,,,,"р.0,00","р.4 500,00","р.4 500,00"
553,Доход,Товар,Безнал,Продажа геля,20.01.2024,1,,,,,"р.0,00","р.300,00","р.300,00"
554,Доход,Услуга,Наличные,Обычная стрижка,20.01.2024,1,,,,,"р.0,00","р.3 500,00","р.3 500,00"
555,Расход,Товар,Безнал,Прочие расходы,20.01.2024,1,,,,,"р.0,00","р.300,00","р.300,00"
556,Доход,Услуга,Безнал,Обычная стрижка,20.01.2024,1,,,,,"р.0,00","р.3 500,00","р.3 500,00"
557,Доход,Товар,Безнал,Продажа шампуня и кондиционера,20.01.2024,1,42gbcz789185,6,Реклама в VK,"0,20","р.200,00","р.1 000,00","р.800,00"
558,Доход,Услуга,Безнал,Стрижка и укладка,20.01.2024,1,,,,,"р.0,00","р.4 500,00","р.4 500,00"
559,Доход,Услуга,Безнал,Обычная стрижка,20.01.2024,1,,,,,"р.0,00","р.3 500,00","р.3 500,00"
560,Доход,Услуга,Безнал,Обычная стрижка,20.01.2024,1,,,,,"р.0,00","р.3 500,00","р.3 500,00"
561,Доход,Услуга,Наличные,Стрижка старшего мастера,21.01.2024,1,,,,,"р.0,00","р.5 500,00","р.5 500,00"
562,Доход,Услуга,Наличные,Обычная стрижка,21.01.2024,1,,,,,"р.0,00","р.3 500,00","р.3 500,00"
563,Расход,Товар,Безнал,Закупка полотенец,21.01.2024,1,,,,,"р.0,00","р.1 000,00","р.1 000,00"
564,Доход,Услуга,Наличные,Обычная стрижка,21.01.2024,1,,,,,"р.0,00","р.3 500,00","р.3 500,00"
565,Доход,Услуга,Безнал,Стрижка и укладка,21.01.2024,1,,,,,"р.0,00","р.4 500,00","р.4 500,00"
566,Доход,Услуга,Безнал,Стрижка и укладка,21.01.2024,1,,,,,"р.0,00","р.4 500,00","р.4 500,00"
567,Доход,Услуга,Безнал,Обычная стрижка,21.01.2024,1,42gbcz3051081,7,Сторис в VK,"0,15","р.525,00","р.3 500,00","р.2 975,00"
568,Доход,Услуга,Безнал,Стрижка и укладка,21.01.2024,1,,,,,"р.0,00","р.4 500,00","р.4 500,00"
569,Расход,Товар,Безнал,Закупка резинок,21.01.2024,1,,,,,"р.0,00","р.500,00","р.500,00"
570,Доход,Услуга,Безнал,Стрижка старшего мастера,21.01.2024,1,,,,,"р.0,00","р.5 500,00","р.5 500,00"
571,Доход,Товар,Безнал,Продажа шампуня,21.01.2024,1,,,,,"р.0,00","р.500,00","р.500,00"
572,Доход,Услуга,Безнал,Стрижка старшего мастера,21.01.2024,1,,,,,"р.0,00","р.5 500,00","р.5 500,00"
573,Доход,Услуга,Наличные,Стрижка и укладка,21.01.2024,1,,,,,"р.0,00","р.4 500,00","р.4 500,00"
574,Доход,Услуга,Безнал,Стрижка и укладка,21.01.2024,1,,,,,"р.0,00","р.4 500,00","р.4 500,00"
575,Доход,Товар,Безнал,Продажа геля,21.01.2024,1,,,,,"р.0,00","р.300,00","р.300,00"
576,Доход,Услуга,Безнал,Обычная стрижка,21.01.2024,1,,,,,"р.0,00","р.3 500,00","р.3 500,00"
577,Доход,Товар,Наличные,Продажа шампуня и кондиционера,21.01.2024,1,,,,,"р.0,00","р.1 000,00","р.1 000,00"
578,Доход,Услуга,Безнал,Обычная стрижка,21.01.2024,1,,,,,"р.0,00","р.3 500,00","р.3 500,00"
579,Доход,Услуга,Наличные,Стрижка старшего мастера,21.01.2024,1,,,,,"р.0,00","р.5 500,00","р.5 500,00"
580,Доход,Услуга,Наличные,Стрижка старшего мастера,21.01.2024,1,,,,,"р.0,00","р.5 500,00","р.5 500,00"
581,Доход,Услуга,Безнал,Обычная стрижка,21.01.2024,1,42gbcz3020020,7,Сторис в VK,"0,15","р.525,00","р.3 500,00","р.2 975,00"
582,Доход,Товар,Безнал,Продажа шампуня,21.01.2024,1,,,,,"р.0,00","р.500,00","р.500,00"
583,Доход,Услуга,Безнал,Обычная стрижка,21.01.2024,1,,,,,"р.0,00","р.3 500,00","р.3 500,00"
584,Доход,Услуга,Безнал,Стрижка и укладка,21.01.2024,1,,,,,"р.0,00","р.4 500,00","р.4 500,00"
585,Доход,Услуга,Безнал,Стрижка старшего мастера,21.01.2024,1,42gbcz2683934,1,Обещаем скидки,"0,10","р.550,00","р.5 500,00","р.4 950,00"
586,Доход,Услуга,Безнал,Стрижка старшего мастера,21.01.2024,1,,,,,"р.0,00","р.5 500,00","р.5 500,00"
587,Доход,Услуга,Безнал,Обычная стрижка,21.01.2024,1,,,,,"р.0,00","р.3 500,00","р.3 500,00"
588,Доход,Услуга,Безнал,Стрижка и укладка,21.01.2024,1,,,,,"р.0,00","р.4 500,00","р.4 500,00"
589,Доход,Услуга,Безнал,Стрижка старшего мастера,22.01.2024,1,,,,,"р.0,00","р.5 500,00","р.5 500,00"
590,Доход,Товар,Наличные,Продажа шампуня и кондиционера,22.01.2024,1,,,,,"р.0,00","р.1 000,00","р.1 000,00"
591,Доход,Услуга,Безнал,Стрижка старшего мастера,22.01.2024,1,,,,,"р.0,00","р.5 500,00","р.5 500,00"
592,Доход,Товар,Безнал,Продажа шампуня,22.01.2024,1,,,,,"р.0,00","р.500,00","р.500,00"
593,Доход,Услуга,Безнал,Обычная стрижка,22.01.2024,1,,,,,"р.0,00","р.3 500,00","р.3 500,00"
594,Доход,Услуга,Безнал,Стрижка и укладка,22.01.2024,1,,,,,"р.0,00","р.4 500,00","р.4 500,00"
595,Доход,Услуга,Безнал,Обычная стрижка,22.01.2024,1,42gbcz2621644,4,Посты в Telegram,"0,50","р.1 750,00","р.3 500,00","р.1 750,00"
596,Доход,Товар,Безнал,Продажа шампуня и кондиционера,22.01.2024,1,42gbcz911625,3,Поисковые запросы в Яндексе,"0,05","р.50,00","р.1 000,00","р.950,00"
597,Доход,Товар,Безнал,Продажа геля,22.01.2024,1,42gbcz1021196,3,Поисковые запросы в Яндексе,"0,05","р.15,00","р.300,00","р.285,00"
598,Расход,Товар,Безнал,Прочие расходы,22.01.2024,1,,,,,"р.0,00","р.300,00","р.300,00"
599,Доход,Товар,Безнал,Продажа шампуня,22.01.2024,1,,,,,"р.0,00","р.500,00","р.500,00"
600,Доход,Услуга,Безнал,Стрижка и укладка,22.01.2024,1,,,,,"р.0,00","р.4 500,00","р.4 500,00"
601,Расход,Товар,Безнал,Прочие расходы,22.01.2024,1,,,,,"р.0,00","р.300,00","р.300,00"
602,Доход,Услуга,Безнал,Стрижка и укладка,22.01.2024,1,,,,,"р.0,00","р.4 500,00","р.4 500,00"
603,Расход,Товар,Безнал,Закупка резинок,22.01.2024,1,,,,,"р.0,00","р.500,00","р.500,00"
604,Доход,Услуга,Наличные,Обычная стрижка,22.01.2024,1,,,,,"р.0,00","р.3 500,00","р.3 500,00"
605,Доход,Услуга,Безнал,Стрижка и укладка,22.01.2024,1,,,,,"р.0,00","р.4 500,00","р.4 500,00"
606,Доход,Услуга,Безнал,Стрижка старшего мастера,22.01.2024,1,,,,,"р.0,00","р.5 500,00","р.5 500,00"
607,Доход,Услуга,Безнал,Обычная стрижка,22.01.2024,1,,,,,"р.0,00","р.3 500,00","р.3 500,00"
608,Доход,Товар,Наличные,Продажа шампуня,22.01.2024,1,,,,,"р.0,00","р.500,00","р.500,00"
609,Доход,Услуга,Наличные,Обычная стрижка,22.01.2024,1,,,,,"р.0,00","р.3 500,00","р.3 500,00"
610,Доход,Услуга,Безнал,Стрижка старшего мастера,22.01.2024,1,,,,,"р.0,00","р.5 500,00","р.5 500,00"
611,Доход,Услуга,Безнал,Стрижка старшего мастера,22.01.2024,1,,,,,"р.0,00","р.5 500,00","р.5 500,00"
612,Доход,Услуга,Безнал,Стрижка и укладка,22.01.2024,1,,,,,"р.0,00","р.4 500,00","р.4 500,00"
613,Доход,Услуга,Безнал,Стрижка старшего мастера,22.01.2024,1,,,,,"р.0,00","р.5 500,00","р.5 500,00"
614,Доход,Услуга,Безнал,Стрижка старшего мастера,22.01.2024,1,,,,,"р.0,00","р.5 500,00","р.5 500,00"
615,Доход,Услуга,Безнал,Обычная стрижка,22.01.2024,1,,,,,"р.0,00","р.3 500,00","р.3 500,00"
616,Расход,Товар,Наличные,Закупка резинок,22.01.2024,1,,,,,"р.0,00","р.500,00","р.500,00"
617,Доход,Услуга,Безнал,Стрижка и укладка,23.01.2024,1,,,,,"р.0,00","р.4 500,00","р.4 500,00"
618,Доход,Услуга,Безнал,Обычная стрижка,23.01.2024,1,,,,,"р.0,00","р.3 500,00","р.3 500,00"
619,Доход,Услуга,Безнал,Стрижка и укладка,23.01.2024,1,,,,,"р.0,00","р.4 500,00","р.4 500,00"
620,Доход,Услуга,Безнал,Обычная стрижка,23.01.2024,1,,,,,"р.0,00","р.3 500,00","р.3 500,00"
621,Доход,Услуга,Безнал,Стрижка и укладка,23.01.2024,1,,,,,"р.0,00","р.4 500,00","р.4 500,00"
622,Расход,Товар,Наличные,Закупка резинок,23.01.2024,1,,,,,"р.0,00","р.500,00","р.500,00"
623,Доход,Услуга,Безнал,Стрижка и укладка,23.01.2024,1,42gbcz108947,6,Реклама в VK,"0,20","р.900,00","р.4 500,00","р.3 600,00"
624,Доход,Услуга,Безнал,Стрижка старшего мастера,23.01.2024,1,,,,,"р.0,00","р.5 500,00","р.5 500,00"
625,Доход,Товар,Безнал,Продажа шампуня и кондиционера,23.01.2024,1,,,,,"р.0,00","р.1 000,00","р.1 000,00"
626,Доход,Товар,Безнал,Продажа шампуня и кондиционера,23.01.2024,1,,,,,"р.0,00","р.1 000,00","р.1 000,00"
627,Доход,Услуга,Безнал,Стрижка и укладка,23.01.2024,1,,,,,"р.0,00","р.4 500,00","р.4 500,00"
628,Доход,Товар,Безнал,Продажа шампуня и кондиционера,23.01.2024,1,,,,,"р.0,00","р.1 000,00","р.1 000,00"
629,Доход,Товар,Безнал,Продажа геля,23.01.2024,1,42gbcz676166,5,Посты в VK,"0,15","р.45,00","р.300,00","р.255,00"
630,Доход,Услуга,Безнал,Стрижка старшего мастера,23.01.2024,1,,,,,"р.0,00","р.5 500,00","р.5 500,00"
631,Доход,Товар,Безнал,Продажа геля,23.01.2024,1,,,,,"р.0,00","р.300,00","р.300,00"
632,Доход,Услуга,Безнал,Стрижка и укладка,23.01.2024,1,,,,,"р.0,00","р.4 500,00","р.4 500,00"
633,Доход,Услуга,Безнал,Обычная стрижка,23.01.2024,1,,,,,"р.0,00","р.3 500,00","р.3 500,00"
634,Доход,Услуга,Безнал,Стрижка старшего мастера,23.01.2024,1,,,,,"р.0,00","р.5 500,00","р.5 500,00"
635,Доход,Услуга,Безнал,Стрижка и укладка,23.01.2024,1,,,,,"р.0,00","р.4 500,00","р.4 500,00"
636,Доход,Услуга,Безнал,Стрижка старшего мастера,23.01.2024,1,,,,,"р.0,00","р.5 500,00","р.5 500,00"
637,Доход,Услуга,Безнал,Стрижка и укладка,23.01.2024,1,,,,,"р.0,00","р.4 500,00","р.4 500,00"
638,Доход,Услуга,Безнал,Стрижка старшего мастера,23.01.2024,1,,,,,"р.0,00","р.5 500,00","р.5 500,00"
639,Доход,Услуга,Безнал,Стрижка и укладка,23.01.2024,1,42gbcz1735887,1,Обещаем скидки,"0,10","р.450,00","р.4 500,00","р.4 050,00"
640,Доход,Услуга,Наличные,Стрижка старшего мастера,23.01.2024,1,,,,,"р.0,00","р.5 500,00","р.5 500,00"
641,Доход,Услуга,Безнал,Обычная стрижка,23.01.2024,1,,,,,"р.0,00","р.3 500,00","р.3 500,00"
642,Доход,Товар,Безнал,Продажа шампуня,23.01.2024,1,,,,,"р.0,00","р.500,00","р.500,00"
643,Доход,Услуга,Наличные,Стрижка старшего мастера,23.01.2024,1,,,,,"р.0,00","р.5 500,00","р.5 500,00"
644,Доход,Услуга,Безнал,Стрижка старшего мастера,23.01.2024,1,,,,,"р.0,00","р.5 500,00","р.5 500,00"
645,Доход,Услуга,Наличные,Стрижка старшего мастера,24.01.2024,1,,,,,"р.0,00","р.5 500,00","р.5 500,00"
646,Доход,Услуга,Наличные,Обычная стрижка,24.01.2024,1,,,,,"р.0,00","р.3 500,00","р.3 500,00"
647,Доход,Услуга,Безнал,Стрижка старшего мастера,24.01.2024,1,,,,,"р.0,00","р.5 500,00","р.5 500,00"
648,Доход,Услуга,Безнал,Стрижка и укладка,24.01.2024,1,,,,,"р.0,00","р.4 500,00","р.4 500,00"
649,Доход,Услуга,Наличные,Стрижка старшего мастера,24.01.2024,1,,,,,"р.0,00","р.5 500,00","р.5 500,00"
650,Доход,Услуга,Безнал,Стрижка старшего мастера,24.01.2024,1,42gbcz2461835,3,Поисковые запросы в Яндексе,"0,05","р.275,00","р.5 500,00","р.5 225,00"
651,Расход,Товар,Наличные,Прочие расходы,24.01.2024,1,,,,,"р.0,00","р.300,00","р.300,00"
652,Доход,Товар,Безнал,Продажа шампуня и кондиционера,24.01.2024,1,42gbcz1256997,5,Посты в VK,"0,15","р.150,00","р.1 000,00","р.850,00"
653,Доход,Услуга,Безнал,Обычная стрижка,24.01.2024,1,,,,,"р.0,00","р.3 500,00","р.3 500,00"
654,Доход,Услуга,Безнал,Стрижка старшего мастера,24.01.2024,1,,,,,"р.0,00","р.5 500,00","р.5 500,00"
655,Доход,Товар,Наличные,Продажа шампуня,24.01.2024,1,,,,,"р.0,00","р.500,00","р.500,00"
656,Доход,Услуга,Наличные,Стрижка и укладка,24.01.2024,1,,,,,"р.0,00","р.4 500,00","р.4 500,00"
657,Расход,Товар,Безнал,Закупка полотенец,24.01.2024,1,,,,,"р.0,00","р.1 000,00","р.1 000,00"
658,Доход,Услуга,Безнал,Обычная стрижка,24.01.2024,1,,,,,"р.0,00","р.3 500,00","р.3 500,00"
659,Доход,Услуга,Наличные,Стрижка и укладка,24.01.2024,1,,,,,"р.0,00","р.4 500,00","р.4 500,00"
660,Доход,Услуга,Безнал,Стрижка старшего мастера,24.01.2024,1,,,,,"р.0,00","р.5 500,00","р.5 500,00"
661,Доход,Услуга,Безнал,Обычная стрижка,24.01.2024,1,,,,,"р.0,00","р.3 500,00","р.3 500,00"
662,Доход,Товар,Безнал,Продажа шампуня и кондиционера,24.01.2024,1,,,,,"р.0,00","р.1 000,00","р.1 000,00"
663,Доход,Услуга,Наличные,Стрижка старшего мастера,24.01.2024,1,,,,,"р.0,00","р.5 500,00","р.5 500,00"
664,Доход,Товар,Безнал,Продажа шампуня,24.01.2024,1,,,,,"р.0,00","р.500,00","р.500,00"
665,Доход,Услуга,Безнал,Обычная стрижка,24.01.2024,1,,,,,"р.0,00","р.3 500,00","р.3 500,00"
666,Доход,Услуга,Безнал,Стрижка старшего мастера,24.01.2024,1,,,,,"р.0,00","р.5 500,00","р.5 500,00"
667,Доход,Услуга,Наличные,Обычная стрижка,24.01.2024,1,,,,,"р.0,00","р.3 500,00","р.3 500,00"
668,Доход,Услуга,Безнал,Стрижка и укладка,24.01.2024,1,,,,,"р.0,00","р.4 500,00","р.4 500,00"
669,Доход,Услуга,Безнал,Стрижка и укладка,24.01.2024,1,,,,,"р.0,00","р.4 500,00","р.4 500,00"
670,Доход,Услуга,Безнал,Стрижка старшего мастера,24.01.2024,1,,,,,"р.0,00","р.5 500,00","р.5 500,00"
671,Доход,Услуга,Безнал,Обычная стрижка,24.01.2024,1,,,,,"р.0,00","р.3 500,00","р.3 500,00"
672,Расход,Товар,Безнал,Прочие расходы,24.01.2024,1,,,,,"р.0,00","р.300,00","р.300,00"
673,Доход,Товар,Безнал,Продажа шампуня,25.01.2024,1,,,,,"р.0,00","р.500,00","р.500,00"
674,Доход,Услуга,Безнал,Обычная стрижка,25.01.2024,1,,,,,"р.0,00","р.3 500,00","р.3 500,00"
675,Доход,Услуга,Безнал,Стрижка и укладка,25.01.2024,1,,,,,"р.0,00","р.4 500,00","р.4 500,00"
676,Доход,Услуга,Безнал,Стрижка и укладка,25.01.2024,1,,,,,"р.0,00","р.4 500,00","р.4 500,00"
677,Доход,Услуга,Наличные,Стрижка старшего мастера,25.01.2024,1,,,,,"р.0,00","р.5 500,00","р.5 500,00"
678,Доход,Услуга,Безнал,Стрижка и укладка,25.01.2024,1,,,,,"р.0,00","р.4 500,00","р.4 500,00"
679,Доход,Услуга,Безнал,Стрижка и укладка,25.01.2024,1,,,,,"р.0,00","р.4 500,00","р.4 500,00"
680,Доход,Услуга,Безнал,Стрижка старшего мастера,25.01.2024,1,,,,,"р.0,00","р.5 500,00","р.5 500,00"
681,Доход,Услуга,Безнал,Стрижка старшего мастера,25.01.2024,1,,,,,"р.0,00","р.5 500,00","р.5 500,00"
682,Доход,Услуга,Безнал,Обычная стрижка,25.01.2024,1,,,,,"р.0,00","р.3 500,00","р.3 500,00"
683,Доход,Услуга,Безнал,Обычная стрижка,25.01.2024,1,,,,,"р.0,00","р.3 500,00","р.3 500,00"
684,Доход,Услуга,Безнал,Стрижка старшего мастера,25.01.2024,1,,,,,"р.0,00","р.5 500,00","р.5 500,00"
685,Доход,Услуга,Безнал,Стрижка и укладка,25.01.2024,1,,,,,"р.0,00","р.4 500,00","р.4 500,00"
686,Расход,Товар,Безнал,Прочие расходы,25.01.2024,1,,,,,"р.0,00","р.300,00","р.300,00"
687,Расход,Товар,Наличные,Закупка резинок,25.01.2024,1,,,,,"р.0,00","р.500,00","р.500,00"
688,Доход,Услуга,Безнал,Стрижка и укладка,25.01.2024,1,,,,,"р.0,00","р.4 500,00","р.4 500,00"
689,Доход,Услуга,Наличные,Стрижка старшего мастера,25.01.2024,1,,,,,"р.0,00","р.5 500,00","р.5 500,00"
690,Доход,Услуга,Безнал,Стрижка и укладка,25.01.2024,1,42gbcz1476043,3,Поисковые запросы в Яндексе,"0,05","р.225,00","р.4 500,00","р.4 275,00"
691,Доход,Товар,Безнал,Продажа шампуня и кондиционера,25.01.2024,1,,,,,"р.0,00","р.1 000,00","р.1 000,00"
692,Доход,Товар,Наличные,Продажа геля,25.01.2024,1,,,,,"р.0,00","р.300,00","р.300,00"
693,Доход,Услуга,Безнал,Стрижка и укладка,25.01.2024,1,,,,,"р.0,00","р.4 500,00","р.4 500,00"
694,Доход,Услуга,Безнал,Стрижка и укладка,25.01.2024,1,,,,,"р.0,00","р.4 500,00","р.4 500,00"
695,Доход,Товар,Наличные,Продажа шампуня,25.01.2024,1,,,,,"р.0,00","р.500,00","р.500,00"
696,Доход,Услуга,Безнал,Обычная стрижка,25.01.2024,1,,,,,"р.0,00","р.3 500,00","р.3 500,00"
697,Доход,Товар,Безнал,Продажа шампуня и кондиционера,25.01.2024,1,,,,,"р.0,00","р.1 000,00","р.1 000,00"
698,Расход,Товар,Безнал,Закупка резинок,25.01.2024,1,,,,,"р.0,00","р.500,00","р.500,00"
699,Доход,Услуга,Безнал,Стрижка и укладка,25.01.2024,1,,,,,"р.0,00","р.4 500,00","р.4 500,00"
700,Доход,Услуга,Наличные,Стрижка и укладка,25.01.2024,1,,,,,"р.0,00","р.4 500,00","р.4 500,00"
701,Доход,Услуга,Наличные,Стрижка и укладка,26.01.2024,1,,,,,"р.0,00","р.4 500,00","р.4 500,00"
702,Доход,Товар,Безнал,Продажа шампуня,26.01.2024,1,,,,,"р.0,00","р.500,00","р.500,00"
703,Расход,Товар,Наличные,Закупка полотенец,26.01.2024,1,,,,,"р.0,00","р.1 000,00","р.1 000,00"
704,Доход,Услуга,Безнал,Стрижка старшего мастера,26.01.2024,1,,,,,"р.0,00","р.5 500,00","р.5 500,00"
705,Доход,Услуга,Безнал,Стрижка старшего мастера,26.01.2024,1,,,,,"р.0,00","р.5 500,00","р.5 500,00"
706,Доход,Услуга,Наличные,Стрижка и укладка,26.01.2024,1,,,,,"р.0,00","р.4 500,00","р.4 500,00"
707,Доход,Товар,Наличные,Продажа шампуня,26.01.2024,1,,,,,"р.0,00","р.500,00","р.500,00"
708,Доход,Услуга,Безнал,Стрижка старшего мастера,26.01.2024,1,,,,,"р.0,00","р.5 500,00","р.5 500,00"
709,Расход,Товар,Безнал,Закупка полотенец,26.01.2024,1,,,,,"р.0,00","р.1 000,00","р.1 000,00"
710,Доход,Услуга,Наличные,Стрижка старшего мастера,26.01.2024,1,,,,,"р.0,00","р.5 500,00","р.5 500,00"
711,Доход,Услуга,Безнал,Стрижка и укладка,26.01.2024,1,42gbcz3134310,5,Посты в VK,"0,15","р.675,00","р.4 500,00","р.3 825,00"
712,Доход,Товар,Безнал,Продажа шампуня и кондиционера,26.01.2024,1,,,,,"р.0,00","р.1 000,00","р.1 000,00"
713,Доход,Услуга,Безнал,Стрижка и укладка,26.01.2024,1,,,,,"р.0,00","р.4 500,00","р.4 500,00"
714,Доход,Услуга,Наличные,Обычная стрижка,26.01.2024,1,,,,,"р.0,00","р.3 500,00","р.3 500,00"
715,Расход,Товар,Безнал,Закупка резинок,26.01.2024,1,,,,,"р.0,00","р.500,00","р.500,00"
716,Доход,Услуга,Наличные,Обычная стрижка,26.01.2024,1,,,,,"р.0,00","р.3 500,00","р.3 500,00"
717,Доход,Услуга,Безнал,Стрижка и укладка,26.01.2024,1,,,,,"р.0,00","р.4 500,00","р.4 500,00"
718,Доход,Товар,Безнал,Продажа шампуня,26.01.2024,1,42gbcz1500454,5,Посты в VK,"0,15","р.75,00","р.500,00","р.425,00"
719,Доход,Услуга,Безнал,Стрижка старшего мастера,26.01.2024,1,,,,,"р.0,00","р.5 500,00","р.5 500,00"
720,Доход,Товар,Безнал,Продажа геля,26.01.2024,1,,,,,"р.0,00","р.300,00","р.300,00"
721,Доход,Услуга,Наличные,Обычная стрижка,26.01.2024,1,42gbcz1953119,3,Поисковые запросы в Яндексе,"0,05","р.175,00","р.3 500,00","р.3 325,00"
722,Доход,Услуга,Наличные,Обычная стрижка,26.01.2024,1,,,,,"р.0,00","р.3 500,00","р.3 500,00"
723,Доход,Услуга,Безнал,Обычная стрижка,26.01.2024,1,42gbcz3835356,4,Посты в Telegram,"0,50","р.1 750,00","р.3 500,00","р.1 750,00"
724,Доход,Услуга,Безнал,Стрижка старшего мастера,26.01.2024,1,42gbcz3433865,3,Поисковые запросы в Яндексе,"0,05","р.275,00","р.5 500,00","р.5 225,00"
725,Доход,Услуга,Безнал,Обычная стрижка,26.01.2024,1,,,,,"р.0,00","р.3 500,00","р.3 500,00"
726,Доход,Услуга,Безнал,Стрижка и укладка,26.01.2024,1,42gbcz3625214,7,Сторис в VK,"0,15","р.675,00","р.4 500,00","р.3 825,00"
727,Расход,Товар,Безнал,Прочие расходы,26.01.2024,1,,,,,"р.0,00","р.300,00","р.300,00"
728,Доход,Услуга,Безнал,Обычная стрижка,26.01.2024,1,,,,,"р.0,00","р.3 500,00","р.3 500,00"
729,Доход,Товар,Безнал,Продажа геля,27.01.2024,1,,,,,"р.0,00","р.300,00","р.300,00"
730,Доход,Услуга,Безнал,Обычная стрижка,27.01.2024,1,,,,,"р.0,00","р.3 500,00","р.3 500,00"
731,Доход,Услуга,Наличные,Стрижка и укладка,27.01.2024,1,42gbcz2949901,3,Поисковые запросы в Яндексе,"0,05","р.225,00","р.4 500,00","р.4 275,00"
732,Доход,Услуга,Безнал,Стрижка и укладка,27.01.2024,1,,,,,"р.0,00","р.4 500,00","р.4 500,00"
733,Расход,Товар,Безнал,Закупка полотенец,27.01.2024,1,,,,,"р.0,00","р.1 000,00","р.1 000,00"
734,Доход,Товар,Безнал,Продажа геля,27.01.2024,1,,,,,"р.0,00","р.300,00","р.300,00"
735,Доход,Услуга,Безнал,Обычная стрижка,27.01.2024,1,,,,,"р.0,00","р.3 500,00","р.3 500,00"
736,Доход,Услуга,Безнал,Обычная стрижка,27.01.2024,1,,,,,"р.0,00","р.3 500,00","р.3 500,00"
737,Расход,Товар,Безнал,Закупка резинок,27.01.2024,1,,,,,"р.0,00","р.500,00","р.500,00"
738,Доход,Услуга,Наличные,Стрижка и укладка,27.01.2024,1,42gbcz2040603,5,Посты в VK,"0,15","р.675,00","р.4 500,00","р.3 825,00"
739,Доход,Услуга,Безнал,Стрижка старшего мастера,27.01.2024,1,,,,,"р.0,00","р.5 500,00","р.5 500,00"
740,Доход,Услуга,Безнал,Стрижка старшего мастера,27.01.2024,1,,,,,"р.0,00","р.5 500,00","р.5 500,00"
741,Доход,Товар,Наличные,Продажа шампуня и кондиционера,27.01.2024,1,,,,,"р.0,00","р.1 000,00","р.1 000,00"
742,Доход,Товар,Безнал,Продажа шампуня и кондиционера,27.01.2024,1,,,,,"р.0,00","р.1 000,00","р.1 000,00"
743,Доход,Услуга,Наличные,Стрижка и укладка,27.01.2024,1,,,,,"р.0,00","р.4 500,00","р.4 500,00"
744,Доход,Услуга,Безнал,Стрижка и укладка,27.01.2024,1,42gbcz1742768,7,Сторис в VK,"0,15","р.675,00","р.4 500,00","р.3 825,00"
745,Доход,Товар,Наличные,Продажа геля,27.01.2024,1,,,,,"р.0,00","р.300,00","р.300,00"
746,Расход,Товар,Безнал,Закупка полотенец,27.01.2024,1,,,,,"р.0,00","р.1 000,00","р.1 000,00"
747,Доход,Услуга,Наличные,Стрижка и укладка,27.01.2024,1,,,,,"р.0,00","р.4 500,00","р.4 500,00"
748,Доход,Услуга,Безнал,Обычная стрижка,27.01.2024,1,42gbcz1501220,1,Обещаем скидки,"0,10","р.350,00","р.3 500,00","р.3 150,00"
749,Доход,Услуга,Безнал,Стрижка и укладка,27.01.2024,1,,,,,"р.0,00","р.4 500,00","р.4 500,00"
750,Доход,Услуга,Безнал,Стрижка старшего мастера,27.01.2024,1,,,,,"р.0,00","р.5 500,00","р.5 500,00"
751,Доход,Услуга,Безнал,Обычная стрижка,27.01.2024,1,,,,,"р.0,00","р.3 500,00","р.3 500,00"
752,Доход,Услуга,Безнал,Стрижка и укладка,27.01.2024,1,,,,,"р.0,00","р.4 500,00","р.4 500,00"
753,Доход,Услуга,Безнал,Стрижка и укладка,27.01.2024,1,,,,,"р.0,00","р.4 500,00","р.4 500,00"
754,Доход,Услуга,Безнал,Стрижка старшего мастера,27.01.2024,1,,,,,"р.0,00","р.5 500,00","р.5 500,00"
755,Расход,Товар,Безнал,Закупка резинок,27.01.2024,1,,,,,"р.0,00","р.500,00","р.500,00"
756,Доход,Товар,Безнал,Продажа шампуня и кондиционера,27.01.2024,1,,,,,"р.0,00","р.1 000,00","р.1 000,00"
757,Расход,Услуга,Безнал,Аренда,27.01.2024,1,,,,,"р.0,00","р.70 000,00","р.70 000,00"
758,Расход,Услуга,Безнал,Коммунальные услуги,27.01.2024,1,,,,,"р.0,00","р.7 000,00","р.7 000,00"
759,Доход,Услуга,Наличные,Стрижка старшего мастера,28.01.2024,1,42gbcz3647017,2,Поисковые запросы в Гугле,"0,10","р.550,00","р.5 500,00","р.4 950,00"
760,Расход,Товар,Безнал,Закупка полотенец,28.01.2024,1,,,,,"р.0,00","р.1 000,00","р.1 000,00"
761,Доход,Услуга,Безнал,Стрижка и укладка,28.01.2024,1,42gbcz1665813,3,Поисковые запросы в Яндексе,"0,05","р.225,00","р.4 500,00","р.4 275,00"
762,Расход,Товар,Наличные,Прочие расходы,28.01.2024,1,,,,,"р.0,00","р.300,00","р.300,00"
763,Расход,Товар,Безнал,Закупка резинок,28.01.2024,1,,,,,"р.0,00","р.500,00","р.500,00"
764,Доход,Услуга,Безнал,Стрижка и укладка,28.01.2024,1,,,,,"р.0,00","р.4 500,00","р.4 500,00"
765,Доход,Услуга,Наличные,Стрижка и укладка,28.01.2024,1,,,,,"р.0,00","р.4 500,00","р.4 500,00"
766,Доход,Услуга,Наличные,Стрижка старшего мастера,28.01.2024,1,,,,,"р.0,00","р.5 500,00","р.5 500,00"
767,Доход,Товар,Безнал,Продажа шампуня и кондиционера,28.01.2024,1,,,,,"р.0,00","р.1 000,00","р.1 000,00"
768,Доход,Услуга,Безнал,Стрижка и укладка,28.01.2024,1,,,,,"р.0,00","р.4 500,00","р.4 500,00"
769,Доход,Услуга,Безнал,Обычная стрижка,28.01.2024,1,,,,,"р.0,00","р.3 500,00","р.3 500,00"
770,Доход,Товар,Наличные,Продажа шампуня,28.01.2024,1,,,,,"р.0,00","р.500,00","р.500,00"
771,Доход,Услуга,Безнал,Стрижка и укладка,28.01.2024,1,,,,,"р.0,00","р.4 500,00","р.4 500,00"
772,Доход,Услуга,Безнал,Стрижка старшего мастера,28.01.2024,1,42gbcz1642755,3,Поисковые запросы в Яндексе,"0,05","р.275,00","р.5 500,00","р.5 225,00"
773,Доход,Товар,Безнал,Продажа шампуня,28.01.2024,1,,,,,"р.0,00","р.500,00","р.500,00"
774,Доход,Услуга,Безнал,Стрижка старшего мастера,28.01.2024,1,,,,,"р.0,00","р.5 500,00","р.5 500,00"
775,Доход,Товар,Безнал,Продажа шампуня и кондиционера,28.01.2024,1,,,,,"р.0,00","р.1 000,00","р.1 000,00"
776,Доход,Услуга,Безнал,Стрижка старшего мастера,28.01.2024,1,42gbcz2329189,5,Посты в VK,"0,15","р.825,00","р.5 500,00","р.4 675,00"
777,Доход,Услуга,Безнал,Стрижка и укладка,28.01.2024,1,,,,,"р.0,00","р.4 500,00","р.4 500,00"
778,Доход,Услуга,Безнал,Обычная стрижка,28.01.2024,1,,,,,"р.0,00","р.3 500,00","р.3 500,00"
779,Доход,Услуга,Безнал,Стрижка старшего мастера,28.01.2024,1,,,,,"р.0,00","р.5 500,00","р.5 500,00"
780,Доход,Услуга,Безнал,Стрижка и укладка,28.01.2024,1,,,,,"р.0,00","р.4 500,00","р.4 500,00"
781,Доход,Услуга,Безнал,Стрижка старшего мастера,28.01.2024,1,,,,,"р.0,00","р.5 500,00","р.5 500,00"
782,Доход,Товар,Безнал,Продажа шампуня,28.01.2024,1,,,,,"р.0,00","р.500,00","р.500,00"
783,Доход,Услуга,Безнал,Обычная стрижка,28.01.2024,1,,,,,"р.0,00","р.3 500,00","р.3 500,00"
784,Доход,Услуга,Безнал,Стрижка старшего мастера,28.01.2024,1,,,,,"р.0,00","р.5 500,00","р.5 500,00"
785,Расход,Услуга,Безнал,Рекламный бюджет,28.01.2024,1,,,,,"р.0,00","р.50 000,00","р.50 000,00"
786,Доход,Услуга,Безнал,Обычная стрижка,28.01.2024,1,,,,,"р.0,00","р.3 500,00","р.3 500,00"
787,Доход,Услуга,Безнал,Стрижка старшего мастера,29.01.2024,1,,,,,"р.0,00","р.5 500,00","р.5 500,00"
788,Доход,Услуга,Безнал,Обычная стрижка,29.01.2024,1,,,,,"р.0,00","р.3 500,00","р.3 500,00"
789,Доход,Услуга,Наличные,Стрижка старшего мастера,29.01.2024,1,,,,,"р.0,00","р.5 500,00","р.5 500,00"
790,Доход,Товар,Безнал,Продажа шампуня,29.01.2024,1,,,,,"р.0,00","р.500,00","р.500,00"
791,Доход,Услуга,Безнал,Стрижка и укладка,29.01.2024,1,,,,,"р.0,00","р.4 500,00","р.4 500,00"
792,Доход,Услуга,Безнал,Стрижка старшего мастера,29.01.2024,1,,,,,"р.0,00","р.5 500,00","р.5 500,00"
793,Доход,Услуга,Безнал,Стрижка старшего мастера,29.01.2024,1,,,,,"р.0,00","р.5 500,00","р.5 500,00"
794,Доход,Услуга,Безнал,Обычная стрижка,29.01.2024,1,42gbcz2955350,6,Реклама в VK,"0,20","р.700,00","р.3 500,00","р.2 800,00"
795,Доход,Услуга,Безнал,Стрижка старшего мастера,29.01.2024,1,,,,,"р.0,00","р.5 500,00","р.5 500,00"
796,Доход,Товар,Безнал,Продажа геля,29.01.2024,1,,,,,"р.0,00","р.300,00","р.300,00"
797,Доход,Услуга,Безнал,Стрижка и укладка,29.01.2024,1,42gbcz3256737,1,Обещаем скидки,"0,10","р.450,00","р.4 500,00","р.4 050,00"
798,Расход,Товар,Безнал,Прочие расходы,29.01.2024,1,,,,,"р.0,00","р.300,00","р.300,00"
799,Доход,Услуга,Безнал,Стрижка старшего мастера,29.01.2024,1,,,,,"р.0,00","р.5 500,00","р.5 500,00"
800,Доход,Услуга,Безнал,Обычная стрижка,29.01.2024,1,,,,,"р.0,00","р.3 500,00","р.3 500,00"
801,Доход,Услуга,Наличные,Обычная стрижка,29.01.2024,1,42gbcz2696545,3,Поисковые запросы в Яндексе,"0,05","р.175,00","р.3 500,00","р.3 325,00"
802,Расход,Товар,Безнал,Прочие расходы,29.01.2024,1,,,,,"р.0,00","р.300,00","р.300,00"
803,Доход,Услуга,Безнал,Обычная стрижка,29.01.2024,1,,,,,"р.0,00","р.3 500,00","р.3 500,00"
804,Доход,Услуга,Безнал,Стрижка и укладка,29.01.2024,1,,,,,"р.0,00","р.4 500,00","р.4 500,00"
805,Доход,Услуга,Безнал,Стрижка и укладка,29.01.2024,1,,,,,"р.0,00","р.4 500,00","р.4 500,00"
806,Доход,Услуга,Безнал,Стрижка и укладка,29.01.2024,1,42gbcz549378,4,Посты в Telegram,"0,50","р.2 250,00","р.4 500,00","р.2 250,00"
807,Доход,Услуга,Безнал,Обычная стрижка,29.01.2024,1,,,,,"р.0,00","р.3 500,00","р.3 500,00"
808,Доход,Услуга,Наличные,Стрижка и укладка,29.01.2024,1,,,,,"р.0,00","р.4 500,00","р.4 500,00"
809,Доход,Услуга,Наличные,Обычная стрижка,29.01.2024,1,,,,,"р.0,00","р.3 500,00","р.3 500,00"
810,Доход,Услуга,Безнал,Стрижка и укладка,29.01.2024,1,,,,,"р.0,00","р.4 500,00","р.4 500,00"
811,Доход,Услуга,Безнал,Стрижка и укладка,29.01.2024,1,,,,,"р.0,00","р.4 500,00","р.4 500,00"
812,Доход,Услуга,Наличные,Обычная стрижка,29.01.2024,1,,,,,"р.0,00","р.3 500,00","р.3 500,00"
813,Доход,Товар,Наличные,Продажа геля,29.01.2024,1,,,,,"р.0,00","р.300,00","р.300,00"
814,Доход,Услуга,Безнал,Обычная стрижка,29.01.2024,1,,,,,"р.0,00","р.3 500,00","р.3 500,00"
815,Расход,Товар,Безнал,Закупка полотенец,30.01.2024,1,,,,,"р.0,00","р.1 000,00","р.1 000,00"
816,Доход,Товар,Наличные,Продажа геля,30.01.2024,1,,,,,"р.0,00","р.300,00","р.300,00"
817,Расход,Товар,Безнал,Прочие расходы,30.01.2024,1,,,,,"р.0,00","р.300,00","р.300,00"
818,Доход,Услуга,Наличные,Обычная стрижка,30.01.2024,1,,,,,"р.0,00","р.3 500,00","р.3 500,00"
819,Доход,Товар,Безнал,Продажа шампуня и кондиционера,30.01.2024,1,,,,,"р.0,00","р.1 000,00","р.1 000,00"
820,Расход,Товар,Безнал,Прочие расходы,30.01.2024,1,,,,,"р.0,00","р.300,00","р.300,00"
821,Доход,Товар,Безнал,Продажа шампуня и кондиционера,30.01.2024,1,42gbcz1663341,6,Реклама в VK,"0,20","р.200,00","р.1 000,00","р.800,00"
822,Расход,Товар,Безнал,Закупка резинок,30.01.2024,1,,,,,"р.0,00","р.500,00","р.500,00"
823,Доход,Услуга,Безнал,Стрижка старшего мастера,30.01.2024,1,,,,,"р.0,00","р.5 500,00","р.5 500,00"
824,Доход,Услуга,Безнал,Стрижка старшего мастера,30.01.2024,1,42gbcz2637736,4,Посты в Telegram,"0,50","р.2 750,00","р.5 500,00","р.2 750,00"
825,Доход,Услуга,Безнал,Стрижка старшего мастера,30.01.2024,1,,,,,"р.0,00","р.5 500,00","р.5 500,00"
826,Доход,Товар,Безнал,Продажа геля,30.01.2024,1,,,,,"р.0,00","р.300,00","р.300,00"
827,Доход,Услуга,Безнал,Стрижка и укладка,30.01.2024,1,,,,,"р.0,00","р.4 500,00","р.4 500,00"
828,Доход,Услуга,Наличные,Стрижка старшего мастера,30.01.2024,1,,,,,"р.0,00","р.5 500,00","р.5 500,00"
829,Доход,Услуга,Безнал,Стрижка старшего мастера,30.01.2024,1,,,,,"р.0,00","р.5 500,00","р.5 500,00"
830,Доход,Услуга,Безнал,Стрижка и укладка,30.01.2024,1,,,,,"р.0,00","р.4 500,00","р.4 500,00"
831,Доход,Услуга,Безнал,Обычная стрижка,30.01.2024,1,,,,,"р.0,00","р.3 500,00","р.3 500,00"
832,Доход,Услуга,Безнал,Стрижка и укладка,30.01.2024,1,,,,,"р.0,00","р.4 500,00","р.4 500,00"
833,Доход,Услуга,Наличные,Обычная стрижка,30.01.2024,1,,,,,"р.0,00","р.3 500,00","р.3 500,00"
834,Доход,Услуга,Безнал,Стрижка старшего мастера,30.01.2024,1,,,,,"р.0,00","р.5 500,00","р.5 500,00"
835,Доход,Услуга,Безнал,Стрижка старшего мастера,30.01.2024,1,42gbcz1126452,3,Поисковые запросы в Яндексе,"0,05","р.275,00","р.5 500,00","р.5 225,00"
836,Доход,Товар,Безнал,Продажа шампуня и кондиционера,30.01.2024,1,,,,,"р.0,00","р.1 000,00","р.1 000,00"
837,Доход,Услуга,Наличные,Стрижка и укладка,30.01.2024,1,,,,,"р.0,00","р.4 500,00","р.4 500,00"
838,Доход,Услуга,Безнал,Стрижка старшего мастера,30.01.2024,1,,,,,"р.0,00","р.5 500,00","р.5 500,00"
839,Расход,Товар,Наличные,Закупка резинок,30.01.2024,1,,,,,"р.0,00","р.500,00","р.500,00"
840,Расход,Товар,Безнал,Закупка полотенец,30.01.2024,1,,,,,"р.0,00","р.1 000,00","р.1 000,00"
841,Доход,Услуга,Безнал,Стрижка старшего мастера,30.01.2024,1,,,,,"р.0,00","р.5 500,00","р.5 500,00"
842,Расход,Товар,Безнал,Прочие расходы,30.01.2024,1,,,,,"р.0,00","р.300,00","р.300,00"
843,Доход,Услуга,Безнал,Стрижка старшего мастера,31.01.2024,1,,,,,"р.0,00","р.5 500,00","р.5 500,00"
844,Доход,Услуга,Безнал,Обычная стрижка,31.01.2024,1,,,,,"р.0,00","р.3 500,00","р.3 500,00"
845,Доход,Услуга,Безнал,Стрижка и укладка,31.01.2024,1,,,,,"р.0,00","р.4 500,00","р.4 500,00"
846,Доход,Услуга,Безнал,Стрижка и укладка,31.01.2024,1,42gbcz2271492,5,Посты в VK,"0,15","р.675,00","р.4 500,00","р.3 825,00"
847,Расход,Товар,Безнал,Закупка полотенец,31.01.2024,1,,,,,"р.0,00","р.1 000,00","р.1 000,00"
848,Доход,Товар,Безнал,Продажа шампуня и кондиционера,31.01.2024,1,,,,,"р.0,00","р.1 000,00","р.1 000,00"
849,Расход,Товар,Безнал,Закупка резинок,31.01.2024,1,,,,,"р.0,00","р.500,00","р.500,00"
850,Доход,Услуга,Безнал,Обычная стрижка,31.01.2024,1,,,,,"р.0,00","р.3 500,00","р.3 500,00"
851,Доход,Услуга,Наличные,Стрижка старшего мастера,31.01.2024,1,,,,,"р.0,00","р.5 500,00","р.5 500,00"
852,Доход,Услуга,Безнал,Стрижка старшего мастера,31.01.2024,1,,,,,"р.0,00","р.5 500,00","р.5 500,00"
853,Доход,Услуга,Безнал,Стрижка старшего мастера,31.01.2024,1,,,,,"р.0,00","р.5 500,00","р.5 500,00"
854,Доход,Услуга,Безнал,Стрижка и укладка,31.01.2024,1,,,,,"р.0,00","р.4 500,00","р.4 500,00"
855,Доход,Товар,Безнал,Продажа шампуня,31.01.2024,1,,,,,"р.0,00","р.500,00","р.500,00"
856,Доход,Услуга,Безнал,Стрижка и укладка,31.01.2024,1,,,,,"р.0,00","р.4 500,00","р.4 500,00"
857,Доход,Услуга,Безнал,Стрижка старшего мастера,31.01.2024,1,,,,,"р.0,00","р.5 500,00","р.5 500,00"
858,Доход,Товар,Безнал,Продажа шампуня,31.01.2024,1,,,,,"р.0,00","р.500,00","р.500,00"
859,Доход,Услуга,Безнал,Обычная стрижка,31.01.2024,1,,,,,"р.0,00","р.3 500,00","р.3 500,00"
860,Доход,Услуга,Безнал,Стрижка старшего мастера,31.01.2024,1,,,,,"р.0,00","р.5 500,00","р.5 500,00"
861,Расход,Товар,Безнал,Закупка резинок,31.01.2024,1,,,,,"р.0,00","р.500,00","р.500,00"
862,Доход,Услуга,Безнал,Обычная стрижка,31.01.2024,1,,,,,"р.0,00","р.3 500,00","р.3 500,00"
863,Доход,Услуга,Безнал,Стрижка и укладка,31.01.2024,1,,,,,"р.0,00","р.4 500,00","р.4 500,00"
864,Доход,Услуга,Безнал,Стрижка старшего мастера,31.01.2024,1,,,,,"р.0,00","р.5 500,00","р.5 500,00"
865,Доход,Товар,Безнал,Продажа шампуня,31.01.2024,1,,,,,"р.0,00","р.500,00","р.500,00"
866,Расход,Товар,Безнал,Закупка полотенец,31.01.2024,1,,,,,"р.0,00","р.1 000,00","р.1 000,00"
867,Доход,Услуга,Безнал,Обычная стрижка,31.01.2024,1,,,,,"р.0,00","р.3 500,00","р.3 500,00"
868,Доход,Услуга,Безнал,Стрижка и укладка,31.01.2024,1,,,,,"р.0,00","р.4 500,00","р.4 500,00"
869,Доход,Товар,Безнал,Продажа геля,31.01.2024,1,,,,,"р.0,00","р.300,00","р.300,00"
870,Доход,Товар,Безнал,Продажа шампуня и кондиционера,31.01.2024,1,,,,,"р.0,00","р.1 000,00","р.1 000,00"
871,Доход,Услуга,Безнал,Обычная стрижка,01.02.2024,2,,,,,"р.0,00","р.3 500,00","р.3 500,00"
872,Доход,Товар,Наличные,Продажа шампуня,01.02.2024,2,,,,,"р.0,00","р.500,00","р.500,00"
873,Расход,Товар,Безнал,Закупка полотенец,01.02.2024,2,,,,,"р.0,00","р.1 000,00","р.1 000,00"
874,Доход,Услуга,Безнал,Обычная стрижка,01.02.2024,2,,,,,"р.0,00","р.3 500,00","р.3 500,00"
875,Доход,Услуга,Безнал,Стрижка старшего мастера,01.02.2024,2,,,,,"р.0,00","р.5 500,00","р.5 500,00"
876,Доход,Услуга,Безнал,Обычная стрижка,01.02.2024,2,,,,,"р.0,00","р.3 500,00","р.3 500,00"
877,Доход,Товар,Наличные,Продажа шампуня и кондиционера,01.02.2024,2,,,,,"р.0,00","р.1 000,00","р.1 000,00"
878,Доход,Услуга,Наличные,Обычная стрижка,01.02.2024,2,,,,,"р.0,00","р.3 500,00","р.3 500,00"
879,Доход,Услуга,Безнал,Обычная стрижка,01.02.2024,2,,,,,"р.0,00","р.3 500,00","р.3 500,00"
880,Доход,Услуга,Безнал,Обычная стрижка,01.02.2024,2,,,,,"р.0,00","р.3 500,00","р.3 500,00"
881,Доход,Услуга,Безнал,Стрижка старшего мастера,01.02.2024,2,,,,,"р.0,00","р.5 500,00","р.5 500,00"
882,Доход,Товар,Безнал,Продажа геля,01.02.2024,2,,,,,"р.0,00","р.300,00","р.300,00"
883,Доход,Услуга,Безнал,Стрижка и укладка,01.02.2024,2,,,,,"р.0,00","р.4 500,00","р.4 500,00"
884,Доход,Услуга,Безнал,Стрижка и укладка,01.02.2024,2,,,,,"р.0,00","р.4 500,00","р.4 500,00"
885,Доход,Услуга,Наличные,Обычная стрижка,01.02.2024,2,,,,,"р.0,00","р.3 500,00","р.3 500,00"
886,Расход,Товар,Безнал,Прочие расходы,01.02.2024,2,,,,,"р.0,00","р.300,00","р.300,00"
887,Доход,Услуга,Безнал,Обычная стрижка,01.02.2024,2,,,,,"р.0,00","р.3 500,00","р.3 500,00"
888,Доход,Услуга,Наличные,Стрижка и укладка,01.02.2024,2,,,,,"р.0,00","р.4 500,00","р.4 500,00"
889,Расход,Товар,Безнал,Закупка резинок,01.02.2024,2,,,,,"р.0,00","р.500,00","р.500,00"
890,Доход,Услуга,Безнал,Стрижка и укладка,01.02.2024,2,,,,,"р.0,00","р.4 500,00","р.4 500,00"
891,Доход,Услуга,Безнал,Стрижка и укладка,01.02.2024,2,,,,,"р.0,00","р.4 500,00","р.4 500,00"
892,Доход,Товар,Безнал,Продажа шампуня,01.02.2024,2,,,,,"р.0,00","р.500,00","р.500,00"
893,Доход,Услуга,Безнал,Обычная стрижка,01.02.2024,2,,,,,"р.0,00","р.3 500,00","р.3 500,00"
894,Доход,Услуга,Безнал,Обычная стрижка,01.02.2024,2,,,,,"р.0,00","р.3 500,00","р.3 500,00"
895,Доход,Товар,Безнал,Продажа шампуня,01.02.2024,2,,,,,"р.0,00","р.500,00","р.500,00"
896,Доход,Услуга,Наличные,Стрижка и укладка,01.02.2024,2,,,,,"р.0,00","р.4 500,00","р.4 500,00"
897,Расход,Товар,Безнал,Закупка полотенец,01.02.2024,2,,,,,"р.0,00","р.1 000,00","р.1 000,00"
898,Доход,Услуга,Безнал,Стрижка и укладка,01.02.2024,2,,,,,"р.0,00","р.4 500,00","р.4 500,00"
899,Доход,Услуга,Безнал,Обычная стрижка,01.02.2024,2,,,,,"р.0,00","р.3 500,00","р.3 500,00"
900,Расход,Товар,Безнал,Прочие расходы,01.02.2024,2,,,,,"р.0,00","р.300,00","р.300,00"
901,Доход,Услуга,Безнал,Стрижка и укладка,01.02.2024,2,,,,,"р.0,00","р.4 500,00","р.4 500,00"
902,Доход,Услуга,Безнал,Стрижка старшего мастера,02.02.2024,2,,,,,"р.0,00","р.5 500,00","р.5 500,00"
903,Доход,Услуга,Безнал,Стрижка старшего мастера,02.02.2024,2,,,,,"р.0,00","р.5 500,00","р.5 500,00"
904,Доход,Услуга,Наличные,Стрижка старшего мастера,02.02.2024,2,,,,,"р.0,00","р.5 500,00","р.5 500,00"
905,Расход,Товар,Безнал,Закупка полотенец,02.02.2024,2,,,,,"р.0,00","р.1 000,00","р.1 000,00"
906,Доход,Услуга,Безнал,Стрижка старшего мастера,02.02.2024,2,,,,,"р.0,00","р.5 500,00","р.5 500,00"
907,Доход,Услуга,Безнал,Стрижка и укладка,02.02.2024,2,,,,,"р.0,00","р.4 500,00","р.4 500,00"
908,Доход,Услуга,Наличные,Стрижка и укладка,02.02.2024,2,,,,,"р.0,00","р.4 500,00","р.4 500,00"
909,Доход,Товар,Безнал,Продажа шампуня и кондиционера,02.02.2024,2,,,,,"р.0,00","р.1 000,00","р.1 000,00"
910,Доход,Товар,Безнал,Продажа шампуня,02.02.2024,2,,,,,"р.0,00","р.500,00","р.500,00"
911,Доход,Услуга,Безнал,Стрижка старшего мастера,02.02.2024,2,,,,,"р.0,00","р.5 500,00","р.5 500,00"
912,Доход,Товар,Безнал,Продажа геля,02.02.2024,2,,,,,"р.0,00","р.300,00","р.300,00"
913,Доход,Товар,Безнал,Продажа шампуня и кондиционера,02.02.2024,2,,,,,"р.0,00","р.1 000,00","р.1 000,00"
914,Доход,Услуга,Безнал,Обычная стрижка,02.02.2024,2,,,,,"р.0,00","р.3 500,00","р.3 500,00"
915,Доход,Товар,Безнал,Продажа шампуня и кондиционера,02.02.2024,2,,,,,"р.0,00","р.1 000,00","р.1 000,00"
916,Доход,Услуга,Безнал,Стрижка старшего мастера,02.02.2024,2,,,,,"р.0,00","р.5 500,00","р.5 500,00"
917,Доход,Услуга,Безнал,Стрижка и укладка,02.02.2024,2,42gbcz2160230,3,Поисковые запросы в Яндексе,"0,05","р.225,00","р.4 500,00","р.4 275,00"
918,Доход,Услуга,Наличные,Обычная стрижка,02.02.2024,2,,,,,"р.0,00","р.3 500,00","р.3 500,00"
919,Доход,Услуга,Безнал,Обычная стрижка,02.02.2024,2,,,,,"р.0,00","р.3 500,00","р.3 500,00"
920,Доход,Услуга,Наличные,Стрижка и укладка,02.02.2024,2,,,,,"р.0,00","р.4 500,00","р.4 500,00"
921,Доход,Услуга,Наличные,Стрижка старшего мастера,02.02.2024,2,,,,,"р.0,00","р.5 500,00","р.5 500,00"
922,Расход,Товар,Безнал,Закупка резинок,02.02.2024,2,,,,,"р.0,00","р.500,00","р.500,00"
923,Доход,Услуга,Безнал,Обычная стрижка,02.02.2024,2,,,,,"р.0,00","р.3 500,00","р.3 500,00"
924,Доход,Услуга,Безнал,Стрижка и укладка,02.02.2024,2,,,,,"р.0,00","р.4 500,00","р.4 500,00"
925,Доход,Услуга,Безнал,Стрижка и укладка,02.02.2024,2,,,,,"р.0,00","р.4 500,00","р.4 500,00"
926,Расход,Товар,Безнал,Закупка полотенец,02.02.2024,2,,,,,"р.0,00","р.1 000,00","р.1 000,00"
927,Доход,Услуга,Безнал,Стрижка старшего мастера,02.02.2024,2,42gbcz559278,3,Поисковые запросы в Яндексе,"0,05","р.275,00","р.5 500,00","р.5 225,00"
928,Доход,Услуга,Безнал,Стрижка старшего мастера,02.02.2024,2,,,,,"р.0,00","р.5 500,00","р.5 500,00"
929,Доход,Услуга,Безнал,Обычная стрижка,02.02.2024,2,42gbcz2510800,5,Посты в VK,"0,15","р.525,00","р.3 500,00","р.2 975,00"
930,Доход,Услуга,Безнал,Обычная стрижка,02.02.2024,2,,,,,"р.0,00","р.3 500,00","р.3 500,00"
931,Доход,Товар,Безнал,Продажа шампуня,02.02.2024,2,,,,,"р.0,00","р.500,00","р.500,00"
932,Доход,Услуга,Наличные,Стрижка старшего мастера,02.02.2024,2,42gbcz3115108,4,Посты в Telegram,"0,50","р.2 750,00","р.5 500,00","р.2 750,00"
933,Доход,Услуга,Безнал,Стрижка старшего мастера,03.02.2024,2,42gbcz2233002,7,Сторис в VK,"0,15","р.825,00","р.5 500,00","р.4 675,00"
934,Доход,Услуга,Безнал,Обычная стрижка,03.02.2024,2,,,,,"р.0,00","р.3 500,00","р.3 500,00"
935,Доход,Услуга,Безнал,Стрижка старшего мастера,03.02.2024,2,,,,,"р.0,00","р.5 500,00","р.5 500,00"
936,Доход,Товар,Безнал,Продажа шампуня,03.02.2024,2,,,,,"р.0,00","р.500,00","р.500,00"
937,Доход,Услуга,Безнал,Стрижка и укладка,03.02.2024,2,,,,,"р.0,00","р.4 500,00","р.4 500,00"
938,Доход,Услуга,Безнал,Стрижка старшего мастера,03.02.2024,2,42gbcz1346546,7,Сторис в VK,"0,15","р.825,00","р.5 500,00","р.4 675,00"
939,Доход,Услуга,Безнал,Обычная стрижка,03.02.2024,2,,,,,"р.0,00","р.3 500,00","р.3 500,00"
940,Доход,Услуга,Наличные,Обычная стрижка,03.02.2024,2,,,,,"р.0,00","р.3 500,00","р.3 500,00"
941,Доход,Услуга,Безнал,Стрижка и укладка,03.02.2024,2,,,,,"р.0,00","р.4 500,00","р.4 500,00"
942,Доход,Услуга,Безнал,Обычная стрижка,03.02.2024,2,,,,,"р.0,00","р.3 500,00","р.3 500,00"
943,Доход,Услуга,Безнал,Обычная стрижка,03.02.2024,2,,,,,"р.0,00","р.3 500,00","р.3 500,00"
944,Расход,Товар,Безнал,Прочие расходы,03.02.2024,2,,,,,"р.0,00","р.300,00","р.300,00"
945,Доход,Услуга,Безнал,Обычная стрижка,03.02.2024,2,,,,,"р.0,00","р.3 500,00","р.3 500,00"
946,Доход,Услуга,Безнал,Обычная стрижка,03.02.2024,2,42gbcz574542,6,Реклама в VK,"0,20","р.700,00","р.3 500,00","р.2 800,00"
947,Доход,Услуга,Безнал,Обычная стрижка,03.02.2024,2,,,,,"р.0,00","р.3 500,00","р.3 500,00"
948,Доход,Товар,Безнал,Продажа геля,03.02.2024,2,,,,,"р.0,00","р.300,00","р.300,00"
949,Доход,Услуга,Безнал,Стрижка старшего мастера,03.02.2024,2,,,,,"р.0,00","р.5 500,00","р.5 500,00"
950,Доход,Услуга,Безнал,Стрижка старшего мастера,03.02.2024,2,,,,,"р.0,00","р.5 500,00","р.5 500,00"
951,Расход,Товар,Безнал,Закупка полотенец,03.02.2024,2,,,,,"р.0,00","р.1 000,00","р.1 000,00"
952,Доход,Услуга,Безнал,Обычная стрижка,03.02.2024,2,,,,,"р.0,00","р.3 500,00","р.3 500,00"
953,Доход,Товар,Безнал,Продажа геля,03.02.2024,2,,,,,"р.0,00","р.300,00","р.300,00"
954,Расход,Товар,Безнал,Закупка полотенец,03.02.2024,2,,,,,"р.0,00","р.1 000,00","р.1 000,00"
955,Доход,Услуга,Безнал,Стрижка и укладка,03.02.2024,2,42gbcz2416797,5,Посты в VK,"0,15","р.675,00","р.4 500,00","р.3 825,00"
956,Доход,Услуга,Безнал,Стрижка и укладка,03.02.2024,2,42gbcz2896547,1,Обещаем скидки,"0,10","р.450,00","р.4 500,00","р.4 050,00"
957,Доход,Услуга,Безнал,Стрижка и укладка,03.02.2024,2,,,,,"р.0,00","р.4 500,00","р.4 500,00"
958,Доход,Услуга,Безнал,Стрижка старшего мастера,03.02.2024,2,,,,,"р.0,00","р.5 500,00","р.5 500,00"
959,Доход,Услуга,Безнал,Стрижка старшего мастера,03.02.2024,2,42gbcz745459,2,Поисковые запросы в Гугле,"0,10","р.550,00","р.5 500,00","р.4 950,00"
960,Доход,Услуга,Безнал,Обычная стрижка,03.02.2024,2,,,,,"р.0,00","р.3 500,00","р.3 500,00"
961,Доход,Услуга,Безнал,Стрижка старшего мастера,03.02.2024,2,,,,,"р.0,00","р.5 500,00","р.5 500,00"
962,Расход,Товар,Безнал,Закупка резинок,03.02.2024,2,,,,,"р.0,00","р.500,00","р.500,00"
963,Доход,Товар,Безнал,Продажа шампуня и кондиционера,03.02.2024,2,,,,,"р.0,00","р.1 000,00","р.1 000,00"
964,Расход,Услуга,Безнал,Аренда,03.02.2024,2,,,,,"р.0,00","р.70 000,00","р.70 000,00"
965,Расход,Услуга,Безнал,Коммунальные услуги,03.02.2024,2,,,,,"р.0,00","р.7 000,00","р.7 000,00"
966,Доход,Товар,Безнал,Продажа шампуня и кондиционера,04.02.2024,2,,,,,"р.0,00","р.1 000,00","р.1 000,00"
967,Доход,Услуга,Безнал,Обычная стрижка,04.02.2024,2,,,,,"р.0,00","р.3 500,00","р.3 500,00"
968,Доход,Товар,Наличные,Продажа шампуня,04.02.2024,2,,,,,"р.0,00","р.500,00","р.500,00"
969,Доход,Услуга,Безнал,Обычная стрижка,04.02.2024,2,,,,,"р.0,00","р.3 500,00","р.3 500,00"
970,Доход,Услуга,Безнал,Обычная стрижка,04.02.2024,2,,,,,"р.0,00","р.3 500,00","р.3 500,00"
971,Расход,Товар,Безнал,Закупка резинок,04.02.2024,2,,,,,"р.0,00","р.500,00","р.500,00"
972,Доход,Услуга,Безнал,Обычная стрижка,04.02.2024,2,,,,,"р.0,00","р.3 500,00","р.3 500,00"
973,Расход,Товар,Безнал,Прочие расходы,04.02.2024,2,,,,,"р.0,00","р.300,00","р.300,00"
974,Доход,Товар,Безнал,Продажа шампуня,04.02.2024,2,,,,,"р.0,00","р.500,00","р.500,00"
975,Доход,Услуга,Безнал,Стрижка старшего мастера,04.02.2024,2,,,,,"р.0,00","р.5 500,00","р.5 500,00"
976,Расход,Услуга,Безнал,Рекламный бюджет,04.02.2024,2,,,,,"р.0,00","р.50 000,00","р.50 000,00"
977,Доход,Услуга,Безнал,Обычная стрижка,04.02.2024,2,,,,,"р.0,00","р.3 500,00","р.3 500,00"
978,Доход,Услуга,Безнал,Стрижка и укладка,04.02.2024,2,,,,,"р.0,00","р.4 500,00","р.4 500,00"
979,Доход,Услуга,Безнал,Обычная стрижка,04.02.2024,2,,,,,"р.0,00","р.3 500,00","р.3 500,00"
980,Доход,Товар,Безнал,Продажа геля,04.02.2024,2,,,,,"р.0,00","р.300,00","р.300,00"
981,Доход,Услуга,Безнал,Стрижка старшего мастера,04.02.2024,2,,,,,"р.0,00","р.5 500,00","р.5 500,00"
982,Доход,Товар,Наличные,Продажа шампуня,04.02.2024,2,,,,,"р.0,00","р.500,00","р.500,00"
983,Доход,Услуга,Безнал,Обычная стрижка,04.02.2024,2,,,,,"р.0,00","р.3 500,00","р.3 500,00"
984,Расход,Товар,Наличные,Прочие расходы,04.02.2024,2,,,,,"р.0,00","р.300,00","р.300,00"
985,Расход,Товар,Безнал,Прочие расходы,04.02.2024,2,,,,,"р.0,00","р.300,00","р.300,00"
986,Доход,Услуга,Наличные,Стрижка старшего мастера,04.02.2024,2,,,,,"р.0,00","р.5 500,00","р.5 500,00"
987,Расход,Товар,Безнал,Закупка резинок,04.02.2024,2,,,,,"р.0,00","р.500,00","р.500,00"
988,Расход,Товар,Безнал,Закупка полотенец,04.02.2024,2,,,,,"р.0,00","р.1 000,00","р.1 000,00"
989,Доход,Услуга,Безнал,Обычная стрижка,04.02.2024,2,,,,,"р.0,00","р.3 500,00","р.3 500,00"
990,Доход,Услуга,Безнал,Стрижка и укладка,04.02.2024,2,,,,,"р.0,00","р.4 500,00","р.4 500,00"
991,Доход,Товар,Наличные,Продажа шампуня,04.02.2024,2,,,,,"р.0,00","р.500,00","р.500,00"
992,Доход,Услуга,Наличные,Стрижка старшего мастера,04.02.2024,2,,,,,"р.0,00","р.5 500,00","р.5 500,00"
993,Доход,Услуга,Безнал,Обычная стрижка,04.02.2024,2,,,,,"р.0,00","р.3 500,00","р.3 500,00"
994,Доход,Услуга,Безнал,Обычная стрижка,04.02.2024,2,,,,,"р.0,00","р.3 500,00","р.3 500,00"
995,Доход,Услуга,Безнал,Обычная стрижка,04.02.2024,2,,,,,"р.0,00","р.3 500,00","р.3 500,00"
996,Расход,Товар,Наличные,Прочие расходы,04.02.2024,2,,,,,"р.0,00","р.300,00","р.300,00"
997,Доход,Товар,Безнал,Продажа шампуня и кондиционера,05.02.2024,2,,,,,"р.0,00","р.1 000,00","р.1 000,00"
998,Доход,Услуга,Безнал,Обычная стрижка,05.02.2024,2,,,,,"р.0,00","р.3 500,00","р.3 500,00"
999,Доход,Услуга,Наличные,Стрижка старшего мастера,05.02.2024,2,,,,,"р.0,00","р.5 500,00","р.5 500,00"
1000,Доход,Услуга,Безнал,Обычная стрижка,05.02.2024,2,,,,,"р.0,00","р.3 500,00","р.3 500,00"
1001,Доход,Услуга,Безнал,Стрижка и укладка,05.02.2024,2,,,,,"р.0,00","р.4 500,00","р.4 500,00"
1002,Доход,Товар,Наличные,Продажа шампуня,05.02.2024,2,,,,,"р.0,00","р.500,00","р.500,00"
1003,Расход,Услуга,Безнал,Зарплата,05.02.2024,2,,,,,"р.0,00","р.82 500,00","р.82 500,00"
1004,Расход,Услуга,Безнал,Зарплата,05.02.2024,2,,,,,"р.0,00","р.82 500,00","р.82 500,00"
1005,Расход,Услуга,Безнал,Зарплата,05.02.2024,2,,,,,"р.0,00","р.82 500,00","р.82 500,00"
1006,Расход,Услуга,Безнал,Зарплата,05.02.2024,2,,,,,"р.0,00","р.82 500,00","р.82 500,00"
1007,Расход,Услуга,Безнал,Зарплата,05.02.2024,2,,,,,"р.0,00","р.82 500,00","р.82 500,00"
1008,Расход,Услуга,Безнал,Зарплата,05.02.2024,2,,,,,"р.0,00","р.82 500,00","р.82 500,00"
1009,Расход,Услуга,Безнал,Зарплата,05.02.2024,2,,,,,"р.0,00","р.82 500,00","р.82 500,00"
1010,Расход,Услуга,Безнал,Зарплата,05.02.2024,2,,,,,"р.0,00","р.82 500,00","р.82 500,00"
1011,Расход,Услуга,Безнал,Бухгалтерия и РКО,05.02.2024,2,,,,,"р.0,00","р.15 000,00","р.15 000,00"
1012,Расход,Услуга,Безнал,Эквайринг,05.02.2024,2,,,,,"р.0,00","р.56 700,00","р.56 700,00"
1013,Доход,Услуга,Наличные,Стрижка старшего мастера,05.02.2024,2,,,,,"р.0,00","р.5 500,00","р.5 500,00"
1014,Доход,Товар,Наличные,Продажа шампуня и кондиционера,05.02.2024,2,,,,,"р.0,00","р.1 000,00","р.1 000,00"
1015,Расход,Товар,Безнал,Закупка резинок,05.02.2024,2,,,,,"р.0,00","р.500,00","р.500,00"
1016,Доход,Услуга,Безнал,Обычная стрижка,05.02.2024,2,,,,,"р.0,00","р.3 500,00","р.3 500,00"
1017,Расход,Товар,Безнал,Прочие расходы,05.02.2024,2,,,,,"р.0,00","р.300,00","р.300,00"
1018,Доход,Услуга,Безнал,Обычная стрижка,05.02.2024,2,42gbcz211174,4,Посты в Telegram,"0,50","р.1 750,00","р.3 500,00","р.1 750,00"
1019,Доход,Услуга,Безнал,Стрижка старшего мастера,05.02.2024,2,,,,,"р.0,00","р.5 500,00","р.5 500,00"
1020,Доход,Услуга,Безнал,Стрижка и укладка,05.02.2024,2,,,,,"р.0,00","р.4 500,00","р.4 500,00"
1021,Расход,Товар,Безнал,Прочие расходы,05.02.2024,2,,,,,"р.0,00","р.300,00","р.300,00"
1022,Доход,Услуга,Безнал,Стрижка старшего мастера,05.02.2024,2,,,,,"р.0,00","р.5 500,00","р.5 500,00"
1023,Доход,Услуга,Безнал,Обычная стрижка,05.02.2024,2,42gbcz1057829,3,Поисковые запросы в Яндексе,"0,05","р.175,00","р.3 500,00","р.3 325,00"
1024,Доход,Услуга,Безнал,Стрижка и укладка,05.02.2024,2,,,,,"р.0,00","р.4 500,00","р.4 500,00"
1025,Расход,Товар,Безнал,Закупка резинок,05.02.2024,2,,,,,"р.0,00","р.500,00","р.500,00"
1026,Доход,Услуга,Безнал,Стрижка и укладка,05.02.2024,2,,,,,"р.0,00","р.4 500,00","р.4 500,00"
1027,Доход,Услуга,Безнал,Стрижка старшего мастера,05.02.2024,2,,,,,"р.0,00","р.5 500,00","р.5 500,00"
1028,Доход,Товар,Безнал,Продажа шампуня,06.02.2024,2,,,,,"р.0,00","р.500,00","р.500,00"
1029,Доход,Услуга,Безнал,Стрижка старшего мастера,06.02.2024,2,,,,,"р.0,00","р.5 500,00","р.5 500,00"
1030,Доход,Товар,Безнал,Продажа геля,06.02.2024,2,,,,,"р.0,00","р.300,00","р.300,00"
1031,Доход,Услуга,Безнал,Обычная стрижка,06.02.2024,2,,,,,"р.0,00","р.3 500,00","р.3 500,00"
1032,Доход,Услуга,Наличные,Обычная стрижка,06.02.2024,2,,,,,"р.0,00","р.3 500,00","р.3 500,00"
1033,Доход,Услуга,Безнал,Стрижка старшего мастера,06.02.2024,2,,,,,"р.0,00","р.5 500,00","р.5 500,00"
1034,Доход,Услуга,Безнал,Стрижка старшего мастера,06.02.2024,2,,,,,"р.0,00","р.5 500,00","р.5 500,00"
1035,Расход,Товар,Безнал,Прочие расходы,06.02.2024,2,,,,,"р.0,00","р.300,00","р.300,00"
1036,Доход,Услуга,Безнал,Стрижка и укладка,06.02.2024,2,,,,,"р.0,00","р.4 500,00","р.4 500,00"
1037,Доход,Услуга,Безнал,Обычная стрижка,06.02.2024,2,,,,,"р.0,00","р.3 500,00","р.3 500,00"
1038,Расход,Товар,Безнал,Закупка резинок,06.02.2024,2,,,,,"р.0,00","р.500,00","р.500,00"
1039,Доход,Услуга,Безнал,Обычная стрижка,06.02.2024,2,,,,,"р.0,00","р.3 500,00","р.3 500,00"
1040,Доход,Услуга,Наличные,Обычная стрижка,06.02.2024,2,,,,,"р.0,00","р.3 500,00","р.3 500,00"
1041,Доход,Товар,Безнал,Продажа геля,06.02.2024,2,,,,,"р.0,00","р.300,00","р.300,00"
1042,Доход,Услуга,Безнал,Стрижка старшего мастера,06.02.2024,2,,,,,"р.0,00","р.5 500,00","р.5 500,00"
1043,Доход,Услуга,Безнал,Обычная стрижка,06.02.2024,2,,,,,"р.0,00","р.3 500,00","р.3 500,00"
1044,Доход,Услуга,Наличные,Стрижка старшего мастера,06.02.2024,2,,,,,"р.0,00","р.5 500,00","р.5 500,00"
1045,Доход,Услуга,Безнал,Стрижка и укладка,06.02.2024,2,,,,,"р.0,00","р.4 500,00","р.4 500,00"
1046,Доход,Услуга,Безнал,Обычная стрижка,06.02.2024,2,,,,,"р.0,00","р.3 500,00","р.3 500,00"
1047,Доход,Услуга,Безнал,Стрижка и укладка,06.02.2024,2,,,,,"р.0,00","р.4 500,00","р.4 500,00"
1048,Доход,Услуга,Безнал,Обычная стрижка,06.02.2024,2,,,,,"р.0,00","р.3 500,00","р.3 500,00"
1049,Доход,Услуга,Безнал,Обычная стрижка,06.02.2024,2,,,,,"р.0,00","р.3 500,00","р.3 500,00"
1050,Расход,Товар,Безнал,Закупка полотенец,06.02.2024,2,,,,,"р.0,00","р.1 000,00","р.1 000,00"
1051,Доход,Товар,Безнал,Продажа шампуня,06.02.2024,2,,,,,"р.0,00","р.500,00","р.500,00"
1052,Доход,Услуга,Наличные,Стрижка старшего мастера,06.02.2024,2,,,,,"р.0,00","р.5 500,00","р.5 500,00"
1053,Доход,Услуга,Безнал,Стрижка и укладка,06.02.2024,2,,,,,"р.0,00","р.4 500,00","р.4 500,00"
1054,Доход,Услуга,Безнал,Обычная стрижка,06.02.2024,2,,,,,"р.0,00","р.3 500,00","р.3 500,00"
1055,Доход,Услуга,Безнал,Обычная стрижка,06.02.2024,2,,,,,"р.0,00","р.3 500,00","р.3 500,00"
1056,Доход,Услуга,Наличные,Стрижка и укладка,06.02.2024,2,,,,,"р.0,00","р.4 500,00","р.4 500,00"
1057,Доход,Услуга,Безнал,Стрижка старшего мастера,06.02.2024,2,,,,,"р.0,00","р.5 500,00","р.5 500,00"
1058,Доход,Услуга,Безнал,Обычная стрижка,06.02.2024,2,,,,,"р.0,00","р.3 500,00","р.3 500,00"
1059,Расход,Товар,Безнал,Закупка полотенец,07.02.2024,2,,,,,"р.0,00","р.1 000,00","р.1 000,00"
1060,Доход,Товар,Наличные,Продажа геля,07.02.2024,2,42gbcz3643868,3,Поисковые запросы в Яндексе,"0,05","р.15,00","р.300,00","р.285,00"
1061,Доход,Услуга,Безнал,Стрижка и укладка,07.02.2024,2,,,,,"р.0,00","р.4 500,00","р.4 500,00"
1062,Доход,Товар,Безнал,Продажа геля,07.02.2024,2,,,,,"р.0,00","р.300,00","р.300,00"
1063,Доход,Услуга,Наличные,Обычная стрижка,07.02.2024,2,,,,,"р.0,00","р.3 500,00","р.3 500,00"
1064,Расход,Товар,Безнал,Прочие расходы,07.02.2024,2,,,,,"р.0,00","р.300,00","р.300,00"
1065,Доход,Услуга,Безнал,Обычная стрижка,07.02.2024,2,,,,,"р.0,00","р.3 500,00","р.3 500,00"
1066,Доход,Товар,Безнал,Продажа шампуня и кондиционера,07.02.2024,2,42gbcz638331,2,Поисковые запросы в Гугле,"0,10","р.100,00","р.1 000,00","р.900,00"
1067,Доход,Услуга,Безнал,Стрижка и укладка,07.02.2024,2,,,,,"р.0,00","р.4 500,00","р.4 500,00"
1068,Доход,Услуга,Безнал,Обычная стрижка,07.02.2024,2,,,,,"р.0,00","р.3 500,00","р.3 500,00"
1069,Доход,Услуга,Безнал,Обычная стрижка,07.02.2024,2,,,,,"р.0,00","р.3 500,00","р.3 500,00"
1070,Доход,Услуга,Наличные,Стрижка старшего мастера,07.02.2024,2,,,,,"р.0,00","р.5 500,00","р.5 500,00"
1071,Доход,Услуга,Наличные,Обычная стрижка,07.02.2024,2,,,,,"р.0,00","р.3 500,00","р.3 500,00"
1072,Расход,Товар,Безнал,Закупка полотенец,07.02.2024,2,,,,,"р.0,00","р.1 000,00","р.1 000,00"
1073,Доход,Услуга,Наличные,Обычная стрижка,07.02.2024,2,,,,,"р.0,00","р.3 500,00","р.3 500,00"
1074,Доход,Услуга,Безнал,Стрижка и укладка,07.02.2024,2,,,,,"р.0,00","р.4 500,00","р.4 500,00"
1075,Доход,Услуга,Безнал,Стрижка и укладка,07.02.2024,2,,,,,"р.0,00","р.4 500,00","р.4 500,00"
1076,Доход,Услуга,Безнал,Обычная стрижка,07.02.2024,2,42gbcz2191879,7,Сторис в VK,"0,15","р.525,00","р.3 500,00","р.2 975,00"
1077,Доход,Услуга,Безнал,Стрижка и укладка,07.02.2024,2,,,,,"р.0,00","р.4 500,00","р.4 500,00"
1078,Расход,Товар,Безнал,Закупка резинок,07.02.2024,2,,,,,"р.0,00","р.500,00","р.500,00"
1079,Доход,Услуга,Безнал,Стрижка старшего мастера,07.02.2024,2,,,,,"р.0,00","р.5 500,00","р.5 500,00"
1080,Доход,Товар,Безнал,Продажа шампуня,07.02.2024,2,,,,,"р.0,00","р.500,00","р.500,00"
1081,Доход,Услуга,Безнал,Стрижка старшего мастера,07.02.2024,2,,,,,"р.0,00","р.5 500,00","р.5 500,00"
1082,Доход,Услуга,Наличные,Стрижка и укладка,07.02.2024,2,,,,,"р.0,00","р.4 500,00","р.4 500,00"
1083,Доход,Услуга,Безнал,Стрижка и укладка,07.02.2024,2,,,,,"р.0,00","р.4 500,00","р.4 500,00"
1084,Доход,Товар,Безнал,Продажа геля,07.02.2024,2,,,,,"р.0,00","р.300,00","р.300,00"
1085,Доход,Услуга,Безнал,Обычная стрижка,07.02.2024,2,,,,,"р.0,00","р.3 500,00","р.3 500,00"
1086,Доход,Товар,Наличные,Продажа шампуня и кондиционера,07.02.2024,2,,,,,"р.0,00","р.1 000,00","р.1 000,00"
1087,Доход,Услуга,Безнал,Обычная стрижка,07.02.2024,2,,,,,"р.0,00","р.3 500,00","р.3 500,00"
1088,Доход,Услуга,Наличные,Стрижка старшего мастера,07.02.2024,2,,,,,"р.0,00","р.5 500,00","р.5 500,00"
1089,Доход,Услуга,Наличные,Стрижка старшего мастера,07.02.2024,2,,,,,"р.0,00","р.5 500,00","р.5 500,00"
1090,Доход,Услуга,Безнал,Обычная стрижка,08.02.2024,2,42gbcz1776891,2,Поисковые запросы в Гугле,"0,10","р.350,00","р.3 500,00","р.3 150,00"
1091,Доход,Товар,Безнал,Продажа шампуня,08.02.2024,2,,,,,"р.0,00","р.500,00","р.500,00"
1092,Доход,Услуга,Безнал,Обычная стрижка,08.02.2024,2,,,,,"р.0,00","р.3 500,00","р.3 500,00"
1093,Доход,Услуга,Безнал,Стрижка и укладка,08.02.2024,2,,,,,"р.0,00","р.4 500,00","р.4 500,00"
1094,Доход,Услуга,Безнал,Стрижка старшего мастера,08.02.2024,2,42gbcz2059392,1,Обещаем скидки,"0,10","р.550,00","р.5 500,00","р.4 950,00"
1095,Доход,Услуга,Безнал,Стрижка старшего мастера,08.02.2024,2,,,,,"р.0,00","р.5 500,00","р.5 500,00"
1096,Доход,Услуга,Безнал,Обычная стрижка,08.02.2024,2,,,,,"р.0,00","р.3 500,00","р.3 500,00"
1097,Доход,Услуга,Безнал,Стрижка и укладка,08.02.2024,2,,,,,"р.0,00","р.4 500,00","р.4 500,00"
1098,Доход,Услуга,Безнал,Стрижка старшего мастера,08.02.2024,2,,,,,"р.0,00","р.5 500,00","р.5 500,00"
1099,Доход,Товар,Наличные,Продажа шампуня и кондиционера,08.02.2024,2,,,,,"р.0,00","р.1 000,00","р.1 000,00"
1100,Доход,Услуга,Безнал,Стрижка старшего мастера,08.02.2024,2,,,,,"р.0,00","р.5 500,00","р.5 500,00"
1101,Доход,Товар,Безнал,Продажа шампуня,08.02.2024,2,,,,,"р.0,00","р.500,00","р.500,00"
1102,Доход,Услуга,Безнал,Обычная стрижка,08.02.2024,2,,,,,"р.0,00","р.3 500,00","р.3 500,00"
1103,Доход,Услуга,Безнал,Стрижка и укладка,08.02.2024,2,,,,,"р.0,00","р.4 500,00","р.4 500,00"
1104,Доход,Услуга,Безнал,Обычная стрижка,08.02.2024,2,42gbcz1804175,2,Поисковые запросы в Гугле,"0,10","р.350,00","р.3 500,00","р.3 150,00"
1105,Доход,Товар,Безнал,Продажа шампуня и кондиционера,08.02.2024,2,42gbcz2942725,5,Посты в VK,"0,15","р.150,00","р.1 000,00","р.850,00"
1106,Доход,Товар,Безнал,Продажа геля,08.02.2024,2,42gbcz1810843,4,Посты в Telegram,"0,50","р.150,00","р.300,00","р.150,00"
1107,Расход,Товар,Безнал,Прочие расходы,08.02.2024,2,,,,,"р.0,00","р.300,00","р.300,00"
1108,Доход,Товар,Безнал,Продажа шампуня,08.02.2024,2,,,,,"р.0,00","р.500,00","р.500,00"
1109,Доход,Услуга,Безнал,Стрижка и укладка,08.02.2024,2,,,,,"р.0,00","р.4 500,00","р.4 500,00"
1110,Расход,Товар,Безнал,Прочие расходы,08.02.2024,2,,,,,"р.0,00","р.300,00","р.300,00"
1111,Доход,Услуга,Безнал,Стрижка и укладка,08.02.2024,2,,,,,"р.0,00","р.4 500,00","р.4 500,00"
1112,Расход,Товар,Безнал,Закупка резинок,08.02.2024,2,,,,,"р.0,00","р.500,00","р.500,00"
1113,Доход,Услуга,Наличные,Обычная стрижка,08.02.2024,2,,,,,"р.0,00","р.3 500,00","р.3 500,00"
1114,Доход,Услуга,Безнал,Стрижка и укладка,08.02.2024,2,,,,,"р.0,00","р.4 500,00","р.4 500,00"
1115,Доход,Услуга,Безнал,Стрижка старшего мастера,08.02.2024,2,,,,,"р.0,00","р.5 500,00","р.5 500,00"
1116,Доход,Услуга,Безнал,Обычная стрижка,08.02.2024,2,,,,,"р.0,00","р.3 500,00","р.3 500,00"
1117,Доход,Товар,Наличные,Продажа шампуня,08.02.2024,2,,,,,"р.0,00","р.500,00","р.500,00"
1118,Доход,Услуга,Наличные,Обычная стрижка,08.02.2024,2,,,,,"р.0,00","р.3 500,00","р.3 500,00"
1119,Доход,Услуга,Безнал,Стрижка старшего мастера,08.02.2024,2,,,,,"р.0,00","р.5 500,00","р.5 500,00"
1120,Доход,Услуга,Безнал,Стрижка старшего мастера,08.02.2024,2,,,,,"р.0,00","р.5 500,00","р.5 500,00"
1121,Доход,Услуга,Безнал,Стрижка и укладка,09.02.2024,2,,,,,"р.0,00","р.4 500,00","р.4 500,00"
1122,Доход,Услуга,Безнал,Стрижка старшего мастера,09.02.2024,2,,,,,"р.0,00","р.5 500,00","р.5 500,00"
1123,Доход,Услуга,Безнал,Стрижка старшего мастера,09.02.2024,2,,,,,"р.0,00","р.5 500,00","р.5 500,00"
1124,Доход,Услуга,Безнал,Обычная стрижка,09.02.2024,2,,,,,"р.0,00","р.3 500,00","р.3 500,00"
1125,Расход,Товар,Наличные,Закупка резинок,09.02.2024,2,,,,,"р.0,00","р.500,00","р.500,00"
1126,Доход,Услуга,Безнал,Стрижка и укладка,09.02.2024,2,,,,,"р.0,00","р.4 500,00","р.4 500,00"
1127,Доход,Услуга,Безнал,Обычная стрижка,09.02.2024,2,,,,,"р.0,00","р.3 500,00","р.3 500,00"
1128,Доход,Услуга,Безнал,Стрижка и укладка,09.02.2024,2,,,,,"р.0,00","р.4 500,00","р.4 500,00"
1129,Доход,Услуга,Безнал,Обычная стрижка,09.02.2024,2,,,,,"р.0,00","р.3 500,00","р.3 500,00"
1130,Доход,Услуга,Безнал,Стрижка и укладка,09.02.2024,2,,,,,"р.0,00","р.4 500,00","р.4 500,00"
1131,Расход,Товар,Наличные,Закупка резинок,09.02.2024,2,,,,,"р.0,00","р.500,00","р.500,00"
1132,Доход,Услуга,Безнал,Стрижка и укладка,09.02.2024,2,42gbcz841292,6,Реклама в VK,"0,20","р.900,00","р.4 500,00","р.3 600,00"
1133,Доход,Услуга,Безнал,Стрижка старшего мастера,09.02.2024,2,,,,,"р.0,00","р.5 500,00","р.5 500,00"
1134,Доход,Товар,Безнал,Продажа шампуня и кондиционера,09.02.2024,2,,,,,"р.0,00","р.1 000,00","р.1 000,00"
1135,Доход,Товар,Безнал,Продажа шампуня и кондиционера,09.02.2024,2,,,,,"р.0,00","р.1 000,00","р.1 000,00"
1136,Доход,Услуга,Безнал,Стрижка и укладка,09.02.2024,2,,,,,"р.0,00","р.4 500,00","р.4 500,00"
1137,Доход,Товар,Безнал,Продажа шампуня и кондиционера,09.02.2024,2,,,,,"р.0,00","р.1 000,00","р.1 000,00"
1138,Доход,Товар,Безнал,Продажа геля,09.02.2024,2,42gbcz755521,3,Поисковые запросы в Яндексе,"0,05","р.15,00","р.300,00","р.285,00"
1139,Доход,Услуга,Безнал,Стрижка старшего мастера,09.02.2024,2,,,,,"р.0,00","р.5 500,00","р.5 500,00"
1140,Доход,Товар,Безнал,Продажа геля,09.02.2024,2,,,,,"р.0,00","р.300,00","р.300,00"
1141,Доход,Услуга,Безнал,Стрижка и укладка,09.02.2024,2,,,,,"р.0,00","р.4 500,00","р.4 500,00"
1142,Доход,Услуга,Безнал,Обычная стрижка,09.02.2024,2,,,,,"р.0,00","р.3 500,00","р.3 500,00"
1143,Доход,Услуга,Безнал,Стрижка старшего мастера,09.02.2024,2,,,,,"р.0,00","р.5 500,00","р.5 500,00"
1144,Доход,Услуга,Безнал,Стрижка и укладка,09.02.2024,2,,,,,"р.0,00","р.4 500,00","р.4 500,00"
1145,Доход,Услуга,Безнал,Стрижка старшего мастера,09.02.2024,2,,,,,"р.0,00","р.5 500,00","р.5 500,00"
1146,Доход,Услуга,Безнал,Стрижка и укладка,09.02.2024,2,,,,,"р.0,00","р.4 500,00","р.4 500,00"
1147,Доход,Услуга,Безнал,Стрижка старшего мастера,09.02.2024,2,,,,,"р.0,00","р.5 500,00","р.5 500,00"
1148,Доход,Услуга,Безнал,Стрижка и укладка,09.02.2024,2,42gbcz3011764,7,Сторис в VK,"0,15","р.675,00","р.4 500,00","р.3 825,00"
1149,Доход,Услуга,Наличные,Стрижка старшего мастера,09.02.2024,2,,,,,"р.0,00","р.5 500,00","р.5 500,00"
1150,Доход,Услуга,Безнал,Обычная стрижка,09.02.2024,2,,,,,"р.0,00","р.3 500,00","р.3 500,00"
1151,Доход,Товар,Безнал,Продажа шампуня,09.02.2024,2,,,,,"р.0,00","р.500,00","р.500,00"
1152,Доход,Услуга,Наличные,Стрижка старшего мастера,10.02.2024,2,,,,,"р.0,00","р.5 500,00","р.5 500,00"
1153,Доход,Услуга,Безнал,Стрижка старшего мастера,10.02.2024,2,,,,,"р.0,00","р.5 500,00","р.5 500,00"
1154,Доход,Услуга,Наличные,Стрижка старшего мастера,10.02.2024,2,,,,,"р.0,00","р.5 500,00","р.5 500,00"
1155,Доход,Услуга,Наличные,Обычная стрижка,10.02.2024,2,,,,,"р.0,00","р.3 500,00","р.3 500,00"
1156,Доход,Услуга,Безнал,Стрижка старшего мастера,10.02.2024,2,,,,,"р.0,00","р.5 500,00","р.5 500,00"
1157,Доход,Услуга,Безнал,Стрижка и укладка,10.02.2024,2,,,,,"р.0,00","р.4 500,00","р.4 500,00"
1158,Доход,Услуга,Наличные,Стрижка старшего мастера,10.02.2024,2,,,,,"р.0,00","р.5 500,00","р.5 500,00"
1159,Доход,Услуга,Безнал,Стрижка старшего мастера,10.02.2024,2,42gbcz2498155,7,Сторис в VK,"0,15","р.825,00","р.5 500,00","р.4 675,00"
1160,Расход,Товар,Наличные,Прочие расходы,10.02.2024,2,,,,,"р.0,00","р.300,00","р.300,00"
1161,Доход,Товар,Безнал,Продажа шампуня и кондиционера,10.02.2024,2,42gbcz1438127,6,Реклама в VK,"0,20","р.200,00","р.1 000,00","р.800,00"
1162,Доход,Услуга,Безнал,Обычная стрижка,10.02.2024,2,,,,,"р.0,00","р.3 500,00","р.3 500,00"
1163,Доход,Услуга,Безнал,Стрижка старшего мастера,10.02.2024,2,,,,,"р.0,00","р.5 500,00","р.5 500,00"
1164,Доход,Товар,Наличные,Продажа шампуня,10.02.2024,2,,,,,"р.0,00","р.500,00","р.500,00"
1165,Доход,Услуга,Наличные,Стрижка и укладка,10.02.2024,2,,,,,"р.0,00","р.4 500,00","р.4 500,00"
1166,Расход,Товар,Безнал,Закупка полотенец,10.02.2024,2,,,,,"р.0,00","р.1 000,00","р.1 000,00"
1167,Доход,Услуга,Безнал,Обычная стрижка,10.02.2024,2,,,,,"р.0,00","р.3 500,00","р.3 500,00"
1168,Доход,Услуга,Наличные,Стрижка и укладка,10.02.2024,2,,,,,"р.0,00","р.4 500,00","р.4 500,00"
1169,Доход,Услуга,Безнал,Стрижка старшего мастера,10.02.2024,2,,,,,"р.0,00","р.5 500,00","р.5 500,00"
1170,Доход,Услуга,Безнал,Обычная стрижка,10.02.2024,2,,,,,"р.0,00","р.3 500,00","р.3 500,00"
1171,Доход,Товар,Безнал,Продажа шампуня и кондиционера,10.02.2024,2,,,,,"р.0,00","р.1 000,00","р.1 000,00"
1172,Доход,Услуга,Наличные,Стрижка старшего мастера,10.02.2024,2,,,,,"р.0,00","р.5 500,00","р.5 500,00"
1173,Доход,Товар,Безнал,Продажа шампуня,10.02.2024,2,,,,,"р.0,00","р.500,00","р.500,00"
1174,Доход,Услуга,Безнал,Обычная стрижка,10.02.2024,2,,,,,"р.0,00","р.3 500,00","р.3 500,00"
1175,Доход,Услуга,Безнал,Стрижка старшего мастера,10.02.2024,2,,,,,"р.0,00","р.5 500,00","р.5 500,00"
1176,Доход,Услуга,Наличные,Обычная стрижка,10.02.2024,2,,,,,"р.0,00","р.3 500,00","р.3 500,00"
1177,Доход,Услуга,Безнал,Стрижка и укладка,10.02.2024,2,,,,,"р.0,00","р.4 500,00","р.4 500,00"
1178,Доход,Услуга,Безнал,Стрижка и укладка,10.02.2024,2,,,,,"р.0,00","р.4 500,00","р.4 500,00"
1179,Доход,Услуга,Безнал,Стрижка старшего мастера,10.02.2024,2,,,,,"р.0,00","р.5 500,00","р.5 500,00"
1180,Доход,Услуга,Безнал,Обычная стрижка,10.02.2024,2,,,,,"р.0,00","р.3 500,00","р.3 500,00"
1181,Расход,Товар,Безнал,Прочие расходы,10.02.2024,2,,,,,"р.0,00","р.300,00","р.300,00"
1182,Доход,Товар,Безнал,Продажа шампуня,10.02.2024,2,,,,,"р.0,00","р.500,00","р.500,00"
1183,Доход,Услуга,Безнал,Обычная стрижка,11.02.2024,2,,,,,"р.0,00","р.3 500,00","р.3 500,00"
1184,Доход,Услуга,Безнал,Стрижка и укладка,11.02.2024,2,,,,,"р.0,00","р.4 500,00","р.4 500,00"
1185,Доход,Услуга,Безнал,Стрижка и укладка,11.02.2024,2,,,,,"р.0,00","р.4 500,00","р.4 500,00"
1186,Доход,Услуга,Наличные,Стрижка старшего мастера,11.02.2024,2,,,,,"р.0,00","р.5 500,00","р.5 500,00"
1187,Доход,Услуга,Безнал,Стрижка и укладка,11.02.2024,2,,,,,"р.0,00","р.4 500,00","р.4 500,00"
1188,Доход,Услуга,Безнал,Стрижка и укладка,11.02.2024,2,,,,,"р.0,00","р.4 500,00","р.4 500,00"
1189,Доход,Услуга,Безнал,Стрижка старшего мастера,11.02.2024,2,,,,,"р.0,00","р.5 500,00","р.5 500,00"
1190,Доход,Услуга,Безнал,Стрижка старшего мастера,11.02.2024,2,,,,,"р.0,00","р.5 500,00","р.5 500,00"
1191,Доход,Услуга,Безнал,Обычная стрижка,11.02.2024,2,,,,,"р.0,00","р.3 500,00","р.3 500,00"
1192,Доход,Услуга,Безнал,Обычная стрижка,11.02.2024,2,,,,,"р.0,00","р.3 500,00","р.3 500,00"
1193,Доход,Услуга,Безнал,Стрижка старшего мастера,11.02.2024,2,,,,,"р.0,00","р.5 500,00","р.5 500,00"
1194,Доход,Услуга,Безнал,Стрижка и укладка,11.02.2024,2,,,,,"р.0,00","р.4 500,00","р.4 500,00"
1195,Расход,Товар,Безнал,Прочие расходы,11.02.2024,2,,,,,"р.0,00","р.300,00","р.300,00"
1196,Расход,Товар,Наличные,Закупка резинок,11.02.2024,2,,,,,"р.0,00","р.500,00","р.500,00"
1197,Доход,Услуга,Безнал,Стрижка и укладка,11.02.2024,2,,,,,"р.0,00","р.4 500,00","р.4 500,00"
1198,Доход,Услуга,Наличные,Стрижка старшего мастера,11.02.2024,2,,,,,"р.0,00","р.5 500,00","р.5 500,00"
1199,Доход,Услуга,Безнал,Стрижка и укладка,11.02.2024,2,42gbcz3332142,6,Реклама в VK,"0,20","р.900,00","р.4 500,00","р.3 600,00"
1200,Доход,Товар,Безнал,Продажа шампуня и кондиционера,11.02.2024,2,,,,,"р.0,00","р.1 000,00","р.1 000,00"
1201,Доход,Товар,Наличные,Продажа геля,11.02.2024,2,,,,,"р.0,00","р.300,00","р.300,00"
1202,Доход,Услуга,Безнал,Стрижка и укладка,11.02.2024,2,,,,,"р.0,00","р.4 500,00","р.4 500,00"
1203,Доход,Услуга,Безнал,Стрижка и укладка,11.02.2024,2,,,,,"р.0,00","р.4 500,00","р.4 500,00"
1204,Доход,Товар,Наличные,Продажа шампуня,11.02.2024,2,,,,,"р.0,00","р.500,00","р.500,00"
1205,Доход,Услуга,Безнал,Обычная стрижка,11.02.2024,2,,,,,"р.0,00","р.3 500,00","р.3 500,00"
1206,Доход,Товар,Безнал,Продажа шампуня и кондиционера,11.02.2024,2,,,,,"р.0,00","р.1 000,00","р.1 000,00"
1207,Расход,Товар,Безнал,Закупка резинок,11.02.2024,2,,,,,"р.0,00","р.500,00","р.500,00"
1208,Доход,Услуга,Безнал,Стрижка и укладка,11.02.2024,2,,,,,"р.0,00","р.4 500,00","р.4 500,00"
1209,Доход,Услуга,Наличные,Стрижка и укладка,11.02.2024,2,,,,,"р.0,00","р.4 500,00","р.4 500,00"
1210,Доход,Услуга,Наличные,Стрижка и укладка,11.02.2024,2,,,,,"р.0,00","р.4 500,00","р.4 500,00"
1211,Доход,Товар,Безнал,Продажа шампуня,11.02.2024,2,,,,,"р.0,00","р.500,00","р.500,00"
1212,Расход,Товар,Наличные,Закупка полотенец,11.02.2024,2,,,,,"р.0,00","р.1 000,00","р.1 000,00"
1213,Доход,Услуга,Безнал,Стрижка старшего мастера,11.02.2024,2,,,,,"р.0,00","р.5 500,00","р.5 500,00"
1214,Доход,Услуга,Безнал,Стрижка старшего мастера,12.02.2024,2,,,,,"р.0,00","р.5 500,00","р.5 500,00"
1215,Доход,Услуга,Наличные,Стрижка и укладка,12.02.2024,2,,,,,"р.0,00","р.4 500,00","р.4 500,00"
1216,Доход,Товар,Наличные,Продажа шампуня,12.02.2024,2,,,,,"р.0,00","р.500,00","р.500,00"
1217,Доход,Услуга,Безнал,Стрижка старшего мастера,12.02.2024,2,,,,,"р.0,00","р.5 500,00","р.5 500,00"
1218,Расход,Товар,Безнал,Закупка полотенец,12.02.2024,2,,,,,"р.0,00","р.1 000,00","р.1 000,00"
1219,Доход,Услуга,Наличные,Стрижка старшего мастера,12.02.2024,2,,,,,"р.0,00","р.5 500,00","р.5 500,00"
1220,Доход,Услуга,Безнал,Стрижка и укладка,12.02.2024,2,42gbcz1135604,2,Поисковые запросы в Гугле,"0,10","р.450,00","р.4 500,00","р.4 050,00"
1221,Доход,Товар,Безнал,Продажа шампуня и кондиционера,12.02.2024,2,,,,,"р.0,00","р.1 000,00","р.1 000,00"
1222,Доход,Услуга,Безнал,Стрижка и укладка,12.02.2024,2,,,,,"р.0,00","р.4 500,00","р.4 500,00"
1223,Доход,Услуга,Наличные,Обычная стрижка,12.02.2024,2,,,,,"р.0,00","р.3 500,00","р.3 500,00"
1224,Расход,Товар,Безнал,Закупка резинок,12.02.2024,2,,,,,"р.0,00","р.500,00","р.500,00"
1225,Доход,Услуга,Наличные,Обычная стрижка,12.02.2024,2,,,,,"р.0,00","р.3 500,00","р.3 500,00"
1226,Доход,Услуга,Безнал,Стрижка и укладка,12.02.2024,2,,,,,"р.0,00","р.4 500,00","р.4 500,00"
1227,Доход,Товар,Безнал,Продажа шампуня,12.02.2024,2,42gbcz100626,6,Реклама в VK,"0,20","р.100,00","р.500,00","р.400,00"
1228,Доход,Услуга,Безнал,Стрижка старшего мастера,12.02.2024,2,,,,,"р.0,00","р.5 500,00","р.5 500,00"
1229,Доход,Товар,Безнал,Продажа геля,12.02.2024,2,,,,,"р.0,00","р.300,00","р.300,00"
1230,Доход,Услуга,Наличные,Обычная стрижка,12.02.2024,2,42gbcz1598194,3,Поисковые запросы в Яндексе,"0,05","р.175,00","р.3 500,00","р.3 325,00"
1231,Доход,Услуга,Наличные,Обычная стрижка,12.02.2024,2,,,,,"р.0,00","р.3 500,00","р.3 500,00"
1232,Доход,Услуга,Безнал,Обычная стрижка,12.02.2024,2,42gbcz1806957,1,Обещаем скидки,"0,10","р.350,00","р.3 500,00","р.3 150,00"
1233,Доход,Услуга,Безнал,Стрижка старшего мастера,12.02.2024,2,42gbcz2241778,1,Обещаем скидки,"0,10","р.550,00","р.5 500,00","р.4 950,00"
1234,Доход,Услуга,Безнал,Обычная стрижка,12.02.2024,2,,,,,"р.0,00","р.3 500,00","р.3 500,00"
1235,Доход,Услуга,Безнал,Стрижка и укладка,12.02.2024,2,42gbcz1855642,2,Поисковые запросы в Гугле,"0,10","р.450,00","р.4 500,00","р.4 050,00"
1236,Расход,Товар,Безнал,Прочие расходы,12.02.2024,2,,,,,"р.0,00","р.300,00","р.300,00"
1237,Доход,Услуга,Безнал,Обычная стрижка,12.02.2024,2,,,,,"р.0,00","р.3 500,00","р.3 500,00"
1238,Доход,Товар,Безнал,Продажа геля,12.02.2024,2,,,,,"р.0,00","р.300,00","р.300,00"
1239,Доход,Услуга,Безнал,Обычная стрижка,12.02.2024,2,,,,,"р.0,00","р.3 500,00","р.3 500,00"
1240,Доход,Услуга,Наличные,Стрижка и укладка,12.02.2024,2,42gbcz3653421,1,Обещаем скидки,"0,10","р.450,00","р.4 500,00","р.4 050,00"
1241,Доход,Услуга,Безнал,Стрижка и укладка,12.02.2024,2,,,,,"р.0,00","р.4 500,00","р.4 500,00"
1242,Расход,Товар,Безнал,Закупка полотенец,12.02.2024,2,,,,,"р.0,00","р.1 000,00","р.1 000,00"
1243,Доход,Товар,Безнал,Продажа геля,12.02.2024,2,,,,,"р.0,00","р.300,00","р.300,00"
1244,Доход,Услуга,Безнал,Обычная стрижка,12.02.2024,2,,,,,"р.0,00","р.3 500,00","р.3 500,00"
1245,Доход,Услуга,Безнал,Обычная стрижка,13.02.2024,2,,,,,"р.0,00","р.3 500,00","р.3 500,00"
1246,Расход,Товар,Безнал,Закупка резинок,13.02.2024,2,,,,,"р.0,00","р.500,00","р.500,00"
1247,Доход,Услуга,Наличные,Стрижка и укладка,13.02.2024,2,42gbcz1900914,3,Поисковые запросы в Яндексе,"0,05","р.225,00","р.4 500,00","р.4 275,00"
1248,Доход,Услуга,Безнал,Стрижка старшего мастера,13.02.2024,2,,,,,"р.0,00","р.5 500,00","р.5 500,00"
1249,Доход,Услуга,Безнал,Стрижка старшего мастера,13.02.2024,2,,,,,"р.0,00","р.5 500,00","р.5 500,00"
1250,Доход,Товар,Наличные,Продажа шампуня и кондиционера,13.02.2024,2,,,,,"р.0,00","р.1 000,00","р.1 000,00"
1251,Доход,Товар,Безнал,Продажа шампуня и кондиционера,13.02.2024,2,,,,,"р.0,00","р.1 000,00","р.1 000,00"
1252,Доход,Услуга,Наличные,Стрижка и укладка,13.02.2024,2,,,,,"р.0,00","р.4 500,00","р.4 500,00"
1253,Доход,Услуга,Безнал,Стрижка и укладка,13.02.2024,2,42gbcz2210653,7,Сторис в VK,"0,15","р.675,00","р.4 500,00","р.3 825,00"
1254,Доход,Товар,Наличные,Продажа геля,13.02.2024,2,,,,,"р.0,00","р.300,00","р.300,00"
1255,Расход,Товар,Безнал,Закупка полотенец,13.02.2024,2,,,,,"р.0,00","р.1 000,00","р.1 000,00"
1256,Доход,Услуга,Наличные,Стрижка и укладка,13.02.2024,2,,,,,"р.0,00","р.4 500,00","р.4 500,00"
1257,Доход,Услуга,Безнал,Обычная стрижка,13.02.2024,2,42gbcz620728,2,Поисковые запросы в Гугле,"0,10","р.350,00","р.3 500,00","р.3 150,00"
1258,Доход,Услуга,Безнал,Стрижка и укладка,13.02.2024,2,,,,,"р.0,00","р.4 500,00","р.4 500,00"
1259,Доход,Услуга,Безнал,Стрижка старшего мастера,13.02.2024,2,,,,,"р.0,00","р.5 500,00","р.5 500,00"
1260,Доход,Услуга,Безнал,Обычная стрижка,13.02.2024,2,,,,,"р.0,00","р.3 500,00","р.3 500,00"
1261,Доход,Услуга,Безнал,Стрижка и укладка,13.02.2024,2,,,,,"р.0,00","р.4 500,00","р.4 500,00"
1262,Доход,Услуга,Безнал,Стрижка и укладка,13.02.2024,2,,,,,"р.0,00","р.4 500,00","р.4 500,00"
1263,Доход,Услуга,Безнал,Стрижка старшего мастера,13.02.2024,2,,,,,"р.0,00","р.5 500,00","р.5 500,00"
1264,Расход,Товар,Безнал,Закупка резинок,13.02.2024,2,,,,,"р.0,00","р.500,00","р.500,00"
1265,Доход,Товар,Безнал,Продажа шампуня и кондиционера,13.02.2024,2,,,,,"р.0,00","р.1 000,00","р.1 000,00"
1266,Доход,Услуга,Наличные,Стрижка старшего мастера,13.02.2024,2,42gbcz2997451,2,Поисковые запросы в Гугле,"0,10","р.550,00","р.5 500,00","р.4 950,00"
1267,Расход,Товар,Безнал,Закупка полотенец,13.02.2024,2,,,,,"р.0,00","р.1 000,00","р.1 000,00"
1268,Доход,Услуга,Безнал,Стрижка и укладка,13.02.2024,2,42gbcz322269,5,Посты в VK,"0,15","р.675,00","р.4 500,00","р.3 825,00"
1269,Расход,Товар,Наличные,Прочие расходы,13.02.2024,2,,,,,"р.0,00","р.300,00","р.300,00"
1270,Расход,Товар,Безнал,Закупка резинок,13.02.2024,2,,,,,"р.0,00","р.500,00","р.500,00"
1271,Доход,Услуга,Безнал,Стрижка и укладка,13.02.2024,2,,,,,"р.0,00","р.4 500,00","р.4 500,00"
1272,Доход,Услуга,Наличные,Стрижка и укладка,13.02.2024,2,,,,,"р.0,00","р.4 500,00","р.4 500,00"
1273,Доход,Услуга,Наличные,Стрижка старшего мастера,13.02.2024,2,,,,,"р.0,00","р.5 500,00","р.5 500,00"
1274,Доход,Товар,Безнал,Продажа шампуня и кондиционера,13.02.2024,2,,,,,"р.0,00","р.1 000,00","р.1 000,00"
1275,Доход,Услуга,Безнал,Стрижка и укладка,13.02.2024,2,,,,,"р.0,00","р.4 500,00","р.4 500,00"
1276,Доход,Услуга,Безнал,Обычная стрижка,14.02.2024,2,,,,,"р.0,00","р.3 500,00","р.3 500,00"
1277,Доход,Товар,Наличные,Продажа шампуня,14.02.2024,2,,,,,"р.0,00","р.500,00","р.500,00"
1278,Доход,Услуга,Безнал,Стрижка и укладка,14.02.2024,2,,,,,"р.0,00","р.4 500,00","р.4 500,00"
1279,Доход,Услуга,Безнал,Стрижка старшего мастера,14.02.2024,2,42gbcz2909384,3,Поисковые запросы в Яндексе,"0,05","р.275,00","р.5 500,00","р.5 225,00"
1280,Доход,Товар,Безнал,Продажа шампуня,14.02.2024,2,,,,,"р.0,00","р.500,00","р.500,00"
1281,Доход,Услуга,Безнал,Стрижка старшего мастера,14.02.2024,2,,,,,"р.0,00","р.5 500,00","р.5 500,00"
1282,Доход,Товар,Безнал,Продажа шампуня и кондиционера,14.02.2024,2,,,,,"р.0,00","р.1 000,00","р.1 000,00"
1283,Доход,Услуга,Безнал,Стрижка старшего мастера,14.02.2024,2,42gbcz2137010,7,Сторис в VK,"0,15","р.825,00","р.5 500,00","р.4 675,00"
1284,Доход,Услуга,Безнал,Стрижка и укладка,14.02.2024,2,,,,,"р.0,00","р.4 500,00","р.4 500,00"
1285,Доход,Услуга,Безнал,Обычная стрижка,14.02.2024,2,,,,,"р.0,00","р.3 500,00","р.3 500,00"
1286,Доход,Услуга,Безнал,Стрижка старшего мастера,14.02.2024,2,,,,,"р.0,00","р.5 500,00","р.5 500,00"
1287,Доход,Услуга,Безнал,Стрижка и укладка,14.02.2024,2,,,,,"р.0,00","р.4 500,00","р.4 500,00"
1288,Доход,Услуга,Безнал,Стрижка старшего мастера,14.02.2024,2,,,,,"р.0,00","р.5 500,00","р.5 500,00"
1289,Доход,Товар,Безнал,Продажа шампуня,14.02.2024,2,,,,,"р.0,00","р.500,00","р.500,00"
1290,Доход,Услуга,Безнал,Обычная стрижка,14.02.2024,2,,,,,"р.0,00","р.3 500,00","р.3 500,00"
1291,Доход,Услуга,Безнал,Стрижка старшего мастера,14.02.2024,2,,,,,"р.0,00","р.5 500,00","р.5 500,00"
1292,Расход,Услуга,Безнал,Рекламный бюджет,14.02.2024,2,,,,,"р.0,00","р.50 000,00","р.50 000,00"
1293,Доход,Услуга,Безнал,Обычная стрижка,14.02.2024,2,,,,,"р.0,00","р.3 500,00","р.3 500,00"
1294,Доход,Услуга,Безнал,Стрижка старшего мастера,14.02.2024,2,,,,,"р.0,00","р.5 500,00","р.5 500,00"
1295,Доход,Услуга,Безнал,Обычная стрижка,14.02.2024,2,,,,,"р.0,00","р.3 500,00","р.3 500,00"
1296,Доход,Услуга,Наличные,Стрижка старшего мастера,14.02.2024,2,,,,,"р.0,00","р.5 500,00","р.5 500,00"
1297,Доход,Товар,Безнал,Продажа шампуня,14.02.2024,2,,,,,"р.0,00","р.500,00","р.500,00"
1298,Доход,Услуга,Безнал,Стрижка и укладка,14.02.2024,2,,,,,"р.0,00","р.4 500,00","р.4 500,00"
1299,Доход,Услуга,Безнал,Стрижка старшего мастера,14.02.2024,2,,,,,"р.0,00","р.5 500,00","р.5 500,00"
1300,Доход,Услуга,Безнал,Стрижка старшего мастера,14.02.2024,2,,,,,"р.0,00","р.5 500,00","р.5 500,00"
1301,Доход,Услуга,Безнал,Обычная стрижка,14.02.2024,2,42gbcz3674916,3,Поисковые запросы в Яндексе,"0,05","р.175,00","р.3 500,00","р.3 325,00"
1302,Доход,Услуга,Безнал,Стрижка старшего мастера,14.02.2024,2,,,,,"р.0,00","р.5 500,00","р.5 500,00"
1303,Доход,Товар,Безнал,Продажа геля,14.02.2024,2,,,,,"р.0,00","р.300,00","р.300,00"
1304,Доход,Услуга,Безнал,Стрижка и укладка,14.02.2024,2,42gbcz1055518,4,Посты в Telegram,"0,50","р.2 250,00","р.4 500,00","р.2 250,00"
1305,Расход,Товар,Безнал,Прочие расходы,14.02.2024,2,,,,,"р.0,00","р.300,00","р.300,00"
1306,Доход,Услуга,Безнал,Стрижка старшего мастера,14.02.2024,2,,,,,"р.0,00","р.5 500,00","р.5 500,00"
1307,Доход,Услуга,Безнал,Обычная стрижка,15.02.2024,2,,,,,"р.0,00","р.3 500,00","р.3 500,00"
1308,Доход,Услуга,Наличные,Обычная стрижка,15.02.2024,2,42gbcz2972594,7,Сторис в VK,"0,15","р.525,00","р.3 500,00","р.2 975,00"
1309,Расход,Товар,Безнал,Прочие расходы,15.02.2024,2,,,,,"р.0,00","р.300,00","р.300,00"
1310,Доход,Услуга,Безнал,Обычная стрижка,15.02.2024,2,,,,,"р.0,00","р.3 500,00","р.3 500,00"
1311,Доход,Услуга,Безнал,Стрижка и укладка,15.02.2024,2,,,,,"р.0,00","р.4 500,00","р.4 500,00"
1312,Доход,Услуга,Безнал,Стрижка и укладка,15.02.2024,2,,,,,"р.0,00","р.4 500,00","р.4 500,00"
1313,Доход,Услуга,Безнал,Стрижка и укладка,15.02.2024,2,42gbcz2656723,7,Сторис в VK,"0,15","р.675,00","р.4 500,00","р.3 825,00"
1314,Доход,Услуга,Безнал,Обычная стрижка,15.02.2024,2,,,,,"р.0,00","р.3 500,00","р.3 500,00"
1315,Доход,Услуга,Наличные,Стрижка и укладка,15.02.2024,2,,,,,"р.0,00","р.4 500,00","р.4 500,00"
1316,Доход,Услуга,Наличные,Обычная стрижка,15.02.2024,2,,,,,"р.0,00","р.3 500,00","р.3 500,00"
1317,Доход,Услуга,Безнал,Стрижка и укладка,15.02.2024,2,,,,,"р.0,00","р.4 500,00","р.4 500,00"
1318,Доход,Услуга,Безнал,Стрижка и укладка,15.02.2024,2,,,,,"р.0,00","р.4 500,00","р.4 500,00"
1319,Доход,Услуга,Наличные,Обычная стрижка,15.02.2024,2,,,,,"р.0,00","р.3 500,00","р.3 500,00"
1320,Доход,Товар,Наличные,Продажа геля,15.02.2024,2,,,,,"р.0,00","р.300,00","р.300,00"
1321,Доход,Услуга,Безнал,Обычная стрижка,15.02.2024,2,,,,,"р.0,00","р.3 500,00","р.3 500,00"
1322,Расход,Товар,Безнал,Закупка полотенец,15.02.2024,2,,,,,"р.0,00","р.1 000,00","р.1 000,00"
1323,Доход,Товар,Наличные,Продажа геля,15.02.2024,2,,,,,"р.0,00","р.300,00","р.300,00"
1324,Расход,Товар,Безнал,Прочие расходы,15.02.2024,2,,,,,"р.0,00","р.300,00","р.300,00"
1325,Доход,Услуга,Наличные,Обычная стрижка,15.02.2024,2,,,,,"р.0,00","р.3 500,00","р.3 500,00"
1326,Доход,Товар,Безнал,Продажа шампуня и кондиционера,15.02.2024,2,,,,,"р.0,00","р.1 000,00","р.1 000,00"
1327,Расход,Товар,Безнал,Прочие расходы,15.02.2024,2,,,,,"р.0,00","р.300,00","р.300,00"
1328,Доход,Товар,Безнал,Продажа шампуня и кондиционера,15.02.2024,2,42gbcz252360,2,Поисковые запросы в Гугле,"0,10","р.100,00","р.1 000,00","р.900,00"
1329,Расход,Товар,Безнал,Закупка резинок,15.02.2024,2,,,,,"р.0,00","р.500,00","р.500,00"
1330,Доход,Услуга,Безнал,Стрижка старшего мастера,15.02.2024,2,,,,,"р.0,00","р.5 500,00","р.5 500,00"
1331,Доход,Услуга,Безнал,Стрижка старшего мастера,15.02.2024,2,42gbcz3638299,4,Посты в Telegram,"0,50","р.2 750,00","р.5 500,00","р.2 750,00"
1332,Доход,Услуга,Безнал,Стрижка старшего мастера,15.02.2024,2,,,,,"р.0,00","р.5 500,00","р.5 500,00"
1333,Доход,Товар,Безнал,Продажа геля,15.02.2024,2,,,,,"р.0,00","р.300,00","р.300,00"
1334,Доход,Услуга,Безнал,Стрижка и укладка,15.02.2024,2,,,,,"р.0,00","р.4 500,00","р.4 500,00"
1335,Доход,Услуга,Наличные,Стрижка старшего мастера,15.02.2024,2,,,,,"р.0,00","р.5 500,00","р.5 500,00"
1336,Доход,Услуга,Безнал,Стрижка старшего мастера,15.02.2024,2,,,,,"р.0,00","р.5 500,00","р.5 500,00"
1337,Доход,Услуга,Безнал,Стрижка и укладка,15.02.2024,2,,,,,"р.0,00","р.4 500,00","р.4 500,00"
1338,Доход,Услуга,Безнал,Обычная стрижка,16.02.2024,2,,,,,"р.0,00","р.3 500,00","р.3 500,00"
1339,Доход,Услуга,Безнал,Стрижка и укладка,16.02.2024,2,,,,,"р.0,00","р.4 500,00","р.4 500,00"
1340,Доход,Услуга,Наличные,Обычная стрижка,16.02.2024,2,,,,,"р.0,00","р.3 500,00","р.3 500,00"
1341,Доход,Услуга,Безнал,Стрижка старшего мастера,16.02.2024,2,,,,,"р.0,00","р.5 500,00","р.5 500,00"
1342,Доход,Услуга,Безнал,Стрижка старшего мастера,16.02.2024,2,42gbcz749732,6,Реклама в VK,"0,20","р.1 100,00","р.5 500,00","р.4 400,00"
1343,Доход,Товар,Безнал,Продажа шампуня и кондиционера,16.02.2024,2,,,,,"р.0,00","р.1 000,00","р.1 000,00"
1344,Доход,Услуга,Наличные,Стрижка и укладка,16.02.2024,2,,,,,"р.0,00","р.4 500,00","р.4 500,00"
1345,Доход,Услуга,Безнал,Стрижка старшего мастера,16.02.2024,2,,,,,"р.0,00","р.5 500,00","р.5 500,00"
1346,Расход,Товар,Наличные,Закупка резинок,16.02.2024,2,,,,,"р.0,00","р.500,00","р.500,00"
1347,Расход,Товар,Безнал,Закупка полотенец,16.02.2024,2,,,,,"р.0,00","р.1 000,00","р.1 000,00"
1348,Доход,Услуга,Безнал,Стрижка старшего мастера,16.02.2024,2,,,,,"р.0,00","р.5 500,00","р.5 500,00"
1349,Расход,Товар,Безнал,Прочие расходы,16.02.2024,2,,,,,"р.0,00","р.300,00","р.300,00"
1350,Доход,Услуга,Безнал,Стрижка старшего мастера,16.02.2024,2,,,,,"р.0,00","р.5 500,00","р.5 500,00"
1351,Доход,Услуга,Безнал,Обычная стрижка,16.02.2024,2,,,,,"р.0,00","р.3 500,00","р.3 500,00"
1352,Доход,Услуга,Безнал,Стрижка и укладка,16.02.2024,2,,,,,"р.0,00","р.4 500,00","р.4 500,00"
1353,Доход,Услуга,Безнал,Стрижка и укладка,16.02.2024,2,42gbcz1983291,5,Посты в VK,"0,15","р.675,00","р.4 500,00","р.3 825,00"
1354,Расход,Товар,Безнал,Закупка полотенец,16.02.2024,2,,,,,"р.0,00","р.1 000,00","р.1 000,00"
1355,Доход,Товар,Безнал,Продажа шампуня и кондиционера,16.02.2024,2,,,,,"р.0,00","р.1 000,00","р.1 000,00"
1356,Расход,Товар,Безнал,Закупка резинок,16.02.2024,2,,,,,"р.0,00","р.500,00","р.500,00"
1357,Доход,Услуга,Безнал,Обычная стрижка,16.02.2024,2,,,,,"р.0,00","р.3 500,00","р.3 500,00"
1358,Доход,Услуга,Наличные,Стрижка старшего мастера,16.02.2024,2,,,,,"р.0,00","р.5 500,00","р.5 500,00"
1359,Доход,Услуга,Безнал,Стрижка старшего мастера,16.02.2024,2,,,,,"р.0,00","р.5 500,00","р.5 500,00"
1360,Доход,Услуга,Безнал,Стрижка старшего мастера,16.02.2024,2,,,,,"р.0,00","р.5 500,00","р.5 500,00"
1361,Доход,Услуга,Безнал,Стрижка и укладка,16.02.2024,2,,,,,"р.0,00","р.4 500,00","р.4 500,00"
1362,Доход,Товар,Безнал,Продажа шампуня,16.02.2024,2,,,,,"р.0,00","р.500,00","р.500,00"
1363,Доход,Услуга,Безнал,Стрижка и укладка,16.02.2024,2,,,,,"р.0,00","р.4 500,00","р.4 500,00"
1364,Доход,Услуга,Безнал,Стрижка старшего мастера,16.02.2024,2,,,,,"р.0,00","р.5 500,00","р.5 500,00"
1365,Доход,Товар,Безнал,Продажа шампуня,16.02.2024,2,,,,,"р.0,00","р.500,00","р.500,00"
1366,Доход,Услуга,Безнал,Обычная стрижка,16.02.2024,2,,,,,"р.0,00","р.3 500,00","р.3 500,00"
1367,Доход,Услуга,Безнал,Стрижка старшего мастера,16.02.2024,2,,,,,"р.0,00","р.5 500,00","р.5 500,00"
1368,Расход,Товар,Безнал,Закупка резинок,16.02.2024,2,,,,,"р.0,00","р.500,00","р.500,00"
1369,Доход,Услуга,Безнал,Обычная стрижка,17.02.2024,2,,,,,"р.0,00","р.3 500,00","р.3 500,00"
1370,Доход,Услуга,Безнал,Стрижка и укладка,17.02.2024,2,,,,,"р.0,00","р.4 500,00","р.4 500,00"
1371,Доход,Услуга,Безнал,Стрижка старшего мастера,17.02.2024,2,,,,,"р.0,00","р.5 500,00","р.5 500,00"
1372,Доход,Товар,Безнал,Продажа шампуня,17.02.2024,2,,,,,"р.0,00","р.500,00","р.500,00"
1373,Расход,Товар,Безнал,Закупка полотенец,17.02.2024,2,,,,,"р.0,00","р.1 000,00","р.1 000,00"
1374,Доход,Услуга,Безнал,Обычная стрижка,17.02.2024,2,,,,,"р.0,00","р.3 500,00","р.3 500,00"
1375,Доход,Услуга,Безнал,Стрижка и укладка,17.02.2024,2,,,,,"р.0,00","р.4 500,00","р.4 500,00"
1376,Доход,Товар,Безнал,Продажа геля,17.02.2024,2,,,,,"р.0,00","р.300,00","р.300,00"
1377,Доход,Товар,Безнал,Продажа шампуня и кондиционера,17.02.2024,2,,,,,"р.0,00","р.1 000,00","р.1 000,00"
1378,Доход,Услуга,Безнал,Обычная стрижка,17.02.2024,2,,,,,"р.0,00","р.3 500,00","р.3 500,00"
1379,Доход,Услуга,Безнал,Стрижка старшего мастера,17.02.2024,2,,,,,"р.0,00","р.5 500,00","р.5 500,00"
1380,Доход,Услуга,Безнал,Стрижка и укладка,17.02.2024,2,,,,,"р.0,00","р.4 500,00","р.4 500,00"
1381,Расход,Товар,Наличные,Прочие расходы,17.02.2024,2,,,,,"р.0,00","р.300,00","р.300,00"
1382,Доход,Услуга,Безнал,Стрижка старшего мастера,17.02.2024,2,,,,,"р.0,00","р.5 500,00","р.5 500,00"
1383,Доход,Услуга,Безнал,Стрижка старшего мастера,17.02.2024,2,42gbcz2190807,4,Посты в Telegram,"0,50","р.2 750,00","р.5 500,00","р.2 750,00"
1384,Доход,Услуга,Наличные,Обычная стрижка,17.02.2024,2,,,,,"р.0,00","р.3 500,00","р.3 500,00"
1385,Доход,Услуга,Наличные,Стрижка старшего мастера,17.02.2024,2,,,,,"р.0,00","р.5 500,00","р.5 500,00"
1386,Доход,Товар,Безнал,Продажа геля,17.02.2024,2,,,,,"р.0,00","р.300,00","р.300,00"
1387,Расход,Товар,Наличные,Закупка полотенец,17.02.2024,2,,,,,"р.0,00","р.1 000,00","р.1 000,00"
1388,Доход,Услуга,Безнал,Стрижка и укладка,17.02.2024,2,,,,,"р.0,00","р.4 500,00","р.4 500,00"
1389,Доход,Услуга,Наличные,Стрижка старшего мастера,17.02.2024,2,,,,,"р.0,00","р.5 500,00","р.5 500,00"
1390,Доход,Услуга,Наличные,Стрижка и укладка,17.02.2024,2,,,,,"р.0,00","р.4 500,00","р.4 500,00"
1391,Расход,Товар,Безнал,Прочие расходы,17.02.2024,2,,,,,"р.0,00","р.300,00","р.300,00"
1392,Расход,Товар,Безнал,Прочие расходы,17.02.2024,2,,,,,"р.0,00","р.300,00","р.300,00"
1393,Доход,Услуга,Безнал,Стрижка и укладка,17.02.2024,2,,,,,"р.0,00","р.4 500,00","р.4 500,00"
1394,Доход,Услуга,Безнал,Обычная стрижка,17.02.2024,2,,,,,"р.0,00","р.3 500,00","р.3 500,00"
1395,Доход,Услуга,Безнал,Стрижка и укладка,17.02.2024,2,,,,,"р.0,00","р.4 500,00","р.4 500,00"
1396,Доход,Услуга,Наличные,Стрижка и укладка,17.02.2024,2,,,,,"р.0,00","р.4 500,00","р.4 500,00"
1397,Доход,Товар,Наличные,Продажа шампуня,17.02.2024,2,,,,,"р.0,00","р.500,00","р.500,00"
1398,Доход,Услуга,Безнал,Стрижка и укладка,17.02.2024,2,,,,,"р.0,00","р.4 500,00","р.4 500,00"
1399,Расход,Товар,Наличные,Закупка резинок,17.02.2024,2,,,,,"р.0,00","р.500,00","р.500,00"
1400,Доход,Товар,Безнал,Продажа геля,18.02.2024,2,,,,,"р.0,00","р.300,00","р.300,00"
1401,Расход,Товар,Наличные,Закупка полотенец,18.02.2024,2,,,,,"р.0,00","р.1 000,00","р.1 000,00"
1402,Доход,Товар,Безнал,Продажа шампуня,18.02.2024,2,,,,,"р.0,00","р.500,00","р.500,00"
1403,Доход,Услуга,Безнал,Обычная стрижка,18.02.2024,2,,,,,"р.0,00","р.3 500,00","р.3 500,00"
1404,Доход,Услуга,Безнал,Обычная стрижка,18.02.2024,2,,,,,"р.0,00","р.3 500,00","р.3 500,00"
1405,Расход,Товар,Безнал,Закупка полотенец,18.02.2024,2,,,,,"р.0,00","р.1 000,00","р.1 000,00"
1406,Расход,Товар,Безнал,Прочие расходы,18.02.2024,2,,,,,"р.0,00","р.300,00","р.300,00"
1407,Расход,Товар,Безнал,Закупка резинок,18.02.2024,2,,,,,"р.0,00","р.500,00","р.500,00"
1408,Доход,Услуга,Безнал,Обычная стрижка,18.02.2024,2,,,,,"р.0,00","р.3 500,00","р.3 500,00"
1409,Доход,Услуга,Безнал,Стрижка и укладка,18.02.2024,2,,,,,"р.0,00","р.4 500,00","р.4 500,00"
1410,Доход,Товар,Наличные,Продажа шампуня,18.02.2024,2,,,,,"р.0,00","р.500,00","р.500,00"
1411,Доход,Услуга,Безнал,Стрижка и укладка,18.02.2024,2,,,,,"р.0,00","р.4 500,00","р.4 500,00"
1412,Доход,Услуга,Безнал,Стрижка и укладка,18.02.2024,2,,,,,"р.0,00","р.4 500,00","р.4 500,00"
1413,Доход,Услуга,Наличные,Стрижка старшего мастера,18.02.2024,2,,,,,"р.0,00","р.5 500,00","р.5 500,00"
1414,Доход,Услуга,Наличные,Обычная стрижка,18.02.2024,2,,,,,"р.0,00","р.3 500,00","р.3 500,00"
1415,Доход,Товар,Безнал,Продажа геля,18.02.2024,2,,,,,"р.0,00","р.300,00","р.300,00"
1416,Доход,Товар,Безнал,Продажа шампуня и кондиционера,18.02.2024,2,42gbcz1063849,2,Поисковые запросы в Гугле,"0,10","р.100,00","р.1 000,00","р.900,00"
1417,Доход,Товар,Безнал,Продажа геля,18.02.2024,2,,,,,"р.0,00","р.300,00","р.300,00"
1418,Доход,Услуга,Безнал,Стрижка старшего мастера,18.02.2024,2,,,,,"р.0,00","р.5 500,00","р.5 500,00"
1419,Доход,Товар,Безнал,Продажа шампуня,18.02.2024,2,,,,,"р.0,00","р.500,00","р.500,00"
1420,Расход,Товар,Безнал,Закупка полотенец,18.02.2024,2,,,,,"р.0,00","р.1 000,00","р.1 000,00"
1421,Доход,Товар,Безнал,Продажа шампуня,18.02.2024,2,,,,,"р.0,00","р.500,00","р.500,00"
1422,Доход,Услуга,Безнал,Обычная стрижка,18.02.2024,2,,,,,"р.0,00","р.3 500,00","р.3 500,00"
1423,Расход,Товар,Безнал,Закупка полотенец,18.02.2024,2,,,,,"р.0,00","р.1 000,00","р.1 000,00"
1424,Доход,Услуга,Безнал,Стрижка старшего мастера,18.02.2024,2,,,,,"р.0,00","р.5 500,00","р.5 500,00"
1425,Доход,Услуга,Безнал,Обычная стрижка,18.02.2024,2,,,,,"р.0,00","р.3 500,00","р.3 500,00"
1426,Доход,Услуга,Безнал,Стрижка и укладка,18.02.2024,2,,,,,"р.0,00","р.4 500,00","р.4 500,00"
1427,Расход,Товар,Безнал,Закупка резинок,18.02.2024,2,,,,,"р.0,00","р.500,00","р.500,00"
1428,Доход,Услуга,Наличные,Обычная стрижка,18.02.2024,2,,,,,"р.0,00","р.3 500,00","р.3 500,00"
1429,Доход,Услуга,Наличные,Стрижка и укладка,18.02.2024,2,,,,,"р.0,00","р.4 500,00","р.4 500,00"
1430,Доход,Услуга,Безнал,Стрижка и укладка,18.02.2024,2,,,,,"р.0,00","р.4 500,00","р.4 500,00"
1431,Доход,Товар,Безнал,Продажа геля,19.02.2024,2,,,,,"р.0,00","р.300,00","р.300,00"
1432,Доход,Услуга,Безнал,Стрижка и укладка,19.02.2024,2,,,,,"р.0,00","р.4 500,00","р.4 500,00"
1433,Доход,Услуга,Безнал,Стрижка и укладка,19.02.2024,2,,,,,"р.0,00","р.4 500,00","р.4 500,00"
1434,Доход,Услуга,Безнал,Стрижка старшего мастера,19.02.2024,2,,,,,"р.0,00","р.5 500,00","р.5 500,00"
1435,Доход,Услуга,Наличные,Стрижка старшего мастера,19.02.2024,2,,,,,"р.0,00","р.5 500,00","р.5 500,00"
1436,Доход,Услуга,Безнал,Стрижка старшего мастера,19.02.2024,2,,,,,"р.0,00","р.5 500,00","р.5 500,00"
1437,Расход,Товар,Наличные,Прочие расходы,19.02.2024,2,,,,,"р.0,00","р.300,00","р.300,00"
1438,Доход,Услуга,Безнал,Стрижка и укладка,19.02.2024,2,42gbcz139161,5,Посты в VK,"0,15","р.675,00","р.4 500,00","р.3 825,00"
1439,Доход,Услуга,Безнал,Стрижка и укладка,19.02.2024,2,,,,,"р.0,00","р.4 500,00","р.4 500,00"
1440,Доход,Услуга,Безнал,Стрижка и укладка,19.02.2024,2,,,,,"р.0,00","р.4 500,00","р.4 500,00"
1441,Доход,Услуга,Безнал,Обычная стрижка,19.02.2024,2,,,,,"р.0,00","р.3 500,00","р.3 500,00"
1442,Доход,Услуга,Наличные,Стрижка старшего мастера,19.02.2024,2,,,,,"р.0,00","р.5 500,00","р.5 500,00"
1443,Доход,Услуга,Наличные,Стрижка старшего мастера,19.02.2024,2,,,,,"р.0,00","р.5 500,00","р.5 500,00"
1444,Доход,Услуга,Безнал,Обычная стрижка,19.02.2024,2,,,,,"р.0,00","р.3 500,00","р.3 500,00"
1445,Доход,Услуга,Безнал,Обычная стрижка,19.02.2024,2,,,,,"р.0,00","р.3 500,00","р.3 500,00"
1446,Доход,Услуга,Безнал,Обычная стрижка,19.02.2024,2,,,,,"р.0,00","р.3 500,00","р.3 500,00"
1447,Доход,Услуга,Безнал,Стрижка и укладка,19.02.2024,2,,,,,"р.0,00","р.4 500,00","р.4 500,00"
1448,Доход,Товар,Наличные,Продажа геля,19.02.2024,2,,,,,"р.0,00","р.300,00","р.300,00"
1449,Доход,Услуга,Безнал,Обычная стрижка,19.02.2024,2,,,,,"р.0,00","р.3 500,00","р.3 500,00"
1450,Доход,Товар,Безнал,Продажа шампуня и кондиционера,19.02.2024,2,,,,,"р.0,00","р.1 000,00","р.1 000,00"
1451,Доход,Услуга,Безнал,Стрижка и укладка,19.02.2024,2,,,,,"р.0,00","р.4 500,00","р.4 500,00"
1452,Доход,Услуга,Безнал,Стрижка старшего мастера,19.02.2024,2,,,,,"р.0,00","р.5 500,00","р.5 500,00"
1453,Доход,Услуга,Безнал,Стрижка и укладка,19.02.2024,2,,,,,"р.0,00","р.4 500,00","р.4 500,00"
1454,Расход,Услуга,Безнал,Зарплата,19.02.2024,2,,,,,"р.0,00","р.82 500,00","р.82 500,00"
1455,Расход,Услуга,Безнал,Зарплата,19.02.2024,2,,,,,"р.0,00","р.82 500,00","р.82 500,00"
1456,Расход,Услуга,Безнал,Зарплата,19.02.2024,2,,,,,"р.0,00","р.82 500,00","р.82 500,00"
1457,Расход,Услуга,Безнал,Зарплата,19.02.2024,2,,,,,"р.0,00","р.82 500,00","р.82 500,00"
1458,Расход,Услуга,Безнал,Зарплата,19.02.2024,2,,,,,"р.0,00","р.82 500,00","р.82 500,00"
1459,Расход,Услуга,Безнал,Зарплата,19.02.2024,2,,,,,"р.0,00","р.82 500,00","р.82 500,00"
1460,Расход,Услуга,Безнал,Зарплата,19.02.2024,2,,,,,"р.0,00","р.82 500,00","р.82 500,00"
1461,Расход,Услуга,Безнал,Зарплата,19.02.2024,2,,,,,"р.0,00","р.82 500,00","р.82 500,00"
1462,Доход,Услуга,Безнал,Обычная стрижка,20.02.2024,2,,,,,"р.0,00","р.3 500,00","р.3 500,00"
1463,Доход,Товар,Безнал,Продажа шампуня,20.02.2024,2,,,,,"р.0,00","р.500,00","р.500,00"
1464,Доход,Услуга,Безнал,Стрижка старшего мастера,20.02.2024,2,42gbcz1531983,7,Сторис в VK,"0,15","р.825,00","р.5 500,00","р.4 675,00"
1465,Доход,Услуга,Безнал,Стрижка и укладка,20.02.2024,2,,,,,"р.0,00","р.4 500,00","р.4 500,00"
1466,Доход,Услуга,Безнал,Стрижка и укладка,20.02.2024,2,,,,,"р.0,00","р.4 500,00","р.4 500,00"
1467,Доход,Товар,Безнал,Продажа шампуня,20.02.2024,2,,,,,"р.0,00","р.500,00","р.500,00"
1468,Доход,Услуга,Безнал,Обычная стрижка,20.02.2024,2,,,,,"р.0,00","р.3 500,00","р.3 500,00"
1469,Доход,Услуга,Безнал,Стрижка старшего мастера,20.02.2024,2,,,,,"р.0,00","р.5 500,00","р.5 500,00"
1470,Доход,Услуга,Безнал,Стрижка и укладка,20.02.2024,2,,,,,"р.0,00","р.4 500,00","р.4 500,00"
1471,Расход,Товар,Безнал,Закупка резинок,20.02.2024,2,,,,,"р.0,00","р.500,00","р.500,00"
1472,Доход,Услуга,Безнал,Стрижка старшего мастера,20.02.2024,2,,,,,"р.0,00","р.5 500,00","р.5 500,00"
1473,Доход,Услуга,Безнал,Стрижка старшего мастера,20.02.2024,2,,,,,"р.0,00","р.5 500,00","р.5 500,00"
1474,Расход,Товар,Наличные,Закупка полотенец,20.02.2024,2,,,,,"р.0,00","р.1 000,00","р.1 000,00"
1475,Расход,Товар,Наличные,Прочие расходы,20.02.2024,2,,,,,"р.0,00","р.300,00","р.300,00"
1476,Доход,Услуга,Безнал,Стрижка и укладка,20.02.2024,2,,,,,"р.0,00","р.4 500,00","р.4 500,00"
1477,Доход,Услуга,Наличные,Обычная стрижка,20.02.2024,2,42gbcz1899417,6,Реклама в VK,"0,20","р.700,00","р.3 500,00","р.2 800,00"
1478,Доход,Услуга,Безнал,Обычная стрижка,20.02.2024,2,42gbcz2052640,6,Реклама в VK,"0,20","р.700,00","р.3 500,00","р.2 800,00"
1479,Доход,Услуга,Наличные,Стрижка и укладка,20.02.2024,2,,,,,"р.0,00","р.4 500,00","р.4 500,00"
1480,Доход,Услуга,Безнал,Стрижка и укладка,20.02.2024,2,,,,,"р.0,00","р.4 500,00","р.4 500,00"
1481,Доход,Услуга,Безнал,Стрижка старшего мастера,20.02.2024,2,42gbcz3594236,1,Обещаем скидки,"0,10","р.550,00","р.5 500,00","р.4 950,00"
1482,Доход,Услуга,Безнал,Стрижка старшего мастера,20.02.2024,2,42gbcz2600902,6,Реклама в VK,"0,20","р.1 100,00","р.5 500,00","р.4 400,00"
1483,Доход,Товар,Безнал,Продажа геля,20.02.2024,2,,,,,"р.0,00","р.300,00","р.300,00"
1484,Доход,Товар,Безнал,Продажа шампуня,20.02.2024,2,,,,,"р.0,00","р.500,00","р.500,00"
1485,Доход,Услуга,Безнал,Стрижка старшего мастера,20.02.2024,2,,,,,"р.0,00","р.5 500,00","р.5 500,00"
1486,Доход,Товар,Безнал,Продажа шампуня,20.02.2024,2,,,,,"р.0,00","р.500,00","р.500,00"
1487,Доход,Услуга,Безнал,Обычная стрижка,20.02.2024,2,,,,,"р.0,00","р.3 500,00","р.3 500,00"
1488,Доход,Услуга,Безнал,Стрижка и укладка,20.02.2024,2,,,,,"р.0,00","р.4 500,00","р.4 500,00"
1489,Доход,Услуга,Безнал,Обычная стрижка,20.02.2024,2,,,,,"р.0,00","р.3 500,00","р.3 500,00"
1490,Доход,Товар,Безнал,Продажа шампуня,20.02.2024,2,,,,,"р.0,00","р.500,00","р.500,00"
1491,Расход,Товар,Безнал,Прочие расходы,20.02.2024,2,,,,,"р.0,00","р.300,00","р.300,00"
1492,Доход,Товар,Безнал,Продажа шампуня и кондиционера,20.02.2024,2,,,,,"р.0,00","р.1 000,00","р.1 000,00"
1493,Расход,Товар,Безнал,Прочие расходы,21.02.2024,2,,,,,"р.0,00","р.300,00","р.300,00"
1494,Доход,Услуга,Безнал,Стрижка и укладка,21.02.2024,2,,,,,"р.0,00","р.4 500,00","р.4 500,00"
1495,Доход,Услуга,Безнал,Стрижка старшего мастера,21.02.2024,2,,,,,"р.0,00","р.5 500,00","р.5 500,00"
1496,Доход,Услуга,Безнал,Стрижка и укладка,21.02.2024,2,42gbcz2371026,7,Сторис в VK,"0,15","р.675,00","р.4 500,00","р.3 825,00"
1497,Доход,Услуга,Безнал,Стрижка и укладка,21.02.2024,2,,,,,"р.0,00","р.4 500,00","р.4 500,00"
1498,Доход,Услуга,Безнал,Обычная стрижка,21.02.2024,2,,,,,"р.0,00","р.3 500,00","р.3 500,00"
1499,Доход,Услуга,Безнал,Стрижка старшего мастера,21.02.2024,2,,,,,"р.0,00","р.5 500,00","р.5 500,00"
1500,Доход,Услуга,Безнал,Стрижка старшего мастера,21.02.2024,2,,,,,"р.0,00","р.5 500,00","р.5 500,00"
1501,Доход,Услуга,Безнал,Стрижка и укладка,21.02.2024,2,42gbcz648174,3,Поисковые запросы в Яндексе,"0,05","р.225,00","р.4 500,00","р.4 275,00"
1502,Доход,Услуга,Безнал,Стрижка и укладка,21.02.2024,2,42gbcz1824018,2,Поисковые запросы в Гугле,"0,10","р.450,00","р.4 500,00","р.4 050,00"
1503,Доход,Товар,Безнал,Продажа шампуня,21.02.2024,2,,,,,"р.0,00","р.500,00","р.500,00"
1504,Доход,Услуга,Безнал,Обычная стрижка,21.02.2024,2,,,,,"р.0,00","р.3 500,00","р.3 500,00"
1505,Доход,Услуга,Безнал,Стрижка старшего мастера,21.02.2024,2,42gbcz2275761,6,Реклама в VK,"0,20","р.1 100,00","р.5 500,00","р.4 400,00"
1506,Доход,Товар,Безнал,Продажа шампуня,21.02.2024,2,,,,,"р.0,00","р.500,00","р.500,00"
1507,Доход,Услуга,Безнал,Стрижка старшего мастера,21.02.2024,2,42gbcz1886457,4,Посты в Telegram,"0,50","р.2 750,00","р.5 500,00","р.2 750,00"
1508,Доход,Услуга,Безнал,Обычная стрижка,21.02.2024,2,42gbcz2671723,3,Поисковые запросы в Яндексе,"0,05","р.175,00","р.3 500,00","р.3 325,00"
1509,Доход,Товар,Безнал,Продажа шампуня и кондиционера,21.02.2024,2,,,,,"р.0,00","р.1 000,00","р.1 000,00"
1510,Доход,Услуга,Безнал,Обычная стрижка,21.02.2024,2,,,,,"р.0,00","р.3 500,00","р.3 500,00"
1511,Расход,Товар,Безнал,Закупка полотенец,21.02.2024,2,,,,,"р.0,00","р.1 000,00","р.1 000,00"
1512,Доход,Услуга,Безнал,Обычная стрижка,21.02.2024,2,,,,,"р.0,00","р.3 500,00","р.3 500,00"
1513,Расход,Товар,Безнал,Закупка резинок,21.02.2024,2,,,,,"р.0,00","р.500,00","р.500,00"
1514,Доход,Услуга,Безнал,Стрижка старшего мастера,21.02.2024,2,,,,,"р.0,00","р.5 500,00","р.5 500,00"
1515,Доход,Услуга,Наличные,Обычная стрижка,21.02.2024,2,,,,,"р.0,00","р.3 500,00","р.3 500,00"
1516,Доход,Услуга,Наличные,Стрижка старшего мастера,21.02.2024,2,,,,,"р.0,00","р.5 500,00","р.5 500,00"
1517,Доход,Товар,Безнал,Продажа шампуня,21.02.2024,2,,,,,"р.0,00","р.500,00","р.500,00"
1518,Доход,Услуга,Безнал,Обычная стрижка,21.02.2024,2,,,,,"р.0,00","р.3 500,00","р.3 500,00"
1519,Доход,Услуга,Безнал,Обычная стрижка,21.02.2024,2,,,,,"р.0,00","р.3 500,00","р.3 500,00"
1520,Доход,Товар,Безнал,Продажа геля,21.02.2024,2,42gbcz1938051,5,Посты в VK,"0,15","р.45,00","р.300,00","р.255,00"
1521,Доход,Услуга,Безнал,Стрижка старшего мастера,21.02.2024,2,42gbcz3189003,5,Посты в VK,"0,15","р.825,00","р.5 500,00","р.4 675,00"
1522,Доход,Услуга,Безнал,Обычная стрижка,21.02.2024,2,,,,,"р.0,00","р.3 500,00","р.3 500,00"
1523,Расход,Товар,Безнал,Прочие расходы,21.02.2024,2,,,,,"р.0,00","р.300,00","р.300,00"
1524,Доход,Услуга,Безнал,Обычная стрижка,22.02.2024,2,,,,,"р.0,00","р.3 500,00","р.3 500,00"
1525,Доход,Товар,Безнал,Продажа шампуня и кондиционера,22.02.2024,2,,,,,"р.0,00","р.1 000,00","р.1 000,00"
1526,Расход,Товар,Безнал,Закупка резинок,22.02.2024,2,,,,,"р.0,00","р.500,00","р.500,00"
1527,Доход,Услуга,Безнал,Стрижка и укладка,22.02.2024,2,42gbcz448440,5,Посты в VK,"0,15","р.675,00","р.4 500,00","р.3 825,00"
1528,Расход,Товар,Наличные,Прочие расходы,22.02.2024,2,,,,,"р.0,00","р.300,00","р.300,00"
1529,Доход,Услуга,Безнал,Стрижка и укладка,22.02.2024,2,,,,,"р.0,00","р.4 500,00","р.4 500,00"
1530,Доход,Товар,Безнал,Продажа шампуня и кондиционера,22.02.2024,2,,,,,"р.0,00","р.1 000,00","р.1 000,00"
1531,Доход,Услуга,Безнал,Стрижка и укладка,22.02.2024,2,,,,,"р.0,00","р.4 500,00","р.4 500,00"
1532,Доход,Услуга,Безнал,Стрижка старшего мастера,22.02.2024,2,,,,,"р.0,00","р.5 500,00","р.5 500,00"
1533,Доход,Услуга,Безнал,Обычная стрижка,22.02.2024,2,42gbcz1279299,1,Обещаем скидки,"0,10","р.350,00","р.3 500,00","р.3 150,00"
1534,Доход,Товар,Безнал,Продажа шампуня,22.02.2024,2,,,,,"р.0,00","р.500,00","р.500,00"
1535,Расход,Товар,Безнал,Закупка полотенец,22.02.2024,2,,,,,"р.0,00","р.1 000,00","р.1 000,00"
1536,Доход,Товар,Безнал,Продажа шампуня,22.02.2024,2,,,,,"р.0,00","р.500,00","р.500,00"
1537,Доход,Услуга,Безнал,Обычная стрижка,22.02.2024,2,,,,,"р.0,00","р.3 500,00","р.3 500,00"
1538,Доход,Услуга,Безнал,Обычная стрижка,22.02.2024,2,42gbcz2933929,3,Поисковые запросы в Яндексе,"0,05","р.175,00","р.3 500,00","р.3 325,00"
1539,Доход,Услуга,Безнал,Стрижка и укладка,22.02.2024,2,42gbcz1270766,2,Поисковые запросы в Гугле,"0,10","р.450,00","р.4 500,00","р.4 050,00"
1540,Расход,Товар,Безнал,Закупка полотенец,22.02.2024,2,,,,,"р.0,00","р.1 000,00","р.1 000,00"
1541,Доход,Услуга,Безнал,Стрижка и укладка,22.02.2024,2,,,,,"р.0,00","р.4 500,00","р.4 500,00"
1542,Доход,Услуга,Безнал,Стрижка старшего мастера,22.02.2024,2,,,,,"р.0,00","р.5 500,00","р.5 500,00"
1543,Доход,Услуга,Безнал,Обычная стрижка,22.02.2024,2,42gbcz3099569,4,Посты в Telegram,"0,50","р.1 750,00","р.3 500,00","р.1 750,00"
1544,Доход,Услуга,Безнал,Стрижка старшего мастера,22.02.2024,2,,,,,"р.0,00","р.5 500,00","р.5 500,00"
1545,Доход,Товар,Безнал,Продажа шампуня,22.02.2024,2,,,,,"р.0,00","р.500,00","р.500,00"
1546,Доход,Товар,Безнал,Продажа шампуня и кондиционера,22.02.2024,2,,,,,"р.0,00","р.1 000,00","р.1 000,00"
1547,Доход,Услуга,Безнал,Стрижка старшего мастера,22.02.2024,2,,,,,"р.0,00","р.5 500,00","р.5 500,00"
1548,Доход,Услуга,Безнал,Стрижка старшего мастера,22.02.2024,2,,,,,"р.0,00","р.5 500,00","р.5 500,00"
1549,Доход,Товар,Безнал,Продажа шампуня,22.02.2024,2,,,,,"р.0,00","р.500,00","р.500,00"
1550,Доход,Услуга,Безнал,Стрижка и укладка,22.02.2024,2,42gbcz432984,2,Поисковые запросы в Гугле,"0,10","р.450,00","р.4 500,00","р.4 050,00"
1551,Доход,Товар,Безнал,Продажа шампуня,22.02.2024,2,,,,,"р.0,00","р.500,00","р.500,00"
1552,Доход,Услуга,Безнал,Стрижка старшего мастера,22.02.2024,2,,,,,"р.0,00","р.5 500,00","р.5 500,00"
1553,Доход,Услуга,Безнал,Стрижка старшего мастера,22.02.2024,2,,,,,"р.0,00","р.5 500,00","р.5 500,00"
1554,Доход,Товар,Наличные,Продажа шампуня и кондиционера,22.02.2024,2,,,,,"р.0,00","р.1 000,00","р.1 000,00"
1555,Доход,Услуга,Безнал,Стрижка и укладка,23.02.2024,2,,,,,"р.0,00","р.4 500,00","р.4 500,00"
1556,Доход,Услуга,Безнал,Стрижка старшего мастера,23.02.2024,2,,,,,"р.0,00","р.5 500,00","р.5 500,00"
1557,Доход,Услуга,Безнал,Обычная стрижка,23.02.2024,2,,,,,"р.0,00","р.3 500,00","р.3 500,00"
1558,Доход,Товар,Наличные,Продажа шампуня и кондиционера,23.02.2024,2,,,,,"р.0,00","р.1 000,00","р.1 000,00"
1559,Доход,Услуга,Безнал,Стрижка и укладка,23.02.2024,2,,,,,"р.0,00","р.4 500,00","р.4 500,00"
1560,Доход,Услуга,Безнал,Обычная стрижка,23.02.2024,2,,,,,"р.0,00","р.3 500,00","р.3 500,00"
1561,Доход,Услуга,Безнал,Стрижка старшего мастера,23.02.2024,2,,,,,"р.0,00","р.5 500,00","р.5 500,00"
1562,Доход,Услуга,Безнал,Обычная стрижка,23.02.2024,2,42gbcz1651516,4,Посты в Telegram,"0,50","р.1 750,00","р.3 500,00","р.1 750,00"
1563,Доход,Товар,Безнал,Продажа шампуня,23.02.2024,2,,,,,"р.0,00","р.500,00","р.500,00"
1564,Доход,Услуга,Безнал,Обычная стрижка,23.02.2024,2,42gbcz363404,4,Посты в Telegram,"0,50","р.1 750,00","р.3 500,00","р.1 750,00"
1565,Доход,Услуга,Безнал,Обычная стрижка,23.02.2024,2,42gbcz2888620,6,Реклама в VK,"0,20","р.700,00","р.3 500,00","р.2 800,00"
1566,Расход,Товар,Безнал,Прочие расходы,23.02.2024,2,,,,,"р.0,00","р.300,00","р.300,00"
1567,Доход,Товар,Безнал,Продажа шампуня,23.02.2024,2,,,,,"р.0,00","р.500,00","р.500,00"
1568,Доход,Товар,Безнал,Продажа шампуня и кондиционера,23.02.2024,2,,,,,"р.0,00","р.1 000,00","р.1 000,00"
1569,Доход,Услуга,Безнал,Обычная стрижка,23.02.2024,2,,,,,"р.0,00","р.3 500,00","р.3 500,00"
1570,Расход,Товар,Безнал,Закупка резинок,23.02.2024,2,,,,,"р.0,00","р.500,00","р.500,00"
1571,Доход,Товар,Безнал,Продажа шампуня,23.02.2024,2,,,,,"р.0,00","р.500,00","р.500,00"
1572,Доход,Товар,Наличные,Продажа геля,23.02.2024,2,,,,,"р.0,00","р.300,00","р.300,00"
1573,Расход,Товар,Безнал,Закупка резинок,23.02.2024,2,,,,,"р.0,00","р.500,00","р.500,00"
1574,Доход,Услуга,Безнал,Стрижка и укладка,23.02.2024,2,,,,,"р.0,00","р.4 500,00","р.4 500,00"
1575,Доход,Услуга,Безнал,Стрижка и укладка,23.02.2024,2,,,,,"р.0,00","р.4 500,00","р.4 500,00"
1576,Доход,Товар,Безнал,Продажа шампуня,23.02.2024,2,,,,,"р.0,00","р.500,00","р.500,00"
1577,Доход,Услуга,Наличные,Стрижка старшего мастера,23.02.2024,2,,,,,"р.0,00","р.5 500,00","р.5 500,00"
1578,Доход,Услуга,Безнал,Стрижка и укладка,23.02.2024,2,,,,,"р.0,00","р.4 500,00","р.4 500,00"
1579,Расход,Товар,Безнал,Закупка резинок,23.02.2024,2,,,,,"р.0,00","р.500,00","р.500,00"
1580,Доход,Товар,Наличные,Продажа геля,23.02.2024,2,,,,,"р.0,00","р.300,00","р.300,00"
1581,Доход,Услуга,Безнал,Стрижка старшего мастера,23.02.2024,2,42gbcz789185,6,Реклама в VK,"0,20","р.1 100,00","р.5 500,00","р.4 400,00"
1582,Расход,Товар,Безнал,Закупка резинок,23.02.2024,2,,,,,"р.0,00","р.500,00","р.500,00"
1583,Расход,Товар,Безнал,Закупка полотенец,23.02.2024,2,,,,,"р.0,00","р.1 000,00","р.1 000,00"
1584,Доход,Услуга,Безнал,Стрижка старшего мастера,23.02.2024,2,,,,,"р.0,00","р.5 500,00","р.5 500,00"
1585,Доход,Услуга,Наличные,Стрижка старшего мастера,23.02.2024,2,,,,,"р.0,00","р.5 500,00","р.5 500,00"
1586,Доход,Услуга,Безнал,Стрижка и укладка,24.02.2024,2,,,,,"р.0,00","р.4 500,00","р.4 500,00"
1587,Доход,Услуга,Безнал,Стрижка старшего мастера,24.02.2024,2,,,,,"р.0,00","р.5 500,00","р.5 500,00"
1588,Доход,Услуга,Безнал,Стрижка и укладка,24.02.2024,2,,,,,"р.0,00","р.4 500,00","р.4 500,00"
1589,Доход,Услуга,Безнал,Стрижка и укладка,24.02.2024,2,,,,,"р.0,00","р.4 500,00","р.4 500,00"
1590,Доход,Услуга,Безнал,Стрижка старшего мастера,24.02.2024,2,,,,,"р.0,00","р.5 500,00","р.5 500,00"
1591,Доход,Услуга,Безнал,Стрижка старшего мастера,24.02.2024,2,,,,,"р.0,00","р.5 500,00","р.5 500,00"
1592,Доход,Услуга,Безнал,Обычная стрижка,24.02.2024,2,,,,,"р.0,00","р.3 500,00","р.3 500,00"
1593,Доход,Услуга,Наличные,Стрижка старшего мастера,24.02.2024,2,,,,,"р.0,00","р.5 500,00","р.5 500,00"
1594,Доход,Услуга,Безнал,Стрижка и укладка,24.02.2024,2,42gbcz3051081,7,Сторис в VK,"0,15","р.675,00","р.4 500,00","р.3 825,00"
1595,Доход,Услуга,Безнал,Стрижка старшего мастера,24.02.2024,2,,,,,"р.0,00","р.5 500,00","р.5 500,00"
1596,Расход,Услуга,Безнал,Рекламный бюджет,24.02.2024,2,,,,,"р.0,00","р.50 000,00","р.50 000,00"
1597,Доход,Услуга,Безнал,Стрижка и укладка,24.02.2024,2,,,,,"р.0,00","р.4 500,00","р.4 500,00"
1598,Доход,Услуга,Безнал,Обычная стрижка,24.02.2024,2,,,,,"р.0,00","р.3 500,00","р.3 500,00"
1599,Доход,Услуга,Наличные,Стрижка старшего мастера,24.02.2024,2,42gbcz3020020,7,Сторис в VK,"0,15","р.825,00","р.5 500,00","р.4 675,00"
1600,Доход,Услуга,Безнал,Обычная стрижка,24.02.2024,2,,,,,"р.0,00","р.3 500,00","р.3 500,00"
1601,Доход,Услуга,Безнал,Обычная стрижка,24.02.2024,2,,,,,"р.0,00","р.3 500,00","р.3 500,00"
1602,Доход,Услуга,Безнал,Стрижка старшего мастера,24.02.2024,2,,,,,"р.0,00","р.5 500,00","р.5 500,00"
1603,Доход,Услуга,Безнал,Стрижка и укладка,24.02.2024,2,,,,,"р.0,00","р.4 500,00","р.4 500,00"
1604,Доход,Услуга,Безнал,Стрижка старшего мастера,24.02.2024,2,,,,,"р.0,00","р.5 500,00","р.5 500,00"
1605,Доход,Услуга,Наличные,Стрижка и укладка,24.02.2024,2,,,,,"р.0,00","р.4 500,00","р.4 500,00"
1606,Доход,Услуга,Наличные,Стрижка и укладка,24.02.2024,2,,,,,"р.0,00","р.4 500,00","р.4 500,00"
1607,Доход,Услуга,Безнал,Обычная стрижка,24.02.2024,2,,,,,"р.0,00","р.3 500,00","р.3 500,00"
1608,Доход,Услуга,Безнал,Стрижка старшего мастера,24.02.2024,2,,,,,"р.0,00","р.5 500,00","р.5 500,00"
1609,Доход,Услуга,Наличные,Обычная стрижка,24.02.2024,2,,,,,"р.0,00","р.3 500,00","р.3 500,00"
1610,Расход,Товар,Безнал,Закупка полотенец,24.02.2024,2,,,,,"р.0,00","р.1 000,00","р.1 000,00"
1611,Расход,Товар,Безнал,Закупка полотенец,24.02.2024,2,,,,,"р.0,00","р.1 000,00","р.1 000,00"
1612,Доход,Услуга,Безнал,Обычная стрижка,24.02.2024,2,,,,,"р.0,00","р.3 500,00","р.3 500,00"
1613,Доход,Услуга,Наличные,Стрижка старшего мастера,24.02.2024,2,42gbcz2683934,1,Обещаем скидки,"0,10","р.550,00","р.5 500,00","р.4 950,00"
1614,Доход,Услуга,Безнал,Обычная стрижка,24.02.2024,2,42gbcz2621644,4,Посты в Telegram,"0,50","р.1 750,00","р.3 500,00","р.1 750,00"
1615,Доход,Услуга,Безнал,Стрижка старшего мастера,24.02.2024,2,,,,,"р.0,00","р.5 500,00","р.5 500,00"
1616,Доход,Товар,Безнал,Продажа шампуня и кондиционера,24.02.2024,2,,,,,"р.0,00","р.1 000,00","р.1 000,00"
1617,Доход,Услуга,Наличные,Обычная стрижка,25.02.2024,2,,,,,"р.0,00","р.3 500,00","р.3 500,00"
1618,Доход,Услуга,Безнал,Обычная стрижка,25.02.2024,2,,,,,"р.0,00","р.3 500,00","р.3 500,00"
1619,Доход,Услуга,Безнал,Обычная стрижка,25.02.2024,2,,,,,"р.0,00","р.3 500,00","р.3 500,00"
1620,Доход,Услуга,Безнал,Стрижка старшего мастера,25.02.2024,2,,,,,"р.0,00","р.5 500,00","р.5 500,00"
1621,Доход,Услуга,Безнал,Обычная стрижка,25.02.2024,2,,,,,"р.0,00","р.3 500,00","р.3 500,00"
1622,Доход,Услуга,Безнал,Обычная стрижка,25.02.2024,2,,,,,"р.0,00","р.3 500,00","р.3 500,00"
1623,Расход,Товар,Безнал,Закупка полотенец,25.02.2024,2,,,,,"р.0,00","р.1 000,00","р.1 000,00"
1624,Доход,Услуга,Безнал,Стрижка старшего мастера,25.02.2024,2,,,,,"р.0,00","р.5 500,00","р.5 500,00"
1625,Доход,Услуга,Безнал,Стрижка и укладка,25.02.2024,2,42gbcz911625,3,Поисковые запросы в Яндексе,"0,05","р.225,00","р.4 500,00","р.4 275,00"
1626,Доход,Услуга,Безнал,Стрижка и укладка,25.02.2024,2,,,,,"р.0,00","р.4 500,00","р.4 500,00"
1627,Доход,Услуга,Безнал,Стрижка и укладка,25.02.2024,2,42gbcz1021196,3,Поисковые запросы в Яндексе,"0,05","р.225,00","р.4 500,00","р.4 275,00"
1628,Доход,Услуга,Безнал,Стрижка и укладка,25.02.2024,2,,,,,"р.0,00","р.4 500,00","р.4 500,00"
1629,Расход,Товар,Безнал,Закупка полотенец,25.02.2024,2,,,,,"р.0,00","р.1 000,00","р.1 000,00"
1630,Доход,Услуга,Безнал,Стрижка и укладка,25.02.2024,2,42gbcz108947,6,Реклама в VK,"0,20","р.900,00","р.4 500,00","р.3 600,00"
1631,Доход,Товар,Безнал,Продажа шампуня,25.02.2024,2,,,,,"р.0,00","р.500,00","р.500,00"
1632,Доход,Услуга,Наличные,Стрижка и укладка,25.02.2024,2,,,,,"р.0,00","р.4 500,00","р.4 500,00"
1633,Доход,Услуга,Безнал,Стрижка старшего мастера,25.02.2024,2,,,,,"р.0,00","р.5 500,00","р.5 500,00"
1634,Доход,Товар,Безнал,Продажа шампуня и кондиционера,25.02.2024,2,,,,,"р.0,00","р.1 000,00","р.1 000,00"
1635,Доход,Услуга,Безнал,Обычная стрижка,25.02.2024,2,,,,,"р.0,00","р.3 500,00","р.3 500,00"
1636,Доход,Услуга,Безнал,Стрижка и укладка,25.02.2024,2,,,,,"р.0,00","р.4 500,00","р.4 500,00"
1637,Расход,Товар,Безнал,Прочие расходы,25.02.2024,2,,,,,"р.0,00","р.300,00","р.300,00"
1638,Доход,Услуга,Безнал,Стрижка старшего мастера,25.02.2024,2,,,,,"р.0,00","р.5 500,00","р.5 500,00"
1639,Доход,Услуга,Безнал,Стрижка и укладка,25.02.2024,2,,,,,"р.0,00","р.4 500,00","р.4 500,00"
1640,Расход,Товар,Безнал,Закупка полотенец,25.02.2024,2,,,,,"р.0,00","р.1 000,00","р.1 000,00"
1641,Доход,Услуга,Безнал,Стрижка старшего мастера,25.02.2024,2,,,,,"р.0,00","р.5 500,00","р.5 500,00"
1642,Доход,Услуга,Наличные,Стрижка и укладка,25.02.2024,2,,,,,"р.0,00","р.4 500,00","р.4 500,00"
1643,Доход,Услуга,Безнал,Стрижка и укладка,25.02.2024,2,,,,,"р.0,00","р.4 500,00","р.4 500,00"
1644,Доход,Услуга,Безнал,Стрижка и укладка,25.02.2024,2,,,,,"р.0,00","р.4 500,00","р.4 500,00"
1645,Доход,Услуга,Наличные,Стрижка старшего мастера,25.02.2024,2,,,,,"р.0,00","р.5 500,00","р.5 500,00"
1646,Доход,Услуга,Наличные,Обычная стрижка,25.02.2024,2,42gbcz676166,5,Посты в VK,"0,15","р.525,00","р.3 500,00","р.2 975,00"
1647,Доход,Услуга,Безнал,Стрижка старшего мастера,25.02.2024,2,,,,,"р.0,00","р.5 500,00","р.5 500,00"
1648,Доход,Товар,Наличные,Продажа шампуня и кондиционера,26.02.2024,2,,,,,"р.0,00","р.1 000,00","р.1 000,00"
1649,Расход,Товар,Безнал,Закупка резинок,26.02.2024,2,,,,,"р.0,00","р.500,00","р.500,00"
1650,Расход,Товар,Безнал,Прочие расходы,26.02.2024,2,,,,,"р.0,00","р.300,00","р.300,00"
1651,Доход,Услуга,Безнал,Стрижка старшего мастера,26.02.2024,2,,,,,"р.0,00","р.5 500,00","р.5 500,00"
1652,Доход,Услуга,Безнал,Обычная стрижка,26.02.2024,2,,,,,"р.0,00","р.3 500,00","р.3 500,00"
1653,Доход,Товар,Безнал,Продажа шампуня и кондиционера,26.02.2024,2,,,,,"р.0,00","р.1 000,00","р.1 000,00"
1654,Доход,Услуга,Безнал,Стрижка старшего мастера,26.02.2024,2,,,,,"р.0,00","р.5 500,00","р.5 500,00"
1655,Доход,Услуга,Безнал,Обычная стрижка,26.02.2024,2,,,,,"р.0,00","р.3 500,00","р.3 500,00"
1656,Доход,Услуга,Безнал,Стрижка старшего мастера,26.02.2024,2,,,,,"р.0,00","р.5 500,00","р.5 500,00"
1657,Доход,Товар,Безнал,Продажа геля,26.02.2024,2,42gbcz1735887,1,Обещаем скидки,"0,10","р.30,00","р.300,00","р.270,00"
1658,Доход,Услуга,Безнал,Обычная стрижка,26.02.2024,2,42gbcz2461835,3,Поисковые запросы в Яндексе,"0,05","р.175,00","р.3 500,00","р.3 325,00"
1659,Доход,Услуга,Безнал,Стрижка и укладка,26.02.2024,2,42gbcz1256997,5,Посты в VK,"0,15","р.675,00","р.4 500,00","р.3 825,00"
1660,Доход,Услуга,Безнал,Обычная стрижка,26.02.2024,2,,,,,"р.0,00","р.3 500,00","р.3 500,00"
1661,Доход,Услуга,Наличные,Стрижка старшего мастера,26.02.2024,2,,,,,"р.0,00","р.5 500,00","р.5 500,00"
1662,Расход,Товар,Безнал,Прочие расходы,26.02.2024,2,,,,,"р.0,00","р.300,00","р.300,00"
1663,Доход,Услуга,Наличные,Стрижка старшего мастера,26.02.2024,2,42gbcz1476043,3,Поисковые запросы в Яндексе,"0,05","р.275,00","р.5 500,00","р.5 225,00"
1664,Доход,Услуга,Наличные,Обычная стрижка,26.02.2024,2,,,,,"р.0,00","р.3 500,00","р.3 500,00"
1665,Доход,Товар,Наличные,Продажа шампуня и кондиционера,26.02.2024,2,42gbcz3134310,5,Посты в VK,"0,15","р.150,00","р.1 000,00","р.850,00"
1666,Доход,Услуга,Безнал,Стрижка старшего мастера,26.02.2024,2,,,,,"р.0,00","р.5 500,00","р.5 500,00"
1667,Доход,Услуга,Безнал,Стрижка и укладка,26.02.2024,2,,,,,"р.0,00","р.4 500,00","р.4 500,00"
1668,Доход,Услуга,Наличные,Стрижка и укладка,26.02.2024,2,,,,,"р.0,00","р.4 500,00","р.4 500,00"
1669,Расход,Товар,Безнал,Закупка резинок,26.02.2024,2,,,,,"р.0,00","р.500,00","р.500,00"
1670,Доход,Услуга,Безнал,Обычная стрижка,26.02.2024,2,,,,,"р.0,00","р.3 500,00","р.3 500,00"
1671,Доход,Услуга,Безнал,Стрижка и укладка,26.02.2024,2,,,,,"р.0,00","р.4 500,00","р.4 500,00"
1672,Доход,Товар,Безнал,Продажа шампуня и кондиционера,26.02.2024,2,,,,,"р.0,00","р.1 000,00","р.1 000,00"
1673,Доход,Услуга,Безнал,Стрижка и укладка,26.02.2024,2,,,,,"р.0,00","р.4 500,00","р.4 500,00"
1674,Доход,Услуга,Безнал,Стрижка и укладка,26.02.2024,2,,,,,"р.0,00","р.4 500,00","р.4 500,00"
1675,Доход,Услуга,Безнал,Обычная стрижка,26.02.2024,2,,,,,"р.0,00","р.3 500,00","р.3 500,00"
1676,Доход,Услуга,Безнал,Стрижка старшего мастера,26.02.2024,2,,,,,"р.0,00","р.5 500,00","р.5 500,00"
1677,Доход,Услуга,Безнал,Обычная стрижка,26.02.2024,2,,,,,"р.0,00","р.3 500,00","р.3 500,00"
1678,Доход,Услуга,Безнал,Обычная стрижка,26.02.2024,2,,,,,"р.0,00","р.3 500,00","р.3 500,00"
1679,Расход,Товар,Безнал,Закупка полотенец,27.02.2024,2,,,,,"р.0,00","р.1 000,00","р.1 000,00"
1680,Доход,Услуга,Безнал,Стрижка старшего мастера,27.02.2024,2,,,,,"р.0,00","р.5 500,00","р.5 500,00"
1681,Доход,Услуга,Безнал,Стрижка и укладка,27.02.2024,2,42gbcz1500454,5,Посты в VK,"0,15","р.675,00","р.4 500,00","р.3 825,00"
1682,Доход,Услуга,Безнал,Стрижка и укладка,27.02.2024,2,,,,,"р.0,00","р.4 500,00","р.4 500,00"
1683,Доход,Услуга,Безнал,Стрижка и укладка,27.02.2024,2,42gbcz1953119,3,Поисковые запросы в Яндексе,"0,05","р.225,00","р.4 500,00","р.4 275,00"
1684,Доход,Услуга,Безнал,Стрижка и укладка,27.02.2024,2,,,,,"р.0,00","р.4 500,00","р.4 500,00"
1685,Расход,Товар,Безнал,Закупка полотенец,27.02.2024,2,,,,,"р.0,00","р.1 000,00","р.1 000,00"
1686,Доход,Услуга,Безнал,Стрижка и укладка,27.02.2024,2,42gbcz108947,6,Реклама в VK,"0,20","р.900,00","р.4 500,00","р.3 600,00"
1687,Доход,Товар,Безнал,Продажа шампуня,27.02.2024,2,,,,,"р.0,00","р.500,00","р.500,00"
1688,Доход,Услуга,Наличные,Стрижка и укладка,27.02.2024,2,,,,,"р.0,00","р.4 500,00","р.4 500,00"
1689,Доход,Услуга,Безнал,Стрижка старшего мастера,27.02.2024,2,,,,,"р.0,00","р.5 500,00","р.5 500,00"
1690,Доход,Товар,Безнал,Продажа шампуня и кондиционера,27.02.2024,2,,,,,"р.0,00","р.1 000,00","р.1 000,00"
1691,Доход,Услуга,Безнал,Обычная стрижка,27.02.2024,2,,,,,"р.0,00","р.3 500,00","р.3 500,00"
1692,Доход,Услуга,Безнал,Стрижка и укладка,27.02.2024,2,,,,,"р.0,00","р.4 500,00","р.4 500,00"
1693,Расход,Товар,Безнал,Прочие расходы,27.02.2024,2,,,,,"р.0,00","р.300,00","р.300,00"
1694,Доход,Услуга,Безнал,Стрижка старшего мастера,27.02.2024,2,,,,,"р.0,00","р.5 500,00","р.5 500,00"
1695,Доход,Услуга,Безнал,Стрижка и укладка,27.02.2024,2,,,,,"р.0,00","р.4 500,00","р.4 500,00"
1696,Расход,Товар,Безнал,Закупка полотенец,27.02.2024,2,,,,,"р.0,00","р.1 000,00","р.1 000,00"
1697,Доход,Услуга,Безнал,Стрижка старшего мастера,27.02.2024,2,,,,,"р.0,00","р.5 500,00","р.5 500,00"
1698,Доход,Услуга,Наличные,Стрижка и укладка,27.02.2024,2,,,,,"р.0,00","р.4 500,00","р.4 500,00"
1699,Доход,Услуга,Безнал,Стрижка и укладка,27.02.2024,2,,,,,"р.0,00","р.4 500,00","р.4 500,00"
1700,Доход,Услуга,Безнал,Стрижка и укладка,27.02.2024,2,,,,,"р.0,00","р.4 500,00","р.4 500,00"
1701,Доход,Услуга,Наличные,Стрижка старшего мастера,27.02.2024,2,,,,,"р.0,00","р.5 500,00","р.5 500,00"
1702,Доход,Услуга,Наличные,Обычная стрижка,27.02.2024,2,42gbcz676166,5,Посты в VK,"0,15","р.525,00","р.3 500,00","р.2 975,00"
1703,Доход,Услуга,Безнал,Стрижка старшего мастера,27.02.2024,2,,,,,"р.0,00","р.5 500,00","р.5 500,00"
1704,Доход,Товар,Наличные,Продажа шампуня и кондиционера,27.02.2024,2,,,,,"р.0,00","р.1 000,00","р.1 000,00"
1705,Расход,Товар,Безнал,Закупка резинок,27.02.2024,2,,,,,"р.0,00","р.500,00","р.500,00"
1706,Расход,Товар,Безнал,Прочие расходы,27.02.2024,2,,,,,"р.0,00","р.300,00","р.300,00"
1707,Доход,Услуга,Безнал,Стрижка старшего мастера,27.02.2024,2,,,,,"р.0,00","р.5 500,00","р.5 500,00"
1708,Доход,Услуга,Безнал,Обычная стрижка,27.02.2024,2,,,,,"р.0,00","р.3 500,00","р.3 500,00"
1709,Доход,Товар,Безнал,Продажа шампуня и кондиционера,27.02.2024,2,,,,,"р.0,00","р.1 000,00","р.1 000,00"
1710,Доход,Услуга,Безнал,Стрижка старшего мастера,28.02.2024,2,,,,,"р.0,00","р.5 500,00","р.5 500,00"
1711,Доход,Услуга,Безнал,Обычная стрижка,28.02.2024,2,,,,,"р.0,00","р.3 500,00","р.3 500,00"
1712,Доход,Услуга,Безнал,Стрижка старшего мастера,28.02.2024,2,,,,,"р.0,00","р.5 500,00","р.5 500,00"
1713,Доход,Товар,Безнал,Продажа геля,28.02.2024,2,42gbcz1735887,1,Обещаем скидки,"0,10","р.30,00","р.300,00","р.270,00"
1714,Доход,Услуга,Безнал,Обычная стрижка,28.02.2024,2,42gbcz2461835,3,Поисковые запросы в Яндексе,"0,05","р.175,00","р.3 500,00","р.3 325,00"
1715,Доход,Услуга,Безнал,Стрижка и укладка,28.02.2024,2,42gbcz1256997,5,Посты в VK,"0,15","р.675,00","р.4 500,00","р.3 825,00"
1716,Доход,Услуга,Безнал,Обычная стрижка,28.02.2024,2,,,,,"р.0,00","р.3 500,00","р.3 500,00"
1717,Доход,Услуга,Наличные,Стрижка старшего мастера,28.02.2024,2,,,,,"р.0,00","р.5 500,00","р.5 500,00"
1718,Расход,Товар,Безнал,Прочие расходы,28.02.2024,2,,,,,"р.0,00","р.300,00","р.300,00"
1719,Доход,Услуга,Наличные,Стрижка старшего мастера,28.02.2024,2,42gbcz1476043,3,Поисковые запросы в Яндексе,"0,05","р.275,00","р.5 500,00","р.5 225,00"
1720,Доход,Услуга,Наличные,Обычная стрижка,28.02.2024,2,,,,,"р.0,00","р.3 500,00","р.3 500,00"
1721,Доход,Товар,Наличные,Продажа шампуня и кондиционера,28.02.2024,2,42gbcz3134310,5,Посты в VK,"0,15","р.150,00","р.1 000,00","р.850,00"
1722,Доход,Услуга,Безнал,Стрижка старшего мастера,28.02.2024,2,,,,,"р.0,00","р.5 500,00","р.5 500,00"
1723,Доход,Услуга,Безнал,Стрижка и укладка,28.02.2024,2,,,,,"р.0,00","р.4 500,00","р.4 500,00"
1724,Доход,Услуга,Наличные,Стрижка и укладка,28.02.2024,2,,,,,"р.0,00","р.4 500,00","р.4 500,00"
1725,Расход,Товар,Безнал,Закупка резинок,28.02.2024,2,,,,,"р.0,00","р.500,00","р.500,00"
1726,Доход,Услуга,Безнал,Обычная стрижка,28.02.2024,2,,,,,"р.0,00","р.3 500,00","р.3 500,00"
1727,Доход,Услуга,Безнал,Стрижка и укладка,28.02.2024,2,,,,,"р.0,00","р.4 500,00","р.4 500,00"
1728,Доход,Товар,Безнал,Продажа шампуня и кондиционера,28.02.2024,2,,,,,"р.0,00","р.1 000,00","р.1 000,00"
1729,Доход,Услуга,Безнал,Стрижка и укладка,28.02.2024,2,,,,,"р.0,00","р.4 500,00","р.4 500,00"
1730,Доход,Услуга,Безнал,Стрижка и укладка,28.02.2024,2,,,,,"р.0,00","р.4 500,00","р.4 500,00"
1731,Доход,Услуга,Безнал,Обычная стрижка,28.02.2024,2,,,,,"р.0,00","р.3 500,00","р.3 500,00"
1732,Расход,Товар,Безнал,Закупка полотенец,28.02.2024,2,,,,,"р.0,00","р.1 000,00","р.1 000,00"
1733,Доход,Услуга,Безнал,Обычная стрижка,28.02.2024,2,,,,,"р.0,00","р.3 500,00","р.3 500,00"
1734,Доход,Услуга,Безнал,Стрижка и укладка,28.02.2024,2,42gbcz1500454,5,Посты в VK,"0,15","р.675,00","р.4 500,00","р.3 825,00"
1735,Расход,Товар,Безнал,Прочие расходы,28.02.2024,2,,,,,"р.0,00","р.300,00","р.300,00"
1736,Доход,Услуга,Безнал,Обычная стрижка,28.02.2024,2,,,,,"р.0,00","р.3 500,00","р.3 500,00"
1737,Доход,Услуга,Наличные,Обычная стрижка,28.02.2024,2,,,,,"р.0,00","р.3 500,00","р.3 500,00"
1738,Доход,Услуга,Безнал,Стрижка старшего мастера,01.03.2024,3,,,,,"р.0,00","р.5 500,00","р.5 500,00"
1739,Доход,Услуга,Безнал,Обычная стрижка,01.03.2024,3,,,,,"р.0,00","р.3 500,00","р.3 500,00"
1740,Доход,Услуга,Безнал,Обычная стрижка,01.03.2024,3,,,,,"р.0,00","р.3 500,00","р.3 500,00"
1741,Расход,Товар,Безнал,Закупка полотенец,01.03.2024,3,,,,,"р.0,00","р.1 000,00","р.1 000,00"
1742,Доход,Услуга,Безнал,Стрижка старшего мастера,01.03.2024,3,,,,,"р.0,00","р.5 500,00","р.5 500,00"
1743,Доход,Услуга,Безнал,Стрижка и укладка,01.03.2024,3,42gbcz1953119,3,Поисковые запросы в Яндексе,"0,05","р.225,00","р.4 500,00","р.4 275,00"
1744,Доход,Услуга,Безнал,Стрижка и укладка,01.03.2024,3,,,,,"р.0,00","р.4 500,00","р.4 500,00"
1745,Доход,Услуга,Безнал,Стрижка и укладка,01.03.2024,3,42gbcz3835356,4,Посты в Telegram,"0,50","р.2 250,00","р.4 500,00","р.2 250,00"
1746,Доход,Услуга,Безнал,Стрижка и укладка,01.03.2024,3,,,,,"р.0,00","р.4 500,00","р.4 500,00"
1747,Расход,Товар,Безнал,Закупка полотенец,01.03.2024,3,,,,,"р.0,00","р.1 000,00","р.1 000,00"
1748,Доход,Услуга,Безнал,Стрижка и укладка,01.03.2024,3,42gbcz3433865,3,Поисковые запросы в Яндексе,"0,05","р.225,00","р.4 500,00","р.4 275,00"
1749,Доход,Товар,Безнал,Продажа шампуня,01.03.2024,3,,,,,"р.0,00","р.500,00","р.500,00"
1750,Доход,Услуга,Наличные,Стрижка и укладка,01.03.2024,3,,,,,"р.0,00","р.4 500,00","р.4 500,00"
1751,Доход,Услуга,Безнал,Стрижка старшего мастера,01.03.2024,3,,,,,"р.0,00","р.5 500,00","р.5 500,00"
1752,Доход,Товар,Безнал,Продажа шампуня и кондиционера,01.03.2024,3,,,,,"р.0,00","р.1 000,00","р.1 000,00"
1753,Доход,Услуга,Безнал,Обычная стрижка,01.03.2024,3,,,,,"р.0,00","р.3 500,00","р.3 500,00"
1754,Доход,Услуга,Безнал,Стрижка и укладка,01.03.2024,3,,,,,"р.0,00","р.4 500,00","р.4 500,00"
1755,Расход,Товар,Безнал,Прочие расходы,01.03.2024,3,,,,,"р.0,00","р.300,00","р.300,00"
1756,Доход,Услуга,Безнал,Стрижка старшего мастера,01.03.2024,3,,,,,"р.0,00","р.5 500,00","р.5 500,00"
1757,Доход,Услуга,Безнал,Стрижка и укладка,01.03.2024,3,,,,,"р.0,00","р.4 500,00","р.4 500,00"
1758,Расход,Товар,Безнал,Закупка полотенец,01.03.2024,3,,,,,"р.0,00","р.1 000,00","р.1 000,00"
1759,Доход,Услуга,Безнал,Стрижка старшего мастера,01.03.2024,3,,,,,"р.0,00","р.5 500,00","р.5 500,00"
1760,Доход,Услуга,Наличные,Стрижка и укладка,01.03.2024,3,,,,,"р.0,00","р.4 500,00","р.4 500,00"
1761,Доход,Услуга,Безнал,Стрижка и укладка,01.03.2024,3,,,,,"р.0,00","р.4 500,00","р.4 500,00"
1762,Доход,Услуга,Безнал,Стрижка и укладка,01.03.2024,3,,,,,"р.0,00","р.4 500,00","р.4 500,00"
1763,Доход,Услуга,Наличные,Стрижка старшего мастера,01.03.2024,3,,,,,"р.0,00","р.5 500,00","р.5 500,00"
1764,Доход,Услуга,Наличные,Обычная стрижка,01.03.2024,3,42gbcz3625214,7,Сторис в VK,"0,15","р.525,00","р.3 500,00","р.2 975,00"
1765,Доход,Услуга,Безнал,Стрижка старшего мастера,01.03.2024,3,,,,,"р.0,00","р.5 500,00","р.5 500,00"
1766,Доход,Товар,Наличные,Продажа шампуня и кондиционера,01.03.2024,3,,,,,"р.0,00","р.1 000,00","р.1 000,00"
1767,Расход,Товар,Безнал,Закупка резинок,01.03.2024,3,,,,,"р.0,00","р.500,00","р.500,00"
1768,Расход,Товар,Безнал,Прочие расходы,02.03.2024,3,,,,,"р.0,00","р.300,00","р.300,00"
1769,Доход,Услуга,Безнал,Стрижка старшего мастера,02.03.2024,3,,,,,"р.0,00","р.5 500,00","р.5 500,00"
1770,Доход,Услуга,Безнал,Обычная стрижка,02.03.2024,3,,,,,"р.0,00","р.3 500,00","р.3 500,00"
1771,Доход,Товар,Безнал,Продажа шампуня и кондиционера,02.03.2024,3,,,,,"р.0,00","р.1 000,00","р.1 000,00"
1772,Доход,Услуга,Безнал,Стрижка старшего мастера,02.03.2024,3,,,,,"р.0,00","р.5 500,00","р.5 500,00"
1773,Доход,Услуга,Безнал,Обычная стрижка,02.03.2024,3,,,,,"р.0,00","р.3 500,00","р.3 500,00"
1774,Доход,Услуга,Безнал,Стрижка старшего мастера,02.03.2024,3,,,,,"р.0,00","р.5 500,00","р.5 500,00"
1775,Доход,Товар,Безнал,Продажа геля,02.03.2024,3,42gbcz2949901,3,Поисковые запросы в Яндексе,"0,05","р.15,00","р.300,00","р.285,00"
1776,Доход,Услуга,Безнал,Обычная стрижка,02.03.2024,3,42gbcz2040603,5,Посты в VK,"0,15","р.525,00","р.3 500,00","р.2 975,00"
1777,Доход,Услуга,Безнал,Стрижка и укладка,02.03.2024,3,42gbcz1742768,7,Сторис в VK,"0,15","р.675,00","р.4 500,00","р.3 825,00"
1778,Доход,Услуга,Безнал,Обычная стрижка,02.03.2024,3,,,,,"р.0,00","р.3 500,00","р.3 500,00"
1779,Доход,Услуга,Наличные,Стрижка старшего мастера,02.03.2024,3,,,,,"р.0,00","р.5 500,00","р.5 500,00"
1780,Расход,Товар,Безнал,Прочие расходы,02.03.2024,3,,,,,"р.0,00","р.300,00","р.300,00"
1781,Доход,Услуга,Наличные,Стрижка старшего мастера,02.03.2024,3,42gbcz1501220,1,Обещаем скидки,"0,10","р.550,00","р.5 500,00","р.4 950,00"
1782,Доход,Услуга,Наличные,Обычная стрижка,02.03.2024,3,,,,,"р.0,00","р.3 500,00","р.3 500,00"
1783,Доход,Товар,Наличные,Продажа шампуня и кондиционера,02.03.2024,3,42gbcz3647017,2,Поисковые запросы в Гугле,"0,10","р.100,00","р.1 000,00","р.900,00"
1784,Доход,Услуга,Безнал,Стрижка старшего мастера,02.03.2024,3,,,,,"р.0,00","р.5 500,00","р.5 500,00"
1785,Доход,Услуга,Безнал,Стрижка и укладка,02.03.2024,3,,,,,"р.0,00","р.4 500,00","р.4 500,00"
1786,Доход,Услуга,Наличные,Стрижка и укладка,02.03.2024,3,,,,,"р.0,00","р.4 500,00","р.4 500,00"
1787,Расход,Товар,Безнал,Закупка резинок,02.03.2024,3,,,,,"р.0,00","р.500,00","р.500,00"
1788,Доход,Услуга,Безнал,Обычная стрижка,02.03.2024,3,,,,,"р.0,00","р.3 500,00","р.3 500,00"
1789,Доход,Услуга,Безнал,Стрижка и укладка,02.03.2024,3,,,,,"р.0,00","р.4 500,00","р.4 500,00"
1790,Доход,Товар,Безнал,Продажа шампуня и кондиционера,02.03.2024,3,,,,,"р.0,00","р.1 000,00","р.1 000,00"
1791,Доход,Услуга,Безнал,Стрижка и укладка,02.03.2024,3,,,,,"р.0,00","р.4 500,00","р.4 500,00"
1792,Доход,Услуга,Безнал,Стрижка и укладка,02.03.2024,3,,,,,"р.0,00","р.4 500,00","р.4 500,00"
1793,Доход,Услуга,Безнал,Обычная стрижка,02.03.2024,3,,,,,"р.0,00","р.3 500,00","р.3 500,00"
1794,Расход,Товар,Безнал,Закупка полотенец,02.03.2024,3,,,,,"р.0,00","р.1 000,00","р.1 000,00"
1795,Доход,Услуга,Безнал,Обычная стрижка,02.03.2024,3,,,,,"р.0,00","р.3 500,00","р.3 500,00"
1796,Доход,Услуга,Безнал,Стрижка и укладка,02.03.2024,3,42gbcz1665813,3,Поисковые запросы в Яндексе,"0,05","р.225,00","р.4 500,00","р.4 275,00"
1797,Расход,Товар,Безнал,Прочие расходы,02.03.2024,3,,,,,"р.0,00","р.300,00","р.300,00"
1798,Доход,Услуга,Безнал,Обычная стрижка,03.03.2024,3,,,,,"р.0,00","р.3 500,00","р.3 500,00"
1799,Доход,Услуга,Наличные,Обычная стрижка,03.03.2024,3,,,,,"р.0,00","р.3 500,00","р.3 500,00"
1800,Доход,Услуга,Безнал,Стрижка и укладка,03.03.2024,3,,,,,"р.0,00","р.4 500,00","р.4 500,00"
1801,Расход,Товар,Безнал,Закупка полотенец,03.03.2024,3,,,,,"р.0,00","р.1 000,00","р.1 000,00"
1802,Доход,Услуга,Безнал,Обычная стрижка,03.03.2024,3,,,,,"р.0,00","р.3 500,00","р.3 500,00"
1803,Доход,Услуга,Безнал,Обычная стрижка,03.03.2024,3,,,,,"р.0,00","р.3 500,00","р.3 500,00"
1804,Доход,Услуга,Наличные,Стрижка старшего мастера,03.03.2024,3,,,,,"р.0,00","р.5 500,00","р.5 500,00"
1805,Доход,Услуга,Наличные,Стрижка старшего мастера,03.03.2024,3,42gbcz1642755,3,Поисковые запросы в Яндексе,"0,05","р.275,00","р.5 500,00","р.5 225,00"
1806,Доход,Товар,Безнал,Продажа геля,03.03.2024,3,42gbcz2329189,5,Посты в VK,"0,15","р.45,00","р.300,00","р.255,00"
1807,Доход,Услуга,Безнал,Обычная стрижка,03.03.2024,3,,,,,"р.0,00","р.3 500,00","р.3 500,00"
1808,Доход,Товар,Безнал,Продажа шампуня и кондиционера,03.03.2024,3,,,,,"р.0,00","р.1 000,00","р.1 000,00"
1809,Доход,Товар,Безнал,Продажа шампуня и кондиционера,03.03.2024,3,,,,,"р.0,00","р.1 000,00","р.1 000,00"
1810,Расход,Услуга,Безнал,Аренда,03.03.2024,3,,,,,"р.0,00","р.70 000,00","р.70 000,00"
1811,Расход,Услуга,Безнал,Коммунальные услуги,03.03.2024,3,,,,,"р.0,00","р.7 000,00","р.7 000,00"
1812,Доход,Услуга,Безнал,Стрижка старшего мастера,03.03.2024,3,,,,,"р.0,00","р.5 500,00","р.5 500,00"
1813,Доход,Услуга,Безнал,Стрижка и укладка,03.03.2024,3,42gbcz2955350,6,Реклама в VK,"0,20","р.900,00","р.4 500,00","р.3 600,00"
1814,Доход,Товар,Безнал,Продажа шампуня и кондиционера,03.03.2024,3,,,,,"р.0,00","р.1 000,00","р.1 000,00"
1815,Расход,Товар,Безнал,Закупка полотенец,03.03.2024,3,,,,,"р.0,00","р.1 000,00","р.1 000,00"
1816,Расход,Товар,Наличные,Прочие расходы,03.03.2024,3,,,,,"р.0,00","р.300,00","р.300,00"
1817,Доход,Услуга,Безнал,Стрижка и укладка,03.03.2024,3,,,,,"р.0,00","р.4 500,00","р.4 500,00"
1818,Расход,Товар,Наличные,Закупка полотенец,03.03.2024,3,,,,,"р.0,00","р.1 000,00","р.1 000,00"
1819,Доход,Услуга,Безнал,Стрижка старшего мастера,03.03.2024,3,,,,,"р.0,00","р.5 500,00","р.5 500,00"
1820,Доход,Товар,Безнал,Продажа шампуня и кондиционера,03.03.2024,3,,,,,"р.0,00","р.1 000,00","р.1 000,00"
1821,Доход,Товар,Наличные,Продажа геля,03.03.2024,3,,,,,"р.0,00","р.300,00","р.300,00"
1822,Доход,Услуга,Безнал,Стрижка и укладка,03.03.2024,3,,,,,"р.0,00","р.4 500,00","р.4 500,00"
1823,Доход,Услуга,Безнал,Стрижка старшего мастера,03.03.2024,3,,,,,"р.0,00","р.5 500,00","р.5 500,00"
1824,Доход,Услуга,Безнал,Стрижка старшего мастера,03.03.2024,3,42gbcz3256737,1,Обещаем скидки,"0,10","р.550,00","р.5 500,00","р.4 950,00"
1825,Доход,Услуга,Безнал,Обычная стрижка,03.03.2024,3,,,,,"р.0,00","р.3 500,00","р.3 500,00"
1826,Расход,Товар,Безнал,Закупка резинок,03.03.2024,3,,,,,"р.0,00","р.500,00","р.500,00"
1827,Доход,Товар,Безнал,Продажа геля,03.03.2024,3,,,,,"р.0,00","р.300,00","р.300,00"
1828,Доход,Услуга,Безнал,Обычная стрижка,04.03.2024,3,,,,,"р.0,00","р.3 500,00","р.3 500,00"
1829,Доход,Услуга,Безнал,Стрижка и укладка,04.03.2024,3,,,,,"р.0,00","р.4 500,00","р.4 500,00"
1830,Доход,Услуга,Безнал,Стрижка и укладка,04.03.2024,3,,,,,"р.0,00","р.4 500,00","р.4 500,00"
1831,Доход,Услуга,Безнал,Стрижка и укладка,04.03.2024,3,,,,,"р.0,00","р.4 500,00","р.4 500,00"
1832,Доход,Товар,Безнал,Продажа шампуня,04.03.2024,3,,,,,"р.0,00","р.500,00","р.500,00"
1833,Доход,Услуга,Безнал,Стрижка старшего мастера,04.03.2024,3,,,,,"р.0,00","р.5 500,00","р.5 500,00"
1834,Доход,Услуга,Безнал,Стрижка старшего мастера,04.03.2024,3,,,,,"р.0,00","р.5 500,00","р.5 500,00"
1835,Доход,Товар,Безнал,Продажа шампуня,04.03.2024,3,,,,,"р.0,00","р.500,00","р.500,00"
1836,Доход,Товар,Безнал,Продажа геля,04.03.2024,3,,,,,"р.0,00","р.300,00","р.300,00"
1837,Расход,Товар,Наличные,Прочие расходы,04.03.2024,3,,,,,"р.0,00","р.300,00","р.300,00"
1838,Доход,Услуга,Наличные,Обычная стрижка,04.03.2024,3,,,,,"р.0,00","р.3 500,00","р.3 500,00"
1839,Доход,Услуга,Безнал,Стрижка и укладка,04.03.2024,3,,,,,"р.0,00","р.4 500,00","р.4 500,00"
1840,Доход,Товар,Безнал,Продажа шампуня и кондиционера,04.03.2024,3,,,,,"р.0,00","р.1 000,00","р.1 000,00"
1841,Доход,Товар,Наличные,Продажа шампуня,04.03.2024,3,42gbcz2696545,3,Поисковые запросы в Яндексе,"0,05","р.25,00","р.500,00","р.475,00"
1842,Доход,Товар,Наличные,Продажа геля,04.03.2024,3,,,,,"р.0,00","р.300,00","р.300,00"
1843,Доход,Услуга,Безнал,Обычная стрижка,04.03.2024,3,,,,,"р.0,00","р.3 500,00","р.3 500,00"
1844,Доход,Товар,Безнал,Продажа геля,04.03.2024,3,,,,,"р.0,00","р.300,00","р.300,00"
1845,Расход,Товар,Безнал,Закупка резинок,04.03.2024,3,,,,,"р.0,00","р.500,00","р.500,00"
1846,Расход,Товар,Безнал,Прочие расходы,04.03.2024,3,,,,,"р.0,00","р.300,00","р.300,00"
1847,Доход,Услуга,Безнал,Стрижка и укладка,04.03.2024,3,,,,,"р.0,00","р.4 500,00","р.4 500,00"
1848,Доход,Услуга,Наличные,Стрижка старшего мастера,04.03.2024,3,,,,,"р.0,00","р.5 500,00","р.5 500,00"
1849,Доход,Услуга,Безнал,Стрижка старшего мастера,04.03.2024,3,,,,,"р.0,00","р.5 500,00","р.5 500,00"
1850,Доход,Услуга,Безнал,Обычная стрижка,04.03.2024,3,,,,,"р.0,00","р.3 500,00","р.3 500,00"
1851,Доход,Услуга,Безнал,Стрижка старшего мастера,04.03.2024,3,,,,,"р.0,00","р.5 500,00","р.5 500,00"
1852,Доход,Услуга,Безнал,Стрижка старшего мастера,04.03.2024,3,,,,,"р.0,00","р.5 500,00","р.5 500,00"
1853,Доход,Услуга,Безнал,Стрижка старшего мастера,04.03.2024,3,,,,,"р.0,00","р.5 500,00","р.5 500,00"
1854,Доход,Услуга,Наличные,Стрижка старшего мастера,04.03.2024,3,42gbcz549378,4,Посты в Telegram,"0,50","р.2 750,00","р.5 500,00","р.2 750,00"
1855,Доход,Услуга,Безнал,Стрижка и укладка,04.03.2024,3,42gbcz1663341,6,Реклама в VK,"0,20","р.900,00","р.4 500,00","р.3 600,00"
1856,Доход,Услуга,Безнал,Стрижка и укладка,04.03.2024,3,42gbcz2637736,4,Посты в Telegram,"0,50","р.2 250,00","р.4 500,00","р.2 250,00"
1857,Доход,Услуга,Наличные,Стрижка и укладка,04.03.2024,3,,,,,"р.0,00","р.4 500,00","р.4 500,00"
1858,Доход,Услуга,Безнал,Стрижка и укладка,05.03.2024,3,,,,,"р.0,00","р.4 500,00","р.4 500,00"
1859,Доход,Услуга,Безнал,Стрижка старшего мастера,05.03.2024,3,42gbcz1126452,3,Поисковые запросы в Яндексе,"0,05","р.275,00","р.5 500,00","р.5 225,00"
1860,Доход,Услуга,Безнал,Обычная стрижка,05.03.2024,3,,,,,"р.0,00","р.3 500,00","р.3 500,00"
1861,Доход,Услуга,Безнал,Стрижка и укладка,05.03.2024,3,,,,,"р.0,00","р.4 500,00","р.4 500,00"
1862,Доход,Услуга,Наличные,Стрижка и укладка,05.03.2024,3,42gbcz2271492,5,Посты в VK,"0,15","р.675,00","р.4 500,00","р.3 825,00"
1863,Доход,Товар,Наличные,Продажа шампуня и кондиционера,05.03.2024,3,42gbcz2160230,3,Поисковые запросы в Яндексе,"0,05","р.50,00","р.1 000,00","р.950,00"
1864,Доход,Услуга,Безнал,Стрижка и укладка,05.03.2024,3,,,,,"р.0,00","р.4 500,00","р.4 500,00"
1865,Доход,Услуга,Безнал,Обычная стрижка,05.03.2024,3,,,,,"р.0,00","р.3 500,00","р.3 500,00"
1866,Доход,Услуга,Безнал,Стрижка старшего мастера,05.03.2024,3,,,,,"р.0,00","р.5 500,00","р.5 500,00"
1867,Доход,Услуга,Безнал,Обычная стрижка,05.03.2024,3,42gbcz559278,3,Поисковые запросы в Яндексе,"0,05","р.175,00","р.3 500,00","р.3 325,00"
1868,Доход,Услуга,Безнал,Стрижка старшего мастера,05.03.2024,3,,,,,"р.0,00","р.5 500,00","р.5 500,00"
1869,Доход,Услуга,Безнал,Стрижка старшего мастера,05.03.2024,3,,,,,"р.0,00","р.5 500,00","р.5 500,00"
1870,Доход,Товар,Безнал,Продажа шампуня,05.03.2024,3,42gbcz2510800,5,Посты в VK,"0,15","р.75,00","р.500,00","р.425,00"
1871,Доход,Услуга,Безнал,Стрижка старшего мастера,05.03.2024,3,,,,,"р.0,00","р.5 500,00","р.5 500,00"
1872,Доход,Услуга,Безнал,Обычная стрижка,05.03.2024,3,,,,,"р.0,00","р.3 500,00","р.3 500,00"
1873,Доход,Услуга,Безнал,Стрижка и укладка,05.03.2024,3,,,,,"р.0,00","р.4 500,00","р.4 500,00"
1874,Доход,Услуга,Наличные,Стрижка старшего мастера,05.03.2024,3,,,,,"р.0,00","р.5 500,00","р.5 500,00"
1875,Доход,Товар,Безнал,Продажа геля,05.03.2024,3,,,,,"р.0,00","р.300,00","р.300,00"
1876,Доход,Услуга,Безнал,Стрижка и укладка,05.03.2024,3,42gbcz3115108,4,Посты в Telegram,"0,50","р.2 250,00","р.4 500,00","р.2 250,00"
1877,Расход,Товар,Безнал,Закупка резинок,05.03.2024,3,,,,,"р.0,00","р.500,00","р.500,00"
1878,Доход,Услуга,Наличные,Стрижка и укладка,05.03.2024,3,,,,,"р.0,00","р.4 500,00","р.4 500,00"
1879,Доход,Услуга,Безнал,Стрижка старшего мастера,05.03.2024,3,42gbcz2233002,7,Сторис в VK,"0,15","р.825,00","р.5 500,00","р.4 675,00"
1880,Доход,Услуга,Безнал,Стрижка старшего мастера,05.03.2024,3,,,,,"р.0,00","р.5 500,00","р.5 500,00"
1881,Доход,Услуга,Безнал,Стрижка и укладка,05.03.2024,3,,,,,"р.0,00","р.4 500,00","р.4 500,00"
1882,Доход,Услуга,Безнал,Стрижка старшего мастера,05.03.2024,3,,,,,"р.0,00","р.5 500,00","р.5 500,00"
1883,Доход,Услуга,Безнал,Стрижка и укладка,05.03.2024,3,,,,,"р.0,00","р.4 500,00","р.4 500,00"
1884,Доход,Услуга,Безнал,Стрижка старшего мастера,05.03.2024,3,,,,,"р.0,00","р.5 500,00","р.5 500,00"
1885,Доход,Услуга,Безнал,Обычная стрижка,05.03.2024,3,42gbcz1346546,7,Сторис в VK,"0,15","р.525,00","р.3 500,00","р.2 975,00"
1886,Доход,Услуга,Наличные,Обычная стрижка,05.03.2024,3,42gbcz574542,6,Реклама в VK,"0,20","р.700,00","р.3 500,00","р.2 800,00"
1887,Доход,Услуга,Безнал,Стрижка старшего мастера,05.03.2024,3,,,,,"р.0,00","р.5 500,00","р.5 500,00"
1888,Доход,Услуга,Наличные,Обычная стрижка,06.03.2024,3,,,,,"р.0,00","р.3 500,00","р.3 500,00"
1889,Доход,Товар,Безнал,Продажа шампуня и кондиционера,06.03.2024,3,,,,,"р.0,00","р.1 000,00","р.1 000,00"
1890,Доход,Услуга,Безнал,Стрижка и укладка,06.03.2024,3,,,,,"р.0,00","р.4 500,00","р.4 500,00"
1891,Расход,Товар,Безнал,Прочие расходы,06.03.2024,3,,,,,"р.0,00","р.300,00","р.300,00"
1892,Доход,Услуга,Безнал,Обычная стрижка,06.03.2024,3,42gbcz2416797,5,Посты в VK,"0,15","р.525,00","р.3 500,00","р.2 975,00"
1893,Доход,Услуга,Безнал,Обычная стрижка,06.03.2024,3,,,,,"р.0,00","р.3 500,00","р.3 500,00"
1894,Доход,Товар,Безнал,Продажа геля,06.03.2024,3,,,,,"р.0,00","р.300,00","р.300,00"
1895,Доход,Услуга,Безнал,Обычная стрижка,06.03.2024,3,,,,,"р.0,00","р.3 500,00","р.3 500,00"
1896,Доход,Услуга,Безнал,Стрижка старшего мастера,06.03.2024,3,,,,,"р.0,00","р.5 500,00","р.5 500,00"
1897,Доход,Услуга,Безнал,Стрижка и укладка,06.03.2024,3,,,,,"р.0,00","р.4 500,00","р.4 500,00"
1898,Доход,Услуга,Безнал,Стрижка и укладка,06.03.2024,3,,,,,"р.0,00","р.4 500,00","р.4 500,00"
1899,Доход,Услуга,Безнал,Стрижка и укладка,06.03.2024,3,,,,,"р.0,00","р.4 500,00","р.4 500,00"
1900,Доход,Услуга,Безнал,Стрижка старшего мастера,06.03.2024,3,42gbcz2896547,1,Обещаем скидки,"0,10","р.550,00","р.5 500,00","р.4 950,00"
1901,Расход,Товар,Безнал,Закупка полотенец,06.03.2024,3,,,,,"р.0,00","р.1 000,00","р.1 000,00"
1902,Доход,Услуга,Безнал,Стрижка старшего мастера,06.03.2024,3,,,,,"р.0,00","р.5 500,00","р.5 500,00"
1903,Доход,Услуга,Безнал,Обычная стрижка,06.03.2024,3,42gbcz745459,2,Поисковые запросы в Гугле,"0,10","р.350,00","р.3 500,00","р.3 150,00"
1904,Доход,Услуга,Безнал,Обычная стрижка,06.03.2024,3,,,,,"р.0,00","р.3 500,00","р.3 500,00"
1905,Доход,Товар,Наличные,Продажа шампуня,06.03.2024,3,,,,,"р.0,00","р.500,00","р.500,00"
1906,Расход,Товар,Безнал,Закупка полотенец,06.03.2024,3,,,,,"р.0,00","р.1 000,00","р.1 000,00"
1907,Доход,Услуга,Безнал,Обычная стрижка,06.03.2024,3,,,,,"р.0,00","р.3 500,00","р.3 500,00"
1908,Доход,Услуга,Безнал,Стрижка старшего мастера,06.03.2024,3,,,,,"р.0,00","р.5 500,00","р.5 500,00"
1909,Доход,Услуга,Безнал,Обычная стрижка,06.03.2024,3,,,,,"р.0,00","р.3 500,00","р.3 500,00"
1910,Доход,Товар,Наличные,Продажа шампуня и кондиционера,06.03.2024,3,,,,,"р.0,00","р.1 000,00","р.1 000,00"
1911,Доход,Услуга,Наличные,Обычная стрижка,06.03.2024,3,,,,,"р.0,00","р.3 500,00","р.3 500,00"
1912,Доход,Услуга,Безнал,Обычная стрижка,06.03.2024,3,,,,,"р.0,00","р.3 500,00","р.3 500,00"
1913,Доход,Услуга,Безнал,Обычная стрижка,06.03.2024,3,,,,,"р.0,00","р.3 500,00","р.3 500,00"
1914,Доход,Услуга,Безнал,Стрижка старшего мастера,06.03.2024,3,,,,,"р.0,00","р.5 500,00","р.5 500,00"
1915,Доход,Товар,Безнал,Продажа геля,06.03.2024,3,,,,,"р.0,00","р.300,00","р.300,00"
1916,Доход,Услуга,Безнал,Стрижка и укладка,06.03.2024,3,,,,,"р.0,00","р.4 500,00","р.4 500,00"
1917,Доход,Услуга,Безнал,Стрижка и укладка,06.03.2024,3,,,,,"р.0,00","р.4 500,00","р.4 500,00"
1918,Доход,Услуга,Наличные,Обычная стрижка,07.03.2024,3,,,,,"р.0,00","р.3 500,00","р.3 500,00"
1919,Расход,Товар,Безнал,Прочие расходы,07.03.2024,3,,,,,"р.0,00","р.300,00","р.300,00"
1920,Доход,Услуга,Безнал,Обычная стрижка,07.03.2024,3,,,,,"р.0,00","р.3 500,00","р.3 500,00"
1921,Доход,Услуга,Наличные,Стрижка и укладка,07.03.2024,3,,,,,"р.0,00","р.4 500,00","р.4 500,00"
1922,Расход,Товар,Безнал,Закупка резинок,07.03.2024,3,,,,,"р.0,00","р.500,00","р.500,00"
1923,Доход,Услуга,Безнал,Стрижка и укладка,07.03.2024,3,,,,,"р.0,00","р.4 500,00","р.4 500,00"
1924,Доход,Услуга,Безнал,Стрижка и укладка,07.03.2024,3,,,,,"р.0,00","р.4 500,00","р.4 500,00"
1925,Доход,Товар,Безнал,Продажа шампуня,07.03.2024,3,,,,,"р.0,00","р.500,00","р.500,00"
1926,Доход,Услуга,Безнал,Обычная стрижка,07.03.2024,3,,,,,"р.0,00","р.3 500,00","р.3 500,00"
1927,Доход,Услуга,Безнал,Обычная стрижка,07.03.2024,3,,,,,"р.0,00","р.3 500,00","р.3 500,00"
1928,Доход,Товар,Безнал,Продажа шампуня,07.03.2024,3,,,,,"р.0,00","р.500,00","р.500,00"
1929,Доход,Услуга,Наличные,Стрижка и укладка,07.03.2024,3,,,,,"р.0,00","р.4 500,00","р.4 500,00"
1930,Расход,Товар,Безнал,Закупка полотенец,07.03.2024,3,,,,,"р.0,00","р.1 000,00","р.1 000,00"
1931,Доход,Услуга,Безнал,Стрижка и укладка,07.03.2024,3,,,,,"р.0,00","р.4 500,00","р.4 500,00"
1932,Доход,Услуга,Безнал,Обычная стрижка,07.03.2024,3,,,,,"р.0,00","р.3 500,00","р.3 500,00"
1933,Расход,Товар,Безнал,Прочие расходы,07.03.2024,3,,,,,"р.0,00","р.300,00","р.300,00"
1934,Доход,Услуга,Безнал,Стрижка и укладка,07.03.2024,3,,,,,"р.0,00","р.4 500,00","р.4 500,00"
1935,Доход,Услуга,Безнал,Стрижка старшего мастера,07.03.2024,3,,,,,"р.0,00","р.5 500,00","р.5 500,00"
1936,Доход,Услуга,Безнал,Стрижка старшего мастера,07.03.2024,3,,,,,"р.0,00","р.5 500,00","р.5 500,00"
1937,Доход,Услуга,Наличные,Стрижка старшего мастера,07.03.2024,3,,,,,"р.0,00","р.5 500,00","р.5 500,00"
1938,Расход,Товар,Безнал,Закупка полотенец,07.03.2024,3,,,,,"р.0,00","р.1 000,00","р.1 000,00"
1939,Доход,Услуга,Безнал,Стрижка старшего мастера,07.03.2024,3,,,,,"р.0,00","р.5 500,00","р.5 500,00"
1940,Доход,Услуга,Безнал,Стрижка и укладка,07.03.2024,3,,,,,"р.0,00","р.4 500,00","р.4 500,00"
1941,Доход,Услуга,Наличные,Стрижка и укладка,07.03.2024,3,,,,,"р.0,00","р.4 500,00","р.4 500,00"
1942,Доход,Товар,Безнал,Продажа шампуня и кондиционера,07.03.2024,3,,,,,"р.0,00","р.1 000,00","р.1 000,00"
1943,Доход,Товар,Безнал,Продажа шампуня,07.03.2024,3,,,,,"р.0,00","р.500,00","р.500,00"
1944,Доход,Услуга,Безнал,Стрижка старшего мастера,07.03.2024,3,,,,,"р.0,00","р.5 500,00","р.5 500,00"
1945,Доход,Товар,Безнал,Продажа геля,07.03.2024,3,,,,,"р.0,00","р.300,00","р.300,00"
1946,Доход,Товар,Безнал,Продажа шампуня и кондиционера,07.03.2024,3,,,,,"р.0,00","р.1 000,00","р.1 000,00"
1947,Доход,Услуга,Безнал,Обычная стрижка,07.03.2024,3,,,,,"р.0,00","р.3 500,00","р.3 500,00"
1948,Доход,Товар,Безнал,Продажа шампуня и кондиционера,08.03.2024,3,,,,,"р.0,00","р.1 000,00","р.1 000,00"
1949,Доход,Услуга,Безнал,Стрижка старшего мастера,08.03.2024,3,,,,,"р.0,00","р.5 500,00","р.5 500,00"
1950,Доход,Услуга,Безнал,Стрижка и укладка,08.03.2024,3,42gbcz211174,4,Посты в Telegram,"0,50","р.2 250,00","р.4 500,00","р.2 250,00"
1951,Доход,Услуга,Наличные,Обычная стрижка,08.03.2024,3,,,,,"р.0,00","р.3 500,00","р.3 500,00"
1952,Доход,Услуга,Безнал,Обычная стрижка,08.03.2024,3,,,,,"р.0,00","р.3 500,00","р.3 500,00"
1953,Доход,Услуга,Наличные,Стрижка и укладка,08.03.2024,3,,,,,"р.0,00","р.4 500,00","р.4 500,00"
1954,Доход,Услуга,Наличные,Стрижка старшего мастера,08.03.2024,3,,,,,"р.0,00","р.5 500,00","р.5 500,00"
1955,Расход,Товар,Безнал,Закупка резинок,08.03.2024,3,,,,,"р.0,00","р.500,00","р.500,00"
1956,Доход,Услуга,Безнал,Обычная стрижка,08.03.2024,3,,,,,"р.0,00","р.3 500,00","р.3 500,00"
1957,Доход,Услуга,Безнал,Стрижка и укладка,08.03.2024,3,,,,,"р.0,00","р.4 500,00","р.4 500,00"
1958,Доход,Услуга,Безнал,Стрижка и укладка,08.03.2024,3,,,,,"р.0,00","р.4 500,00","р.4 500,00"
1959,Расход,Товар,Безнал,Закупка полотенец,08.03.2024,3,,,,,"р.0,00","р.1 000,00","р.1 000,00"
1960,Доход,Услуга,Безнал,Стрижка старшего мастера,08.03.2024,3,42gbcz1057829,3,Поисковые запросы в Яндексе,"0,05","р.275,00","р.5 500,00","р.5 225,00"
1961,Доход,Услуга,Безнал,Стрижка старшего мастера,08.03.2024,3,,,,,"р.0,00","р.5 500,00","р.5 500,00"
1962,Доход,Услуга,Безнал,Обычная стрижка,08.03.2024,3,42gbcz3643868,3,Поисковые запросы в Яндексе,"0,05","р.175,00","р.3 500,00","р.3 325,00"
1963,Доход,Услуга,Безнал,Обычная стрижка,08.03.2024,3,,,,,"р.0,00","р.3 500,00","р.3 500,00"
1964,Доход,Товар,Безнал,Продажа шампуня,08.03.2024,3,,,,,"р.0,00","р.500,00","р.500,00"
1965,Доход,Услуга,Наличные,Стрижка старшего мастера,08.03.2024,3,42gbcz638331,2,Поисковые запросы в Гугле,"0,10","р.550,00","р.5 500,00","р.4 950,00"
1966,Доход,Услуга,Безнал,Стрижка старшего мастера,08.03.2024,3,42gbcz2191879,7,Сторис в VK,"0,15","р.825,00","р.5 500,00","р.4 675,00"
1967,Доход,Услуга,Безнал,Обычная стрижка,08.03.2024,3,,,,,"р.0,00","р.3 500,00","р.3 500,00"
1968,Доход,Услуга,Безнал,Стрижка старшего мастера,08.03.2024,3,,,,,"р.0,00","р.5 500,00","р.5 500,00"
1969,Доход,Товар,Безнал,Продажа шампуня,08.03.2024,3,,,,,"р.0,00","р.500,00","р.500,00"
1970,Доход,Услуга,Безнал,Стрижка и укладка,08.03.2024,3,,,,,"р.0,00","р.4 500,00","р.4 500,00"
1971,Доход,Услуга,Безнал,Стрижка старшего мастера,08.03.2024,3,42gbcz1776891,2,Поисковые запросы в Гугле,"0,10","р.550,00","р.5 500,00","р.4 950,00"
1972,Доход,Услуга,Безнал,Обычная стрижка,08.03.2024,3,,,,,"р.0,00","р.3 500,00","р.3 500,00"
1973,Доход,Услуга,Наличные,Обычная стрижка,08.03.2024,3,,,,,"р.0,00","р.3 500,00","р.3 500,00"
1974,Доход,Услуга,Безнал,Стрижка и укладка,08.03.2024,3,,,,,"р.0,00","р.4 500,00","р.4 500,00"
1975,Доход,Услуга,Безнал,Обычная стрижка,08.03.2024,3,,,,,"р.0,00","р.3 500,00","р.3 500,00"
1976,Доход,Услуга,Безнал,Обычная стрижка,08.03.2024,3,,,,,"р.0,00","р.3 500,00","р.3 500,00"
1977,Расход,Товар,Безнал,Прочие расходы,08.03.2024,3,,,,,"р.0,00","р.300,00","р.300,00"
1978,Доход,Услуга,Безнал,Обычная стрижка,09.03.2024,3,,,,,"р.0,00","р.3 500,00","р.3 500,00"
1979,Доход,Услуга,Безнал,Обычная стрижка,09.03.2024,3,42gbcz2059392,1,Обещаем скидки,"0,10","р.350,00","р.3 500,00","р.3 150,00"
1980,Доход,Услуга,Безнал,Обычная стрижка,09.03.2024,3,,,,,"р.0,00","р.3 500,00","р.3 500,00"
1981,Доход,Товар,Безнал,Продажа геля,09.03.2024,3,,,,,"р.0,00","р.300,00","р.300,00"
1982,Доход,Услуга,Безнал,Стрижка старшего мастера,09.03.2024,3,,,,,"р.0,00","р.5 500,00","р.5 500,00"
1983,Доход,Услуга,Безнал,Стрижка старшего мастера,09.03.2024,3,,,,,"р.0,00","р.5 500,00","р.5 500,00"
1984,Расход,Товар,Безнал,Закупка полотенец,09.03.2024,3,,,,,"р.0,00","р.1 000,00","р.1 000,00"
1985,Доход,Услуга,Безнал,Обычная стрижка,09.03.2024,3,,,,,"р.0,00","р.3 500,00","р.3 500,00"
1986,Доход,Товар,Безнал,Продажа геля,09.03.2024,3,,,,,"р.0,00","р.300,00","р.300,00"
1987,Расход,Товар,Безнал,Закупка полотенец,09.03.2024,3,,,,,"р.0,00","р.1 000,00","р.1 000,00"
1988,Доход,Услуга,Безнал,Стрижка и укладка,09.03.2024,3,42gbcz1804175,2,Поисковые запросы в Гугле,"0,10","р.450,00","р.4 500,00","р.4 050,00"
1989,Доход,Услуга,Безнал,Стрижка и укладка,09.03.2024,3,42gbcz2942725,5,Посты в VK,"0,15","р.675,00","р.4 500,00","р.3 825,00"
1990,Доход,Услуга,Безнал,Стрижка и укладка,09.03.2024,3,,,,,"р.0,00","р.4 500,00","р.4 500,00"
1991,Доход,Услуга,Безнал,Стрижка старшего мастера,09.03.2024,3,,,,,"р.0,00","р.5 500,00","р.5 500,00"
1992,Доход,Услуга,Безнал,Стрижка старшего мастера,09.03.2024,3,42gbcz1810843,4,Посты в Telegram,"0,50","р.2 750,00","р.5 500,00","р.2 750,00"
1993,Доход,Услуга,Безнал,Обычная стрижка,09.03.2024,3,,,,,"р.0,00","р.3 500,00","р.3 500,00"
1994,Доход,Услуга,Безнал,Стрижка старшего мастера,09.03.2024,3,,,,,"р.0,00","р.5 500,00","р.5 500,00"
1995,Расход,Товар,Безнал,Закупка резинок,09.03.2024,3,,,,,"р.0,00","р.500,00","р.500,00"
1996,Доход,Товар,Безнал,Продажа шампуня и кондиционера,09.03.2024,3,,,,,"р.0,00","р.1 000,00","р.1 000,00"
1997,Доход,Товар,Безнал,Продажа шампуня и кондиционера,09.03.2024,3,,,,,"р.0,00","р.1 000,00","р.1 000,00"
1998,Доход,Услуга,Безнал,Обычная стрижка,09.03.2024,3,,,,,"р.0,00","р.3 500,00","р.3 500,00"
1999,Доход,Товар,Наличные,Продажа шампуня,09.03.2024,3,,,,,"р.0,00","р.500,00","р.500,00"
2000,Доход,Услуга,Безнал,Обычная стрижка,09.03.2024,3,,,,,"р.0,00","р.3 500,00","р.3 500,00"
2001,Доход,Услуга,Безнал,Обычная стрижка,09.03.2024,3,,,,,"р.0,00","р.3 500,00","р.3 500,00"
2002,Расход,Товар,Безнал,Закупка резинок,09.03.2024,3,,,,,"р.0,00","р.500,00","р.500,00"
2003,Доход,Услуга,Безнал,Обычная стрижка,09.03.2024,3,,,,,"р.0,00","р.3 500,00","р.3 500,00"
2004,Расход,Товар,Безнал,Прочие расходы,09.03.2024,3,,,,,"р.0,00","р.300,00","р.300,00"
2005,Доход,Товар,Безнал,Продажа шампуня,09.03.2024,3,,,,,"р.0,00","р.500,00","р.500,00"
2006,Доход,Услуга,Безнал,Стрижка старшего мастера,09.03.2024,3,,,,,"р.0,00","р.5 500,00","р.5 500,00"
2007,Расход,Услуга,Безнал,Рекламный бюджет,09.03.2024,3,,,,,"р.0,00","р.50 000,00","р.50 000,00"
2008,Доход,Услуга,Безнал,Обычная стрижка,10.03.2024,3,,,,,"р.0,00","р.3 500,00","р.3 500,00"
2009,Доход,Услуга,Безнал,Стрижка и укладка,10.03.2024,3,,,,,"р.0,00","р.4 500,00","р.4 500,00"
2010,Доход,Услуга,Безнал,Обычная стрижка,10.03.2024,3,,,,,"р.0,00","р.3 500,00","р.3 500,00"
2011,Доход,Товар,Безнал,Продажа геля,10.03.2024,3,,,,,"р.0,00","р.300,00","р.300,00"
2012,Доход,Услуга,Безнал,Стрижка старшего мастера,10.03.2024,3,,,,,"р.0,00","р.5 500,00","р.5 500,00"
2013,Доход,Товар,Наличные,Продажа шампуня,10.03.2024,3,,,,,"р.0,00","р.500,00","р.500,00"
2014,Доход,Услуга,Безнал,Обычная стрижка,10.03.2024,3,,,,,"р.0,00","р.3 500,00","р.3 500,00"
2015,Расход,Товар,Наличные,Прочие расходы,10.03.2024,3,,,,,"р.0,00","р.300,00","р.300,00"
2016,Расход,Товар,Безнал,Прочие расходы,10.03.2024,3,,,,,"р.0,00","р.300,00","р.300,00"
2017,Доход,Услуга,Наличные,Стрижка старшего мастера,10.03.2024,3,,,,,"р.0,00","р.5 500,00","р.5 500,00"
2018,Расход,Товар,Безнал,Закупка резинок,10.03.2024,3,,,,,"р.0,00","р.500,00","р.500,00"
2019,Расход,Товар,Безнал,Закупка полотенец,10.03.2024,3,,,,,"р.0,00","р.1 000,00","р.1 000,00"
2020,Доход,Услуга,Безнал,Обычная стрижка,10.03.2024,3,,,,,"р.0,00","р.3 500,00","р.3 500,00"
2021,Доход,Услуга,Безнал,Стрижка и укладка,10.03.2024,3,,,,,"р.0,00","р.4 500,00","р.4 500,00"
2022,Доход,Товар,Наличные,Продажа шампуня,10.03.2024,3,,,,,"р.0,00","р.500,00","р.500,00"
2023,Доход,Услуга,Наличные,Стрижка старшего мастера,10.03.2024,3,,,,,"р.0,00","р.5 500,00","р.5 500,00"
2024,Доход,Услуга,Безнал,Обычная стрижка,10.03.2024,3,,,,,"р.0,00","р.3 500,00","р.3 500,00"
2025,Доход,Услуга,Безнал,Обычная стрижка,10.03.2024,3,,,,,"р.0,00","р.3 500,00","р.3 500,00"
2026,Доход,Услуга,Безнал,Обычная стрижка,10.03.2024,3,,,,,"р.0,00","р.3 500,00","р.3 500,00"
2027,Расход,Товар,Наличные,Прочие расходы,10.03.2024,3,,,,,"р.0,00","р.300,00","р.300,00"
2028,Доход,Товар,Безнал,Продажа шампуня и кондиционера,10.03.2024,3,,,,,"р.0,00","р.1 000,00","р.1 000,00"
2029,Доход,Услуга,Безнал,Обычная стрижка,10.03.2024,3,,,,,"р.0,00","р.3 500,00","р.3 500,00"
2030,Доход,Услуга,Наличные,Стрижка старшего мастера,10.03.2024,3,,,,,"р.0,00","р.5 500,00","р.5 500,00"
2031,Доход,Услуга,Безнал,Обычная стрижка,10.03.2024,3,,,,,"р.0,00","р.3 500,00","р.3 500,00"
2032,Доход,Услуга,Безнал,Стрижка и укладка,10.03.2024,3,,,,,"р.0,00","р.4 500,00","р.4 500,00"
2033,Доход,Товар,Наличные,Продажа шампуня,10.03.2024,3,,,,,"р.0,00","р.500,00","р.500,00"
2034,Расход,Услуга,Безнал,Зарплата,10.03.2024,3,,,,,"р.0,00","р.82 500,00","р.82 500,00"
2035,Расход,Услуга,Безнал,Зарплата,10.03.2024,3,,,,,"р.0,00","р.82 500,00","р.82 500,00"
2036,Расход,Услуга,Безнал,Зарплата,10.03.2024,3,,,,,"р.0,00","р.82 500,00","р.82 500,00"
2037,Расход,Услуга,Безнал,Зарплата,10.03.2024,3,,,,,"р.0,00","р.82 500,00","р.82 500,00"
2038,Расход,Услуга,Безнал,Зарплата,11.03.2024,3,,,,,"р.0,00","р.82 500,00","р.82 500,00"
2039,Расход,Услуга,Безнал,Зарплата,11.03.2024,3,,,,,"р.0,00","р.82 500,00","р.82 500,00"
2040,Расход,Услуга,Безнал,Зарплата,11.03.2024,3,,,,,"р.0,00","р.82 500,00","р.82 500,00"
2041,Расход,Услуга,Безнал,Зарплата,11.03.2024,3,,,,,"р.0,00","р.82 500,00","р.82 500,00"
2042,Расход,Услуга,Безнал,Бухгалтерия и РКО,11.03.2024,3,,,,,"р.0,00","р.15 000,00","р.15 000,00"
2043,Расход,Услуга,Безнал,Эквайринг,11.03.2024,3,,,,,"р.0,00","р.56 700,00","р.56 700,00"
2044,Доход,Услуга,Наличные,Стрижка старшего мастера,11.03.2024,3,,,,,"р.0,00","р.5 500,00","р.5 500,00"
2045,Доход,Товар,Наличные,Продажа шампуня и кондиционера,11.03.2024,3,,,,,"р.0,00","р.1 000,00","р.1 000,00"
2046,Расход,Товар,Безнал,Закупка резинок,11.03.2024,3,,,,,"р.0,00","р.500,00","р.500,00"
2047,Доход,Услуга,Безнал,Обычная стрижка,11.03.2024,3,,,,,"р.0,00","р.3 500,00","р.3 500,00"
2048,Расход,Товар,Безнал,Прочие расходы,11.03.2024,3,,,,,"р.0,00","р.300,00","р.300,00"
2049,Доход,Услуга,Безнал,Обычная стрижка,11.03.2024,3,42gbcz841292,6,Реклама в VK,"0,20","р.700,00","р.3 500,00","р.2 800,00"
2050,Доход,Услуга,Безнал,Стрижка старшего мастера,11.03.2024,3,,,,,"р.0,00","р.5 500,00","р.5 500,00"
2051,Доход,Услуга,Безнал,Стрижка и укладка,11.03.2024,3,,,,,"р.0,00","р.4 500,00","р.4 500,00"
2052,Расход,Товар,Безнал,Прочие расходы,11.03.2024,3,,,,,"р.0,00","р.300,00","р.300,00"
2053,Доход,Услуга,Безнал,Стрижка старшего мастера,11.03.2024,3,,,,,"р.0,00","р.5 500,00","р.5 500,00"
2054,Доход,Услуга,Безнал,Обычная стрижка,11.03.2024,3,42gbcz755521,3,Поисковые запросы в Яндексе,"0,05","р.175,00","р.3 500,00","р.3 325,00"
2055,Доход,Услуга,Безнал,Стрижка и укладка,11.03.2024,3,,,,,"р.0,00","р.4 500,00","р.4 500,00"
2056,Расход,Товар,Безнал,Закупка резинок,11.03.2024,3,,,,,"р.0,00","р.500,00","р.500,00"
2057,Доход,Услуга,Безнал,Стрижка и укладка,11.03.2024,3,,,,,"р.0,00","р.4 500,00","р.4 500,00"
2058,Доход,Услуга,Безнал,Стрижка старшего мастера,11.03.2024,3,,,,,"р.0,00","р.5 500,00","р.5 500,00"
2059,Доход,Товар,Безнал,Продажа шампуня,11.03.2024,3,,,,,"р.0,00","р.500,00","р.500,00"
2060,Доход,Услуга,Безнал,Стрижка старшего мастера,11.03.2024,3,,,,,"р.0,00","р.5 500,00","р.5 500,00"
2061,Доход,Товар,Безнал,Продажа геля,11.03.2024,3,,,,,"р.0,00","р.300,00","р.300,00"
2062,Доход,Услуга,Безнал,Обычная стрижка,11.03.2024,3,,,,,"р.0,00","р.3 500,00","р.3 500,00"
2063,Доход,Услуга,Наличные,Обычная стрижка,11.03.2024,3,,,,,"р.0,00","р.3 500,00","р.3 500,00"
2064,Доход,Услуга,Безнал,Стрижка старшего мастера,11.03.2024,3,,,,,"р.0,00","р.5 500,00","р.5 500,00"
2065,Доход,Услуга,Безнал,Стрижка старшего мастера,11.03.2024,3,,,,,"р.0,00","р.5 500,00","р.5 500,00"
2066,Расход,Товар,Безнал,Прочие расходы,11.03.2024,3,,,,,"р.0,00","р.300,00","р.300,00"
2067,Доход,Услуга,Безнал,Стрижка и укладка,11.03.2024,3,,,,,"р.0,00","р.4 500,00","р.4 500,00"
2068,Доход,Услуга,Безнал,Обычная стрижка,12.03.2024,3,,,,,"р.0,00","р.3 500,00","р.3 500,00"
2069,Расход,Товар,Безнал,Закупка резинок,12.03.2024,3,,,,,"р.0,00","р.500,00","р.500,00"
2070,Доход,Услуга,Безнал,Обычная стрижка,12.03.2024,3,,,,,"р.0,00","р.3 500,00","р.3 500,00"
2071,Доход,Услуга,Наличные,Обычная стрижка,12.03.2024,3,,,,,"р.0,00","р.3 500,00","р.3 500,00"
2072,Доход,Товар,Безнал,Продажа геля,12.03.2024,3,,,,,"р.0,00","р.300,00","р.300,00"
2073,Доход,Услуга,Безнал,Стрижка старшего мастера,12.03.2024,3,,,,,"р.0,00","р.5 500,00","р.5 500,00"
2074,Доход,Услуга,Безнал,Обычная стрижка,12.03.2024,3,,,,,"р.0,00","р.3 500,00","р.3 500,00"
2075,Доход,Услуга,Наличные,Стрижка старшего мастера,12.03.2024,3,,,,,"р.0,00","р.5 500,00","р.5 500,00"
2076,Доход,Услуга,Безнал,Стрижка и укладка,12.03.2024,3,,,,,"р.0,00","р.4 500,00","р.4 500,00"
2077,Доход,Услуга,Безнал,Обычная стрижка,12.03.2024,3,,,,,"р.0,00","р.3 500,00","р.3 500,00"
2078,Доход,Услуга,Безнал,Стрижка и укладка,12.03.2024,3,,,,,"р.0,00","р.4 500,00","р.4 500,00"
2079,Доход,Услуга,Безнал,Обычная стрижка,12.03.2024,3,,,,,"р.0,00","р.3 500,00","р.3 500,00"
2080,Доход,Услуга,Безнал,Обычная стрижка,12.03.2024,3,,,,,"р.0,00","р.3 500,00","р.3 500,00"
2081,Расход,Товар,Безнал,Закупка полотенец,12.03.2024,3,,,,,"р.0,00","р.1 000,00","р.1 000,00"
2082,Доход,Товар,Безнал,Продажа шампуня,12.03.2024,3,,,,,"р.0,00","р.500,00","р.500,00"
2083,Доход,Услуга,Наличные,Стрижка старшего мастера,12.03.2024,3,,,,,"р.0,00","р.5 500,00","р.5 500,00"
2084,Доход,Услуга,Безнал,Стрижка и укладка,12.03.2024,3,,,,,"р.0,00","р.4 500,00","р.4 500,00"
2085,Доход,Услуга,Безнал,Обычная стрижка,12.03.2024,3,,,,,"р.0,00","р.3 500,00","р.3 500,00"
2086,Доход,Услуга,Безнал,Обычная стрижка,12.03.2024,3,,,,,"р.0,00","р.3 500,00","р.3 500,00"
2087,Доход,Услуга,Наличные,Стрижка и укладка,12.03.2024,3,,,,,"р.0,00","р.4 500,00","р.4 500,00"
2088,Доход,Услуга,Безнал,Стрижка старшего мастера,12.03.2024,3,,,,,"р.0,00","р.5 500,00","р.5 500,00"
2089,Доход,Услуга,Безнал,Обычная стрижка,12.03.2024,3,,,,,"р.0,00","р.3 500,00","р.3 500,00"
2090,Расход,Товар,Безнал,Закупка полотенец,12.03.2024,3,,,,,"р.0,00","р.1 000,00","р.1 000,00"
2091,Доход,Товар,Наличные,Продажа геля,12.03.2024,3,42gbcz3011764,7,Сторис в VK,"0,15","р.45,00","р.300,00","р.255,00"
2092,Доход,Услуга,Безнал,Стрижка и укладка,12.03.2024,3,,,,,"р.0,00","р.4 500,00","р.4 500,00"
2093,Доход,Товар,Безнал,Продажа геля,12.03.2024,3,,,,,"р.0,00","р.300,00","р.300,00"
2094,Доход,Услуга,Наличные,Обычная стрижка,12.03.2024,3,,,,,"р.0,00","р.3 500,00","р.3 500,00"
2095,Расход,Товар,Безнал,Прочие расходы,12.03.2024,3,,,,,"р.0,00","р.300,00","р.300,00"
2096,Доход,Услуга,Безнал,Обычная стрижка,12.03.2024,3,,,,,"р.0,00","р.3 500,00","р.3 500,00"
2097,Доход,Товар,Безнал,Продажа шампуня и кондиционера,12.03.2024,3,42gbcz2498155,7,Сторис в VK,"0,15","р.150,00","р.1 000,00","р.850,00"
2098,Доход,Услуга,Безнал,Стрижка и укладка,13.03.2024,3,,,,,"р.0,00","р.4 500,00","р.4 500,00"
2099,Доход,Услуга,Безнал,Обычная стрижка,13.03.2024,3,,,,,"р.0,00","р.3 500,00","р.3 500,00"
2100,Доход,Услуга,Безнал,Обычная стрижка,13.03.2024,3,,,,,"р.0,00","р.3 500,00","р.3 500,00"
2101,Доход,Услуга,Наличные,Стрижка старшего мастера,13.03.2024,3,,,,,"р.0,00","р.5 500,00","р.5 500,00"
2102,Доход,Услуга,Наличные,Обычная стрижка,13.03.2024,3,,,,,"р.0,00","р.3 500,00","р.3 500,00"
2103,Расход,Товар,Безнал,Закупка полотенец,13.03.2024,3,,,,,"р.0,00","р.1 000,00","р.1 000,00"
2104,Доход,Услуга,Наличные,Обычная стрижка,13.03.2024,3,,,,,"р.0,00","р.3 500,00","р.3 500,00"
2105,Доход,Услуга,Безнал,Стрижка и укладка,13.03.2024,3,,,,,"р.0,00","р.4 500,00","р.4 500,00"
2106,Доход,Услуга,Безнал,Стрижка и укладка,13.03.2024,3,,,,,"р.0,00","р.4 500,00","р.4 500,00"
2107,Доход,Услуга,Безнал,Обычная стрижка,13.03.2024,3,42gbcz1438127,6,Реклама в VK,"0,20","р.700,00","р.3 500,00","р.2 800,00"
2108,Доход,Услуга,Безнал,Стрижка и укладка,13.03.2024,3,,,,,"р.0,00","р.4 500,00","р.4 500,00"
2109,Расход,Товар,Безнал,Закупка резинок,13.03.2024,3,,,,,"р.0,00","р.500,00","р.500,00"
2110,Доход,Услуга,Безнал,Стрижка старшего мастера,13.03.2024,3,,,,,"р.0,00","р.5 500,00","р.5 500,00"
2111,Доход,Товар,Безнал,Продажа шампуня,13.03.2024,3,,,,,"р.0,00","р.500,00","р.500,00"
2112,Доход,Услуга,Безнал,Стрижка старшего мастера,13.03.2024,3,,,,,"р.0,00","р.5 500,00","р.5 500,00"
2113,Доход,Услуга,Наличные,Стрижка и укладка,13.03.2024,3,,,,,"р.0,00","р.4 500,00","р.4 500,00"
2114,Доход,Услуга,Безнал,Стрижка и укладка,13.03.2024,3,,,,,"р.0,00","р.4 500,00","р.4 500,00"
2115,Доход,Товар,Безнал,Продажа геля,13.03.2024,3,,,,,"р.0,00","р.300,00","р.300,00"
2116,Доход,Услуга,Безнал,Обычная стрижка,13.03.2024,3,,,,,"р.0,00","р.3 500,00","р.3 500,00"
2117,Доход,Товар,Наличные,Продажа шампуня и кондиционера,13.03.2024,3,,,,,"р.0,00","р.1 000,00","р.1 000,00"
2118,Доход,Услуга,Безнал,Обычная стрижка,13.03.2024,3,,,,,"р.0,00","р.3 500,00","р.3 500,00"
2119,Доход,Услуга,Наличные,Стрижка старшего мастера,13.03.2024,3,,,,,"р.0,00","р.5 500,00","р.5 500,00"
2120,Доход,Услуга,Наличные,Стрижка старшего мастера,13.03.2024,3,,,,,"р.0,00","р.5 500,00","р.5 500,00"
2121,Доход,Услуга,Безнал,Обычная стрижка,13.03.2024,3,42gbcz3332142,6,Реклама в VK,"0,20","р.700,00","р.3 500,00","р.2 800,00"
2122,Доход,Товар,Безнал,Продажа шампуня,13.03.2024,3,,,,,"р.0,00","р.500,00","р.500,00"
2123,Доход,Услуга,Безнал,Обычная стрижка,13.03.2024,3,,,,,"р.0,00","р.3 500,00","р.3 500,00"
2124,Доход,Услуга,Безнал,Стрижка и укладка,13.03.2024,3,,,,,"р.0,00","р.4 500,00","р.4 500,00"
2125,Доход,Услуга,Безнал,Стрижка старшего мастера,13.03.2024,3,42gbcz1135604,2,Поисковые запросы в Гугле,"0,10","р.550,00","р.5 500,00","р.4 950,00"
2126,Доход,Услуга,Безнал,Стрижка старшего мастера,13.03.2024,3,,,,,"р.0,00","р.5 500,00","р.5 500,00"
2127,Доход,Услуга,Безнал,Обычная стрижка,13.03.2024,3,,,,,"р.0,00","р.3 500,00","р.3 500,00"
2128,Доход,Услуга,Безнал,Стрижка и укладка,14.03.2024,3,,,,,"р.0,00","р.4 500,00","р.4 500,00"
2129,Доход,Услуга,Безнал,Стрижка старшего мастера,14.03.2024,3,,,,,"р.0,00","р.5 500,00","р.5 500,00"
2130,Доход,Товар,Наличные,Продажа шампуня и кондиционера,14.03.2024,3,,,,,"р.0,00","р.1 000,00","р.1 000,00"
2131,Доход,Услуга,Безнал,Стрижка старшего мастера,14.03.2024,3,,,,,"р.0,00","р.5 500,00","р.5 500,00"
2132,Доход,Товар,Безнал,Продажа шампуня,14.03.2024,3,,,,,"р.0,00","р.500,00","р.500,00"
2133,Доход,Услуга,Безнал,Обычная стрижка,14.03.2024,3,,,,,"р.0,00","р.3 500,00","р.3 500,00"
2134,Доход,Услуга,Безнал,Стрижка и укладка,14.03.2024,3,,,,,"р.0,00","р.4 500,00","р.4 500,00"
2135,Доход,Услуга,Безнал,Обычная стрижка,14.03.2024,3,42gbcz100626,6,Реклама в VK,"0,20","р.700,00","р.3 500,00","р.2 800,00"
2136,Доход,Товар,Безнал,Продажа шампуня и кондиционера,14.03.2024,3,42gbcz1598194,3,Поисковые запросы в Яндексе,"0,05","р.50,00","р.1 000,00","р.950,00"
2137,Доход,Товар,Безнал,Продажа геля,14.03.2024,3,42gbcz1806957,1,Обещаем скидки,"0,10","р.30,00","р.300,00","р.270,00"
2138,Расход,Товар,Безнал,Прочие расходы,14.03.2024,3,,,,,"р.0,00","р.300,00","р.300,00"
2139,Доход,Товар,Безнал,Продажа шампуня,14.03.2024,3,,,,,"р.0,00","р.500,00","р.500,00"
2140,Доход,Услуга,Безнал,Стрижка и укладка,14.03.2024,3,,,,,"р.0,00","р.4 500,00","р.4 500,00"
2141,Расход,Товар,Безнал,Прочие расходы,14.03.2024,3,,,,,"р.0,00","р.300,00","р.300,00"
2142,Доход,Услуга,Безнал,Стрижка и укладка,14.03.2024,3,,,,,"р.0,00","р.4 500,00","р.4 500,00"
2143,Расход,Товар,Безнал,Закупка резинок,14.03.2024,3,,,,,"р.0,00","р.500,00","р.500,00"
2144,Доход,Услуга,Наличные,Обычная стрижка,14.03.2024,3,,,,,"р.0,00","р.3 500,00","р.3 500,00"
2145,Доход,Услуга,Безнал,Стрижка и укладка,14.03.2024,3,,,,,"р.0,00","р.4 500,00","р.4 500,00"
2146,Доход,Услуга,Безнал,Стрижка старшего мастера,14.03.2024,3,,,,,"р.0,00","р.5 500,00","р.5 500,00"
2147,Доход,Услуга,Безнал,Обычная стрижка,14.03.2024,3,,,,,"р.0,00","р.3 500,00","р.3 500,00"
2148,Доход,Товар,Наличные,Продажа шампуня,14.03.2024,3,,,,,"р.0,00","р.500,00","р.500,00"
2149,Доход,Услуга,Наличные,Обычная стрижка,14.03.2024,3,,,,,"р.0,00","р.3 500,00","р.3 500,00"
2150,Доход,Услуга,Безнал,Стрижка старшего мастера,14.03.2024,3,,,,,"р.0,00","р.5 500,00","р.5 500,00"
2151,Доход,Услуга,Безнал,Стрижка старшего мастера,14.03.2024,3,,,,,"р.0,00","р.5 500,00","р.5 500,00"
2152,Доход,Услуга,Безнал,Стрижка и укладка,14.03.2024,3,,,,,"р.0,00","р.4 500,00","р.4 500,00"
2153,Доход,Услуга,Безнал,Стрижка старшего мастера,14.03.2024,3,,,,,"р.0,00","р.5 500,00","р.5 500,00"
2154,Доход,Услуга,Безнал,Стрижка старшего мастера,14.03.2024,3,,,,,"р.0,00","р.5 500,00","р.5 500,00"
2155,Доход,Услуга,Безнал,Обычная стрижка,14.03.2024,3,,,,,"р.0,00","р.3 500,00","р.3 500,00"
2156,Расход,Товар,Наличные,Закупка резинок,14.03.2024,3,,,,,"р.0,00","р.500,00","р.500,00"
2157,Доход,Услуга,Безнал,Стрижка и укладка,14.03.2024,3,,,,,"р.0,00","р.4 500,00","р.4 500,00"
2158,Доход,Услуга,Безнал,Обычная стрижка,15.03.2024,3,,,,,"р.0,00","р.3 500,00","р.3 500,00"
2159,Доход,Услуга,Безнал,Стрижка и укладка,15.03.2024,3,,,,,"р.0,00","р.4 500,00","р.4 500,00"
2160,Доход,Услуга,Безнал,Обычная стрижка,15.03.2024,3,,,,,"р.0,00","р.3 500,00","р.3 500,00"
2161,Доход,Услуга,Безнал,Стрижка и укладка,15.03.2024,3,,,,,"р.0,00","р.4 500,00","р.4 500,00"
2162,Расход,Товар,Наличные,Закупка резинок,15.03.2024,3,,,,,"р.0,00","р.500,00","р.500,00"
2163,Доход,Услуга,Безнал,Стрижка и укладка,15.03.2024,3,42gbcz2241778,1,Обещаем скидки,"0,10","р.450,00","р.4 500,00","р.4 050,00"
2164,Доход,Услуга,Безнал,Стрижка старшего мастера,15.03.2024,3,,,,,"р.0,00","р.5 500,00","р.5 500,00"
2165,Доход,Товар,Безнал,Продажа шампуня и кондиционера,15.03.2024,3,,,,,"р.0,00","р.1 000,00","р.1 000,00"
2166,Доход,Товар,Безнал,Продажа шампуня и кондиционера,15.03.2024,3,,,,,"р.0,00","р.1 000,00","р.1 000,00"
2167,Доход,Услуга,Безнал,Стрижка и укладка,15.03.2024,3,,,,,"р.0,00","р.4 500,00","р.4 500,00"
2168,Доход,Товар,Безнал,Продажа шампуня и кондиционера,15.03.2024,3,,,,,"р.0,00","р.1 000,00","р.1 000,00"
2169,Доход,Товар,Безнал,Продажа геля,15.03.2024,3,42gbcz1855642,2,Поисковые запросы в Гугле,"0,10","р.30,00","р.300,00","р.270,00"
2170,Доход,Услуга,Безнал,Стрижка старшего мастера,15.03.2024,3,,,,,"р.0,00","р.5 500,00","р.5 500,00"
2171,Доход,Товар,Безнал,Продажа геля,15.03.2024,3,,,,,"р.0,00","р.300,00","р.300,00"
2172,Доход,Услуга,Безнал,Стрижка и укладка,15.03.2024,3,,,,,"р.0,00","р.4 500,00","р.4 500,00"
2173,Доход,Услуга,Безнал,Обычная стрижка,15.03.2024,3,,,,,"р.0,00","р.3 500,00","р.3 500,00"
2174,Доход,Услуга,Безнал,Стрижка старшего мастера,15.03.2024,3,,,,,"р.0,00","р.5 500,00","р.5 500,00"
2175,Доход,Услуга,Безнал,Стрижка и укладка,15.03.2024,3,,,,,"р.0,00","р.4 500,00","р.4 500,00"
2176,Доход,Услуга,Безнал,Стрижка старшего мастера,15.03.2024,3,,,,,"р.0,00","р.5 500,00","р.5 500,00"
2177,Доход,Услуга,Безнал,Стрижка и укладка,15.03.2024,3,,,,,"р.0,00","р.4 500,00","р.4 500,00"
2178,Доход,Услуга,Безнал,Стрижка старшего мастера,15.03.2024,3,,,,,"р.0,00","р.5 500,00","р.5 500,00"
2179,Доход,Услуга,Безнал,Стрижка и укладка,15.03.2024,3,42gbcz3653421,1,Обещаем скидки,"0,10","р.450,00","р.4 500,00","р.4 050,00"
2180,Доход,Услуга,Наличные,Стрижка старшего мастера,15.03.2024,3,,,,,"р.0,00","р.5 500,00","р.5 500,00"
2181,Доход,Услуга,Безнал,Обычная стрижка,15.03.2024,3,,,,,"р.0,00","р.3 500,00","р.3 500,00"
2182,Доход,Товар,Безнал,Продажа шампуня,15.03.2024,3,,,,,"р.0,00","р.500,00","р.500,00"
2183,Доход,Услуга,Наличные,Стрижка старшего мастера,15.03.2024,3,,,,,"р.0,00","р.5 500,00","р.5 500,00"
2184,Доход,Услуга,Безнал,Стрижка старшего мастера,15.03.2024,3,,,,,"р.0,00","р.5 500,00","р.5 500,00"
2185,Доход,Услуга,Наличные,Стрижка старшего мастера,15.03.2024,3,,,,,"р.0,00","р.5 500,00","р.5 500,00"
2186,Доход,Услуга,Наличные,Обычная стрижка,15.03.2024,3,,,,,"р.0,00","р.3 500,00","р.3 500,00"
2187,Доход,Услуга,Безнал,Стрижка старшего мастера,15.03.2024,3,,,,,"р.0,00","р.5 500,00","р.5 500,00"
2188,Доход,Услуга,Безнал,Стрижка и укладка,16.03.2024,3,,,,,"р.0,00","р.4 500,00","р.4 500,00"
2189,Доход,Услуга,Наличные,Стрижка старшего мастера,16.03.2024,3,,,,,"р.0,00","р.5 500,00","р.5 500,00"
2190,Доход,Услуга,Безнал,Стрижка старшего мастера,16.03.2024,3,42gbcz1900914,3,Поисковые запросы в Яндексе,"0,05","р.275,00","р.5 500,00","р.5 225,00"
2191,Расход,Товар,Наличные,Прочие расходы,16.03.2024,3,,,,,"р.0,00","р.300,00","р.300,00"
2192,Доход,Товар,Безнал,Продажа шампуня и кондиционера,16.03.2024,3,42gbcz2210653,7,Сторис в VK,"0,15","р.150,00","р.1 000,00","р.850,00"
2193,Доход,Услуга,Безнал,Обычная стрижка,16.03.2024,3,,,,,"р.0,00","р.3 500,00","р.3 500,00"
2194,Доход,Услуга,Безнал,Стрижка старшего мастера,16.03.2024,3,,,,,"р.0,00","р.5 500,00","р.5 500,00"
2195,Доход,Товар,Наличные,Продажа шампуня,16.03.2024,3,,,,,"р.0,00","р.500,00","р.500,00"
2196,Доход,Услуга,Наличные,Стрижка и укладка,16.03.2024,3,,,,,"р.0,00","р.4 500,00","р.4 500,00"
2197,Расход,Товар,Безнал,Закупка полотенец,16.03.2024,3,,,,,"р.0,00","р.1 000,00","р.1 000,00"
2198,Доход,Услуга,Безнал,Обычная стрижка,16.03.2024,3,,,,,"р.0,00","р.3 500,00","р.3 500,00"
2199,Доход,Услуга,Наличные,Стрижка и укладка,16.03.2024,3,,,,,"р.0,00","р.4 500,00","р.4 500,00"
2200,Доход,Услуга,Безнал,Стрижка старшего мастера,16.03.2024,3,,,,,"р.0,00","р.5 500,00","р.5 500,00"
2201,Доход,Услуга,Безнал,Обычная стрижка,16.03.2024,3,,,,,"р.0,00","р.3 500,00","р.3 500,00"
2202,Доход,Товар,Безнал,Продажа шампуня и кондиционера,16.03.2024,3,,,,,"р.0,00","р.1 000,00","р.1 000,00"
2203,Доход,Услуга,Наличные,Стрижка старшего мастера,16.03.2024,3,,,,,"р.0,00","р.5 500,00","р.5 500,00"
2204,Доход,Товар,Безнал,Продажа шампуня,16.03.2024,3,,,,,"р.0,00","р.500,00","р.500,00"
2205,Доход,Услуга,Безнал,Обычная стрижка,16.03.2024,3,,,,,"р.0,00","р.3 500,00","р.3 500,00"
2206,Доход,Услуга,Безнал,Стрижка старшего мастера,16.03.2024,3,,,,,"р.0,00","р.5 500,00","р.5 500,00"
2207,Доход,Услуга,Наличные,Обычная стрижка,16.03.2024,3,,,,,"р.0,00","р.3 500,00","р.3 500,00"
2208,Доход,Услуга,Безнал,Стрижка и укладка,16.03.2024,3,,,,,"р.0,00","р.4 500,00","р.4 500,00"
2209,Доход,Услуга,Безнал,Стрижка и укладка,16.03.2024,3,,,,,"р.0,00","р.4 500,00","р.4 500,00"
2210,Доход,Услуга,Безнал,Стрижка старшего мастера,16.03.2024,3,,,,,"р.0,00","р.5 500,00","р.5 500,00"
2211,Доход,Услуга,Безнал,Обычная стрижка,16.03.2024,3,,,,,"р.0,00","р.3 500,00","р.3 500,00"
2212,Расход,Товар,Безнал,Прочие расходы,16.03.2024,3,,,,,"р.0,00","р.300,00","р.300,00"
2213,Доход,Товар,Безнал,Продажа шампуня,16.03.2024,3,,,,,"р.0,00","р.500,00","р.500,00"
2214,Доход,Услуга,Безнал,Обычная стрижка,16.03.2024,3,,,,,"р.0,00","р.3 500,00","р.3 500,00"
2215,Доход,Услуга,Безнал,Стрижка и укладка,16.03.2024,3,,,,,"р.0,00","р.4 500,00","р.4 500,00"
2216,Доход,Услуга,Безнал,Стрижка и укладка,16.03.2024,3,,,,,"р.0,00","р.4 500,00","р.4 500,00"
2217,Доход,Услуга,Наличные,Стрижка старшего мастера,16.03.2024,3,,,,,"р.0,00","р.5 500,00","р.5 500,00"
2218,Доход,Услуга,Безнал,Стрижка и укладка,17.03.2024,3,,,,,"р.0,00","р.4 500,00","р.4 500,00"
2219,Доход,Услуга,Безнал,Стрижка и укладка,17.03.2024,3,,,,,"р.0,00","р.4 500,00","р.4 500,00"
2220,Доход,Услуга,Безнал,Стрижка старшего мастера,17.03.2024,3,,,,,"р.0,00","р.5 500,00","р.5 500,00"
2221,Доход,Услуга,Безнал,Стрижка старшего мастера,17.03.2024,3,,,,,"р.0,00","р.5 500,00","р.5 500,00"
2222,Доход,Услуга,Безнал,Обычная стрижка,17.03.2024,3,,,,,"р.0,00","р.3 500,00","р.3 500,00"
2223,Доход,Услуга,Безнал,Обычная стрижка,17.03.2024,3,,,,,"р.0,00","р.3 500,00","р.3 500,00"
2224,Доход,Услуга,Безнал,Стрижка старшего мастера,17.03.2024,3,,,,,"р.0,00","р.5 500,00","р.5 500,00"
2225,Доход,Услуга,Безнал,Стрижка и укладка,17.03.2024,3,,,,,"р.0,00","р.4 500,00","р.4 500,00"
2226,Расход,Товар,Безнал,Прочие расходы,17.03.2024,3,,,,,"р.0,00","р.300,00","р.300,00"
2227,Расход,Товар,Наличные,Закупка резинок,17.03.2024,3,,,,,"р.0,00","р.500,00","р.500,00"
2228,Доход,Услуга,Безнал,Стрижка и укладка,17.03.2024,3,,,,,"р.0,00","р.4 500,00","р.4 500,00"
2229,Доход,Услуга,Наличные,Стрижка старшего мастера,17.03.2024,3,,,,,"р.0,00","р.5 500,00","р.5 500,00"
2230,Доход,Услуга,Безнал,Стрижка и укладка,17.03.2024,3,42gbcz620728,2,Поисковые запросы в Гугле,"0,10","р.450,00","р.4 500,00","р.4 050,00"
2231,Доход,Товар,Безнал,Продажа шампуня и кондиционера,17.03.2024,3,,,,,"р.0,00","р.1 000,00","р.1 000,00"
2232,Доход,Товар,Наличные,Продажа геля,17.03.2024,3,,,,,"р.0,00","р.300,00","р.300,00"
2233,Доход,Услуга,Безнал,Стрижка и укладка,17.03.2024,3,,,,,"р.0,00","р.4 500,00","р.4 500,00"
2234,Доход,Услуга,Безнал,Стрижка и укладка,17.03.2024,3,,,,,"р.0,00","р.4 500,00","р.4 500,00"
2235,Доход,Товар,Наличные,Продажа шампуня,17.03.2024,3,,,,,"р.0,00","р.500,00","р.500,00"
2236,Доход,Услуга,Безнал,Обычная стрижка,17.03.2024,3,,,,,"р.0,00","р.3 500,00","р.3 500,00"
2237,Доход,Товар,Безнал,Продажа шампуня и кондиционера,17.03.2024,3,,,,,"р.0,00","р.1 000,00","р.1 000,00"
2238,Расход,Товар,Безнал,Закупка резинок,17.03.2024,3,,,,,"р.0,00","р.500,00","р.500,00"
2239,Доход,Услуга,Безнал,Стрижка и укладка,17.03.2024,3,,,,,"р.0,00","р.4 500,00","р.4 500,00"
2240,Доход,Услуга,Наличные,Стрижка и укладка,17.03.2024,3,,,,,"р.0,00","р.4 500,00","р.4 500,00"
2241,Доход,Услуга,Наличные,Стрижка и укладка,17.03.2024,3,,,,,"р.0,00","р.4 500,00","р.4 500,00"
2242,Доход,Товар,Безнал,Продажа шампуня,17.03.2024,3,,,,,"р.0,00","р.500,00","р.500,00"
2243,Расход,Товар,Наличные,Закупка полотенец,17.03.2024,3,,,,,"р.0,00","р.1 000,00","р.1 000,00"
2244,Доход,Услуга,Безнал,Стрижка старшего мастера,17.03.2024,3,,,,,"р.0,00","р.5 500,00","р.5 500,00"
2245,Доход,Услуга,Безнал,Стрижка старшего мастера,17.03.2024,3,,,,,"р.0,00","р.5 500,00","р.5 500,00"
2246,Доход,Услуга,Наличные,Стрижка и укладка,17.03.2024,3,,,,,"р.0,00","р.4 500,00","р.4 500,00"
2247,Доход,Товар,Наличные,Продажа шампуня,17.03.2024,3,,,,,"р.0,00","р.500,00","р.500,00"
2248,Доход,Услуга,Безнал,Стрижка старшего мастера,18.03.2024,3,,,,,"р.0,00","р.5 500,00","р.5 500,00"
2249,Расход,Товар,Безнал,Закупка полотенец,18.03.2024,3,,,,,"р.0,00","р.1 000,00","р.1 000,00"
2250,Доход,Услуга,Наличные,Стрижка старшего мастера,18.03.2024,3,,,,,"р.0,00","р.5 500,00","р.5 500,00"
2251,Доход,Услуга,Безнал,Стрижка и укладка,18.03.2024,3,42gbcz2997451,2,Поисковые запросы в Гугле,"0,10","р.450,00","р.4 500,00","р.4 050,00"
2252,Доход,Товар,Безнал,Продажа шампуня и кондиционера,18.03.2024,3,,,,,"р.0,00","р.1 000,00","р.1 000,00"
2253,Доход,Услуга,Безнал,Стрижка и укладка,18.03.2024,3,,,,,"р.0,00","р.4 500,00","р.4 500,00"
2254,Доход,Услуга,Наличные,Обычная стрижка,18.03.2024,3,,,,,"р.0,00","р.3 500,00","р.3 500,00"
2255,Расход,Товар,Безнал,Закупка резинок,18.03.2024,3,,,,,"р.0,00","р.500,00","р.500,00"
2256,Доход,Услуга,Наличные,Обычная стрижка,18.03.2024,3,,,,,"р.0,00","р.3 500,00","р.3 500,00"
2257,Доход,Услуга,Безнал,Стрижка и укладка,18.03.2024,3,,,,,"р.0,00","р.4 500,00","р.4 500,00"
2258,Доход,Товар,Безнал,Продажа шампуня,18.03.2024,3,42gbcz322269,5,Посты в VK,"0,15","р.75,00","р.500,00","р.425,00"
2259,Доход,Услуга,Безнал,Стрижка старшего мастера,18.03.2024,3,,,,,"р.0,00","р.5 500,00","р.5 500,00"
2260,Доход,Товар,Безнал,Продажа геля,18.03.2024,3,,,,,"р.0,00","р.300,00","р.300,00"
2261,Доход,Услуга,Наличные,Обычная стрижка,18.03.2024,3,42gbcz2909384,3,Поисковые запросы в Яндексе,"0,05","р.175,00","р.3 500,00","р.3 325,00"
2262,Доход,Услуга,Наличные,Обычная стрижка,18.03.2024,3,,,,,"р.0,00","р.3 500,00","р.3 500,00"
2263,Доход,Услуга,Безнал,Обычная стрижка,18.03.2024,3,42gbcz2137010,7,Сторис в VK,"0,15","р.525,00","р.3 500,00","р.2 975,00"
2264,Доход,Услуга,Безнал,Стрижка старшего мастера,18.03.2024,3,42gbcz3674916,3,Поисковые запросы в Яндексе,"0,05","р.275,00","р.5 500,00","р.5 225,00"
2265,Доход,Услуга,Безнал,Обычная стрижка,18.03.2024,3,,,,,"р.0,00","р.3 500,00","р.3 500,00"
2266,Доход,Услуга,Безнал,Стрижка и укладка,18.03.2024,3,42gbcz1055518,4,Посты в Telegram,"0,50","р.2 250,00","р.4 500,00","р.2 250,00"
2267,Расход,Товар,Безнал,Прочие расходы,18.03.2024,3,,,,,"р.0,00","р.300,00","р.300,00"
2268,Доход,Услуга,Безнал,Обычная стрижка,18.03.2024,3,,,,,"р.0,00","р.3 500,00","р.3 500,00"
2269,Доход,Товар,Безнал,Продажа геля,18.03.2024,3,,,,,"р.0,00","р.300,00","р.300,00"
2270,Доход,Услуга,Безнал,Обычная стрижка,18.03.2024,3,,,,,"р.0,00","р.3 500,00","р.3 500,00"
2271,Доход,Услуга,Наличные,Стрижка и укладка,18.03.2024,3,42gbcz2972594,7,Сторис в VK,"0,15","р.675,00","р.4 500,00","р.3 825,00"
2272,Доход,Услуга,Безнал,Стрижка и укладка,18.03.2024,3,,,,,"р.0,00","р.4 500,00","р.4 500,00"
2273,Расход,Товар,Безнал,Закупка полотенец,18.03.2024,3,,,,,"р.0,00","р.1 000,00","р.1 000,00"
2274,Доход,Товар,Безнал,Продажа геля,18.03.2024,3,,,,,"р.0,00","р.300,00","р.300,00"
2275,Доход,Услуга,Безнал,Обычная стрижка,18.03.2024,3,,,,,"р.0,00","р.3 500,00","р.3 500,00"
2276,Доход,Услуга,Безнал,Обычная стрижка,18.03.2024,3,,,,,"р.0,00","р.3 500,00","р.3 500,00"
2277,Расход,Товар,Безнал,Закупка резинок,18.03.2024,3,,,,,"р.0,00","р.500,00","р.500,00"
2278,Доход,Услуга,Наличные,Стрижка и укладка,19.03.2024,3,42gbcz2656723,7,Сторис в VK,"0,15","р.675,00","р.4 500,00","р.3 825,00"
2279,Доход,Услуга,Безнал,Стрижка старшего мастера,19.03.2024,3,,,,,"р.0,00","р.5 500,00","р.5 500,00"
2280,Доход,Услуга,Безнал,Стрижка старшего мастера,19.03.2024,3,,,,,"р.0,00","р.5 500,00","р.5 500,00"
2281,Доход,Товар,Наличные,Продажа шампуня и кондиционера,19.03.2024,3,,,,,"р.0,00","р.1 000,00","р.1 000,00"
2282,Доход,Товар,Безнал,Продажа шампуня и кондиционера,19.03.2024,3,,,,,"р.0,00","р.1 000,00","р.1 000,00"
2283,Доход,Услуга,Наличные,Стрижка и укладка,19.03.2024,3,,,,,"р.0,00","р.4 500,00","р.4 500,00"
2284,Доход,Услуга,Безнал,Стрижка и укладка,19.03.2024,3,42gbcz252360,2,Поисковые запросы в Гугле,"0,10","р.450,00","р.4 500,00","р.4 050,00"
2285,Доход,Товар,Наличные,Продажа геля,19.03.2024,3,,,,,"р.0,00","р.300,00","р.300,00"
2286,Расход,Товар,Безнал,Закупка полотенец,19.03.2024,3,,,,,"р.0,00","р.1 000,00","р.1 000,00"
2287,Доход,Услуга,Наличные,Стрижка и укладка,19.03.2024,3,,,,,"р.0,00","р.4 500,00","р.4 500,00"
2288,Доход,Услуга,Безнал,Обычная стрижка,19.03.2024,3,42gbcz3638299,4,Посты в Telegram,"0,50","р.1 750,00","р.3 500,00","р.1 750,00"
2289,Доход,Услуга,Безнал,Стрижка и укладка,19.03.2024,3,,,,,"р.0,00","р.4 500,00","р.4 500,00"
2290,Доход,Услуга,Безнал,Стрижка старшего мастера,19.03.2024,3,,,,,"р.0,00","р.5 500,00","р.5 500,00"
2291,Доход,Услуга,Безнал,Обычная стрижка,19.03.2024,3,,,,,"р.0,00","р.3 500,00","р.3 500,00"
2292,Доход,Услуга,Безнал,Стрижка и укладка,19.03.2024,3,,,,,"р.0,00","р.4 500,00","р.4 500,00"
2293,Доход,Услуга,Безнал,Стрижка и укладка,19.03.2024,3,,,,,"р.0,00","р.4 500,00","р.4 500,00"
2294,Доход,Услуга,Безнал,Стрижка старшего мастера,19.03.2024,3,,,,,"р.0,00","р.5 500,00","р.5 500,00"
2295,Расход,Товар,Безнал,Закупка резинок,19.03.2024,3,,,,,"р.0,00","р.500,00","р.500,00"
2296,Доход,Товар,Безнал,Продажа шампуня и кондиционера,19.03.2024,3,,,,,"р.0,00","р.1 000,00","р.1 000,00"
2297,Доход,Услуга,Наличные,Стрижка старшего мастера,19.03.2024,3,42gbcz749732,6,Реклама в VK,"0,20","р.1 100,00","р.5 500,00","р.4 400,00"
2298,Расход,Товар,Безнал,Закупка полотенец,19.03.2024,3,,,,,"р.0,00","р.1 000,00","р.1 000,00"
2299,Доход,Услуга,Безнал,Стрижка и укладка,19.03.2024,3,42gbcz1983291,5,Посты в VK,"0,15","р.675,00","р.4 500,00","р.3 825,00"
2300,Расход,Товар,Наличные,Прочие расходы,19.03.2024,3,,,,,"р.0,00","р.300,00","р.300,00"
2301,Расход,Товар,Безнал,Закупка резинок,19.03.2024,3,,,,,"р.0,00","р.500,00","р.500,00"
2302,Доход,Услуга,Безнал,Стрижка и укладка,19.03.2024,3,,,,,"р.0,00","р.4 500,00","р.4 500,00"
2303,Доход,Услуга,Наличные,Стрижка и укладка,19.03.2024,3,,,,,"р.0,00","р.4 500,00","р.4 500,00"
2304,Доход,Услуга,Наличные,Стрижка старшего мастера,19.03.2024,3,,,,,"р.0,00","р.5 500,00","р.5 500,00"
2305,Доход,Товар,Безнал,Продажа шампуня и кондиционера,19.03.2024,3,,,,,"р.0,00","р.1 000,00","р.1 000,00"
2306,Доход,Услуга,Безнал,Стрижка и укладка,19.03.2024,3,,,,,"р.0,00","р.4 500,00","р.4 500,00"
2307,Доход,Услуга,Безнал,Обычная стрижка,19.03.2024,3,,,,,"р.0,00","р.3 500,00","р.3 500,00"
2308,Доход,Товар,Наличные,Продажа шампуня,20.03.2024,3,,,,,"р.0,00","р.500,00","р.500,00"
2309,Доход,Услуга,Безнал,Стрижка и укладка,20.03.2024,3,,,,,"р.0,00","р.4 500,00","р.4 500,00"
2310,Доход,Услуга,Безнал,Стрижка старшего мастера,20.03.2024,3,42gbcz2190807,4,Посты в Telegram,"0,50","р.2 750,00","р.5 500,00","р.2 750,00"
2311,Доход,Товар,Безнал,Продажа шампуня,20.03.2024,3,,,,,"р.0,00","р.500,00","р.500,00"
2312,Доход,Услуга,Безнал,Стрижка старшего мастера,20.03.2024,3,,,,,"р.0,00","р.5 500,00","р.5 500,00"
2313,Доход,Товар,Безнал,Продажа шампуня и кондиционера,20.03.2024,3,,,,,"р.0,00","р.1 000,00","р.1 000,00"
2314,Доход,Услуга,Безнал,Стрижка старшего мастера,20.03.2024,3,42gbcz1063849,2,Поисковые запросы в Гугле,"0,10","р.550,00","р.5 500,00","р.4 950,00"
2315,Доход,Услуга,Безнал,Стрижка и укладка,20.03.2024,3,,,,,"р.0,00","р.4 500,00","р.4 500,00"
2316,Доход,Услуга,Безнал,Обычная стрижка,20.03.2024,3,,,,,"р.0,00","р.3 500,00","р.3 500,00"
2317,Доход,Услуга,Безнал,Стрижка старшего мастера,20.03.2024,3,,,,,"р.0,00","р.5 500,00","р.5 500,00"
2318,Доход,Услуга,Безнал,Стрижка и укладка,20.03.2024,3,,,,,"р.0,00","р.4 500,00","р.4 500,00"
2319,Доход,Услуга,Безнал,Стрижка старшего мастера,20.03.2024,3,,,,,"р.0,00","р.5 500,00","р.5 500,00"
2320,Доход,Товар,Безнал,Продажа шампуня,20.03.2024,3,,,,,"р.0,00","р.500,00","р.500,00"
2321,Доход,Услуга,Безнал,Обычная стрижка,20.03.2024,3,,,,,"р.0,00","р.3 500,00","р.3 500,00"
2322,Доход,Услуга,Безнал,Стрижка старшего мастера,20.03.2024,3,,,,,"р.0,00","р.5 500,00","р.5 500,00"
2323,Расход,Услуга,Безнал,Рекламный бюджет,20.03.2024,3,,,,,"р.0,00","р.50 000,00","р.50 000,00"
2324,Доход,Услуга,Безнал,Обычная стрижка,20.03.2024,3,,,,,"р.0,00","р.3 500,00","р.3 500,00"
2325,Доход,Услуга,Безнал,Стрижка старшего мастера,20.03.2024,3,,,,,"р.0,00","р.5 500,00","р.5 500,00"
2326,Доход,Услуга,Безнал,Обычная стрижка,20.03.2024,3,,,,,"р.0,00","р.3 500,00","р.3 500,00"
2327,Доход,Услуга,Наличные,Стрижка старшего мастера,20.03.2024,3,,,,,"р.0,00","р.5 500,00","р.5 500,00"
2328,Доход,Товар,Безнал,Продажа шампуня,20.03.2024,3,,,,,"р.0,00","р.500,00","р.500,00"
2329,Доход,Услуга,Безнал,Стрижка и укладка,20.03.2024,3,,,,,"р.0,00","р.4 500,00","р.4 500,00"
2330,Доход,Услуга,Безнал,Стрижка старшего мастера,20.03.2024,3,,,,,"р.0,00","р.5 500,00","р.5 500,00"
2331,Доход,Услуга,Безнал,Стрижка старшего мастера,20.03.2024,3,,,,,"р.0,00","р.5 500,00","р.5 500,00"
2332,Доход,Услуга,Безнал,Обычная стрижка,20.03.2024,3,42gbcz139161,5,Посты в VK,"0,15","р.525,00","р.3 500,00","р.2 975,00"
2333,Доход,Услуга,Безнал,Стрижка старшего мастера,20.03.2024,3,,,,,"р.0,00","р.5 500,00","р.5 500,00"
2334,Доход,Товар,Безнал,Продажа геля,20.03.2024,3,,,,,"р.0,00","р.300,00","р.300,00"
2335,Доход,Услуга,Безнал,Стрижка и укладка,20.03.2024,3,42gbcz1531983,7,Сторис в VK,"0,15","р.675,00","р.4 500,00","р.3 825,00"
2336,Расход,Товар,Безнал,Прочие расходы,20.03.2024,3,,,,,"р.0,00","р.300,00","р.300,00"
2337,Доход,Услуга,Безнал,Стрижка старшего мастера,20.03.2024,3,,,,,"р.0,00","р.5 500,00","р.5 500,00"
2338,Доход,Услуга,Безнал,Обычная стрижка,21.03.2024,3,,,,,"р.0,00","р.3 500,00","р.3 500,00"
2339,Доход,Услуга,Наличные,Обычная стрижка,21.03.2024,3,42gbcz1899417,6,Реклама в VK,"0,20","р.700,00","р.3 500,00","р.2 800,00"
2340,Расход,Товар,Безнал,Прочие расходы,21.03.2024,3,,,,,"р.0,00","р.300,00","р.300,00"
2341,Доход,Услуга,Безнал,Обычная стрижка,21.03.2024,3,,,,,"р.0,00","р.3 500,00","р.3 500,00"
2342,Доход,Услуга,Безнал,Стрижка и укладка,21.03.2024,3,,,,,"р.0,00","р.4 500,00","р.4 500,00"
2343,Доход,Услуга,Безнал,Стрижка и укладка,21.03.2024,3,,,,,"р.0,00","р.4 500,00","р.4 500,00"
2344,Доход,Услуга,Безнал,Стрижка и укладка,21.03.2024,3,42gbcz2052640,6,Реклама в VK,"0,20","р.900,00","р.4 500,00","р.3 600,00"
2345,Доход,Услуга,Безнал,Обычная стрижка,21.03.2024,3,,,,,"р.0,00","р.3 500,00","р.3 500,00"
2346,Доход,Услуга,Наличные,Стрижка и укладка,21.03.2024,3,,,,,"р.0,00","р.4 500,00","р.4 500,00"
2347,Доход,Услуга,Наличные,Обычная стрижка,21.03.2024,3,,,,,"р.0,00","р.3 500,00","р.3 500,00"
2348,Доход,Услуга,Безнал,Стрижка и укладка,21.03.2024,3,,,,,"р.0,00","р.4 500,00","р.4 500,00"
2349,Доход,Услуга,Безнал,Стрижка и укладка,21.03.2024,3,,,,,"р.0,00","р.4 500,00","р.4 500,00"
2350,Доход,Услуга,Наличные,Обычная стрижка,21.03.2024,3,,,,,"р.0,00","р.3 500,00","р.3 500,00"
2351,Доход,Товар,Наличные,Продажа геля,21.03.2024,3,,,,,"р.0,00","р.300,00","р.300,00"
2352,Доход,Услуга,Безнал,Обычная стрижка,21.03.2024,3,,,,,"р.0,00","р.3 500,00","р.3 500,00"
2353,Расход,Товар,Безнал,Закупка полотенец,21.03.2024,3,,,,,"р.0,00","р.1 000,00","р.1 000,00"
2354,Доход,Товар,Наличные,Продажа геля,21.03.2024,3,,,,,"р.0,00","р.300,00","р.300,00"
2355,Расход,Товар,Безнал,Прочие расходы,21.03.2024,3,,,,,"р.0,00","р.300,00","р.300,00"
2356,Доход,Услуга,Наличные,Обычная стрижка,21.03.2024,3,,,,,"р.0,00","р.3 500,00","р.3 500,00"
2357,Доход,Товар,Безнал,Продажа шампуня и кондиционера,21.03.2024,3,,,,,"р.0,00","р.1 000,00","р.1 000,00"
2358,Расход,Товар,Безнал,Прочие расходы,21.03.2024,3,,,,,"р.0,00","р.300,00","р.300,00"
2359,Доход,Товар,Безнал,Продажа шампуня и кондиционера,21.03.2024,3,42gbcz3594236,1,Обещаем скидки,"0,10","р.100,00","р.1 000,00","р.900,00"
2360,Расход,Товар,Безнал,Закупка резинок,21.03.2024,3,,,,,"р.0,00","р.500,00","р.500,00"
2361,Доход,Услуга,Безнал,Стрижка старшего мастера,21.03.2024,3,,,,,"р.0,00","р.5 500,00","р.5 500,00"
2362,Доход,Услуга,Безнал,Стрижка старшего мастера,21.03.2024,3,42gbcz2600902,6,Реклама в VK,"0,20","р.1 100,00","р.5 500,00","р.4 400,00"
2363,Доход,Услуга,Безнал,Стрижка старшего мастера,21.03.2024,3,,,,,"р.0,00","р.5 500,00","р.5 500,00"
2364,Доход,Товар,Безнал,Продажа геля,21.03.2024,3,,,,,"р.0,00","р.300,00","р.300,00"
2365,Доход,Услуга,Безнал,Стрижка и укладка,21.03.2024,3,,,,,"р.0,00","р.4 500,00","р.4 500,00"
2366,Доход,Услуга,Наличные,Стрижка старшего мастера,21.03.2024,3,,,,,"р.0,00","р.5 500,00","р.5 500,00"
2367,Доход,Услуга,Безнал,Стрижка старшего мастера,21.03.2024,3,,,,,"р.0,00","р.5 500,00","р.5 500,00"
2368,Доход,Услуга,Безнал,Стрижка и укладка,22.03.2024,3,,,,,"р.0,00","р.4 500,00","р.4 500,00"
2369,Доход,Услуга,Безнал,Обычная стрижка,22.03.2024,3,,,,,"р.0,00","р.3 500,00","р.3 500,00"
2370,Доход,Услуга,Безнал,Стрижка и укладка,22.03.2024,3,,,,,"р.0,00","р.4 500,00","р.4 500,00"
2371,Доход,Услуга,Наличные,Обычная стрижка,22.03.2024,3,,,,,"р.0,00","р.3 500,00","р.3 500,00"
2372,Доход,Услуга,Безнал,Стрижка старшего мастера,22.03.2024,3,,,,,"р.0,00","р.5 500,00","р.5 500,00"
2373,Доход,Услуга,Безнал,Стрижка старшего мастера,22.03.2024,3,42gbcz2371026,7,Сторис в VK,"0,15","р.825,00","р.5 500,00","р.4 675,00"
2374,Доход,Товар,Безнал,Продажа шампуня и кондиционера,22.03.2024,3,,,,,"р.0,00","р.1 000,00","р.1 000,00"
2375,Доход,Услуга,Наличные,Стрижка и укладка,22.03.2024,3,,,,,"р.0,00","р.4 500,00","р.4 500,00"
2376,Доход,Услуга,Безнал,Стрижка старшего мастера,22.03.2024,3,,,,,"р.0,00","р.5 500,00","р.5 500,00"
2377,Расход,Товар,Наличные,Закупка резинок,22.03.2024,3,,,,,"р.0,00","р.500,00","р.500,00"
2378,Расход,Товар,Безнал,Закупка полотенец,22.03.2024,3,,,,,"р.0,00","р.1 000,00","р.1 000,00"
2379,Доход,Услуга,Безнал,Стрижка старшего мастера,22.03.2024,3,,,,,"р.0,00","р.5 500,00","р.5 500,00"
2380,Расход,Товар,Безнал,Прочие расходы,22.03.2024,3,,,,,"р.0,00","р.300,00","р.300,00"
2381,Доход,Услуга,Безнал,Стрижка старшего мастера,22.03.2024,3,,,,,"р.0,00","р.5 500,00","р.5 500,00"
2382,Доход,Услуга,Безнал,Обычная стрижка,22.03.2024,3,,,,,"р.0,00","р.3 500,00","р.3 500,00"
2383,Доход,Услуга,Безнал,Стрижка и укладка,22.03.2024,3,,,,,"р.0,00","р.4 500,00","р.4 500,00"
2384,Доход,Услуга,Безнал,Стрижка и укладка,22.03.2024,3,42gbcz648174,3,Поисковые запросы в Яндексе,"0,05","р.225,00","р.4 500,00","р.4 275,00"
2385,Расход,Товар,Безнал,Закупка полотенец,22.03.2024,3,,,,,"р.0,00","р.1 000,00","р.1 000,00"
2386,Доход,Товар,Безнал,Продажа шампуня и кондиционера,22.03.2024,3,,,,,"р.0,00","р.1 000,00","р.1 000,00"
2387,Расход,Товар,Безнал,Закупка резинок,22.03.2024,3,,,,,"р.0,00","р.500,00","р.500,00"
2388,Доход,Услуга,Безнал,Обычная стрижка,22.03.2024,3,,,,,"р.0,00","р.3 500,00","р.3 500,00"
2389,Доход,Услуга,Наличные,Стрижка старшего мастера,22.03.2024,3,,,,,"р.0,00","р.5 500,00","р.5 500,00"
2390,Доход,Услуга,Безнал,Стрижка старшего мастера,22.03.2024,3,,,,,"р.0,00","р.5 500,00","р.5 500,00"
2391,Доход,Услуга,Безнал,Стрижка старшего мастера,22.03.2024,3,,,,,"р.0,00","р.5 500,00","р.5 500,00"
2392,Доход,Услуга,Безнал,Стрижка и укладка,22.03.2024,3,,,,,"р.0,00","р.4 500,00","р.4 500,00"
2393,Доход,Товар,Безнал,Продажа шампуня,22.03.2024,3,,,,,"р.0,00","р.500,00","р.500,00"
2394,Доход,Услуга,Безнал,Стрижка и укладка,22.03.2024,3,,,,,"р.0,00","р.4 500,00","р.4 500,00"
2395,Доход,Услуга,Безнал,Стрижка старшего мастера,22.03.2024,3,,,,,"р.0,00","р.5 500,00","р.5 500,00"
2396,Доход,Товар,Безнал,Продажа шампуня,22.03.2024,3,,,,,"р.0,00","р.500,00","р.500,00"
2397,Доход,Услуга,Безнал,Обычная стрижка,22.03.2024,3,,,,,"р.0,00","р.3 500,00","р.3 500,00"
2398,Доход,Услуга,Безнал,Стрижка старшего мастера,23.03.2024,3,,,,,"р.0,00","р.5 500,00","р.5 500,00"
2399,Расход,Товар,Безнал,Закупка резинок,23.03.2024,3,,,,,"р.0,00","р.500,00","р.500,00"
2400,Доход,Услуга,Безнал,Обычная стрижка,23.03.2024,3,,,,,"р.0,00","р.3 500,00","р.3 500,00"
2401,Доход,Услуга,Безнал,Стрижка и укладка,23.03.2024,3,,,,,"р.0,00","р.4 500,00","р.4 500,00"
2402,Доход,Услуга,Безнал,Стрижка старшего мастера,23.03.2024,3,,,,,"р.0,00","р.5 500,00","р.5 500,00"
2403,Доход,Товар,Безнал,Продажа шампуня,23.03.2024,3,,,,,"р.0,00","р.500,00","р.500,00"
2404,Расход,Товар,Безнал,Закупка полотенец,23.03.2024,3,,,,,"р.0,00","р.1 000,00","р.1 000,00"
2405,Доход,Услуга,Безнал,Обычная стрижка,23.03.2024,3,,,,,"р.0,00","р.3 500,00","р.3 500,00"
2406,Доход,Услуга,Безнал,Стрижка и укладка,23.03.2024,3,,,,,"р.0,00","р.4 500,00","р.4 500,00"
2407,Доход,Товар,Безнал,Продажа геля,23.03.2024,3,,,,,"р.0,00","р.300,00","р.300,00"
2408,Доход,Товар,Безнал,Продажа шампуня и кондиционера,23.03.2024,3,,,,,"р.0,00","р.1 000,00","р.1 000,00"
2409,Доход,Услуга,Безнал,Обычная стрижка,23.03.2024,3,,,,,"р.0,00","р.3 500,00","р.3 500,00"
2410,Доход,Услуга,Безнал,Стрижка старшего мастера,23.03.2024,3,,,,,"р.0,00","р.5 500,00","р.5 500,00"
2411,Доход,Услуга,Безнал,Стрижка и укладка,23.03.2024,3,,,,,"р.0,00","р.4 500,00","р.4 500,00"
2412,Расход,Товар,Наличные,Прочие расходы,23.03.2024,3,,,,,"р.0,00","р.300,00","р.300,00"
2413,Доход,Услуга,Безнал,Стрижка старшего мастера,23.03.2024,3,,,,,"р.0,00","р.5 500,00","р.5 500,00"
2414,Доход,Услуга,Безнал,Стрижка старшего мастера,23.03.2024,3,42gbcz1824018,2,Поисковые запросы в Гугле,"0,10","р.550,00","р.5 500,00","р.4 950,00"
2415,Доход,Услуга,Наличные,Обычная стрижка,23.03.2024,3,,,,,"р.0,00","р.3 500,00","р.3 500,00"
2416,Доход,Услуга,Наличные,Стрижка старшего мастера,23.03.2024,3,,,,,"р.0,00","р.5 500,00","р.5 500,00"
2417,Доход,Товар,Безнал,Продажа геля,23.03.2024,3,,,,,"р.0,00","р.300,00","р.300,00"
2418,Расход,Товар,Наличные,Закупка полотенец,23.03.2024,3,,,,,"р.0,00","р.1 000,00","р.1 000,00"
2419,Доход,Услуга,Безнал,Стрижка и укладка,23.03.2024,3,,,,,"р.0,00","р.4 500,00","р.4 500,00"
2420,Доход,Услуга,Наличные,Стрижка старшего мастера,23.03.2024,3,,,,,"р.0,00","р.5 500,00","р.5 500,00"
2421,Доход,Услуга,Наличные,Стрижка и укладка,23.03.2024,3,,,,,"р.0,00","р.4 500,00","р.4 500,00"
2422,Расход,Товар,Безнал,Прочие расходы,23.03.2024,3,,,,,"р.0,00","р.300,00","р.300,00"
2423,Расход,Товар,Безнал,Прочие расходы,23.03.2024,3,,,,,"р.0,00","р.300,00","р.300,00"
2424,Доход,Услуга,Безнал,Стрижка и укладка,23.03.2024,3,,,,,"р.0,00","р.4 500,00","р.4 500,00"
2425,Доход,Услуга,Безнал,Обычная стрижка,23.03.2024,3,,,,,"р.0,00","р.3 500,00","р.3 500,00"
2426,Доход,Услуга,Безнал,Стрижка и укладка,23.03.2024,3,,,,,"р.0,00","р.4 500,00","р.4 500,00"
2427,Доход,Услуга,Наличные,Стрижка и укладка,23.03.2024,3,,,,,"р.0,00","р.4 500,00","р.4 500,00"
2428,Доход,Товар,Наличные,Продажа шампуня,24.03.2024,3,,,,,"р.0,00","р.500,00","р.500,00"
2429,Доход,Услуга,Безнал,Стрижка и укладка,24.03.2024,3,,,,,"р.0,00","р.4 500,00","р.4 500,00"
2430,Расход,Товар,Наличные,Закупка резинок,24.03.2024,3,,,,,"р.0,00","р.500,00","р.500,00"
2431,Доход,Товар,Безнал,Продажа геля,24.03.2024,3,,,,,"р.0,00","р.300,00","р.300,00"
2432,Расход,Товар,Наличные,Закупка полотенец,24.03.2024,3,,,,,"р.0,00","р.1 000,00","р.1 000,00"
2433,Доход,Товар,Безнал,Продажа шампуня,24.03.2024,3,,,,,"р.0,00","р.500,00","р.500,00"
2434,Доход,Услуга,Безнал,Обычная стрижка,24.03.2024,3,,,,,"р.0,00","р.3 500,00","р.3 500,00"
2435,Доход,Услуга,Безнал,Обычная стрижка,24.03.2024,3,,,,,"р.0,00","р.3 500,00","р.3 500,00"
2436,Расход,Товар,Безнал,Закупка полотенец,24.03.2024,3,,,,,"р.0,00","р.1 000,00","р.1 000,00"
2437,Расход,Товар,Безнал,Прочие расходы,24.03.2024,3,,,,,"р.0,00","р.300,00","р.300,00"
2438,Расход,Товар,Безнал,Закупка резинок,24.03.2024,3,,,,,"р.0,00","р.500,00","р.500,00"
2439,Доход,Услуга,Безнал,Обычная стрижка,24.03.2024,3,,,,,"р.0,00","р.3 500,00","р.3 500,00"
2440,Доход,Услуга,Безнал,Стрижка и укладка,24.03.2024,3,,,,,"р.0,00","р.4 500,00","р.4 500,00"
2441,Доход,Товар,Наличные,Продажа шампуня,24.03.2024,3,,,,,"р.0,00","р.500,00","р.500,00"
2442,Доход,Услуга,Безнал,Стрижка и укладка,24.03.2024,3,,,,,"р.0,00","р.4 500,00","р.4 500,00"
2443,Доход,Услуга,Безнал,Стрижка и укладка,24.03.2024,3,,,,,"р.0,00","р.4 500,00","р.4 500,00"
2444,Доход,Услуга,Наличные,Стрижка старшего мастера,24.03.2024,3,,,,,"р.0,00","р.5 500,00","р.5 500,00"
2445,Доход,Услуга,Наличные,Обычная стрижка,24.03.2024,3,,,,,"р.0,00","р.3 500,00","р.3 500,00"
2446,Доход,Товар,Безнал,Продажа геля,24.03.2024,3,,,,,"р.0,00","р.300,00","р.300,00"
2447,Доход,Товар,Безнал,Продажа шампуня и кондиционера,24.03.2024,3,42gbcz2275761,6,Реклама в VK,"0,20","р.200,00","р.1 000,00","р.800,00"
2448,Доход,Товар,Безнал,Продажа геля,24.03.2024,3,,,,,"р.0,00","р.300,00","р.300,00"
2449,Доход,Услуга,Безнал,Стрижка старшего мастера,24.03.2024,3,,,,,"р.0,00","р.5 500,00","р.5 500,00"
2450,Доход,Товар,Безнал,Продажа шампуня,24.03.2024,3,,,,,"р.0,00","р.500,00","р.500,00"
2451,Расход,Товар,Безнал,Закупка полотенец,24.03.2024,3,,,,,"р.0,00","р.1 000,00","р.1 000,00"
2452,Доход,Товар,Безнал,Продажа шампуня,24.03.2024,3,,,,,"р.0,00","р.500,00","р.500,00"
2453,Доход,Услуга,Безнал,Обычная стрижка,24.03.2024,3,,,,,"р.0,00","р.3 500,00","р.3 500,00"
2454,Расход,Товар,Безнал,Закупка полотенец,24.03.2024,3,,,,,"р.0,00","р.1 000,00","р.1 000,00"
2455,Доход,Услуга,Безнал,Стрижка старшего мастера,24.03.2024,3,,,,,"р.0,00","р.5 500,00","р.5 500,00"
2456,Доход,Услуга,Безнал,Обычная стрижка,24.03.2024,3,,,,,"р.0,00","р.3 500,00","р.3 500,00"
2457,Доход,Услуга,Безнал,Стрижка и укладка,24.03.2024,3,,,,,"р.0,00","р.4 500,00","р.4 500,00"
2458,Расход,Товар,Безнал,Закупка резинок,25.03.2024,3,,,,,"р.0,00","р.500,00","р.500,00"
2459,Доход,Услуга,Наличные,Обычная стрижка,25.03.2024,3,,,,,"р.0,00","р.3 500,00","р.3 500,00"
2460,Доход,Услуга,Наличные,Стрижка и укладка,25.03.2024,3,,,,,"р.0,00","р.4 500,00","р.4 500,00"
2461,Доход,Услуга,Безнал,Стрижка и укладка,25.03.2024,3,,,,,"р.0,00","р.4 500,00","р.4 500,00"
2462,Доход,Товар,Безнал,Продажа геля,25.03.2024,3,,,,,"р.0,00","р.300,00","р.300,00"
2463,Доход,Услуга,Безнал,Стрижка и укладка,25.03.2024,3,,,,,"р.0,00","р.4 500,00","р.4 500,00"
2464,Доход,Услуга,Безнал,Стрижка и укладка,25.03.2024,3,,,,,"р.0,00","р.4 500,00","р.4 500,00"
2465,Доход,Услуга,Безнал,Стрижка старшего мастера,25.03.2024,3,,,,,"р.0,00","р.5 500,00","р.5 500,00"
2466,Доход,Услуга,Наличные,Стрижка старшего мастера,25.03.2024,3,,,,,"р.0,00","р.5 500,00","р.5 500,00"
2467,Доход,Услуга,Безнал,Стрижка старшего мастера,25.03.2024,3,,,,,"р.0,00","р.5 500,00","р.5 500,00"
2468,Расход,Товар,Наличные,Прочие расходы,25.03.2024,3,,,,,"р.0,00","р.300,00","р.300,00"
2469,Доход,Услуга,Безнал,Стрижка и укладка,25.03.2024,3,42gbcz1886457,4,Посты в Telegram,"0,50","р.2 250,00","р.4 500,00","р.2 250,00"
2470,Доход,Услуга,Безнал,Стрижка и укладка,25.03.2024,3,,,,,"р.0,00","р.4 500,00","р.4 500,00"
2471,Доход,Услуга,Безнал,Стрижка и укладка,25.03.2024,3,,,,,"р.0,00","р.4 500,00","р.4 500,00"
2472,Доход,Услуга,Безнал,Обычная стрижка,25.03.2024,3,,,,,"р.0,00","р.3 500,00","р.3 500,00"
2473,Доход,Услуга,Наличные,Стрижка старшего мастера,25.03.2024,3,,,,,"р.0,00","р.5 500,00","р.5 500,00"
2474,Доход,Услуга,Наличные,Стрижка старшего мастера,25.03.2024,3,,,,,"р.0,00","р.5 500,00","р.5 500,00"
2475,Доход,Услуга,Безнал,Обычная стрижка,25.03.2024,3,,,,,"р.0,00","р.3 500,00","р.3 500,00"
2476,Доход,Услуга,Безнал,Обычная стрижка,25.03.2024,3,,,,,"р.0,00","р.3 500,00","р.3 500,00"
2477,Доход,Услуга,Безнал,Обычная стрижка,25.03.2024,3,,,,,"р.0,00","р.3 500,00","р.3 500,00"
2478,Доход,Услуга,Безнал,Стрижка и укладка,25.03.2024,3,,,,,"р.0,00","р.4 500,00","р.4 500,00"
2479,Доход,Товар,Наличные,Продажа геля,25.03.2024,3,,,,,"р.0,00","р.300,00","р.300,00"
2480,Доход,Услуга,Безнал,Обычная стрижка,25.03.2024,3,,,,,"р.0,00","р.3 500,00","р.3 500,00"
2481,Доход,Товар,Безнал,Продажа шампуня и кондиционера,25.03.2024,3,,,,,"р.0,00","р.1 000,00","р.1 000,00"
2482,Доход,Услуга,Безнал,Стрижка и укладка,25.03.2024,3,,,,,"р.0,00","р.4 500,00","р.4 500,00"
2483,Доход,Услуга,Безнал,Стрижка старшего мастера,25.03.2024,3,,,,,"р.0,00","р.5 500,00","р.5 500,00"
2484,Доход,Услуга,Безнал,Стрижка и укладка,25.03.2024,3,,,,,"р.0,00","р.4 500,00","р.4 500,00"
2485,Расход,Услуга,Безнал,Зарплата,25.03.2024,3,,,,,"р.0,00","р.82 500,00","р.82 500,00"
2486,Расход,Услуга,Безнал,Зарплата,25.03.2024,3,,,,,"р.0,00","р.82 500,00","р.82 500,00"
2487,Расход,Услуга,Безнал,Зарплата,25.03.2024,3,,,,,"р.0,00","р.82 500,00","р.82 500,00"
2488,Расход,Услуга,Безнал,Зарплата,26.03.2024,3,,,,,"р.0,00","р.82 500,00","р.82 500,00"
2489,Расход,Услуга,Безнал,Зарплата,26.03.2024,3,,,,,"р.0,00","р.82 500,00","р.82 500,00"
2490,Расход,Услуга,Безнал,Зарплата,26.03.2024,3,,,,,"р.0,00","р.82 500,00","р.82 500,00"
2491,Расход,Услуга,Безнал,Зарплата,26.03.2024,3,,,,,"р.0,00","р.82 500,00","р.82 500,00"
2492,Расход,Услуга,Безнал,Зарплата,26.03.2024,3,,,,,"р.0,00","р.82 500,00","р.82 500,00"
2493,Доход,Услуга,Безнал,Обычная стрижка,26.03.2024,3,,,,,"р.0,00","р.3 500,00","р.3 500,00"
2494,Доход,Товар,Безнал,Продажа шампуня,26.03.2024,3,,,,,"р.0,00","р.500,00","р.500,00"
2495,Доход,Услуга,Безнал,Стрижка старшего мастера,26.03.2024,3,42gbcz2671723,3,Поисковые запросы в Яндексе,"0,05","р.275,00","р.5 500,00","р.5 225,00"
2496,Доход,Услуга,Безнал,Стрижка и укладка,26.03.2024,3,,,,,"р.0,00","р.4 500,00","р.4 500,00"
2497,Доход,Услуга,Безнал,Стрижка и укладка,26.03.2024,3,,,,,"р.0,00","р.4 500,00","р.4 500,00"
2498,Доход,Товар,Безнал,Продажа шампуня,26.03.2024,3,,,,,"р.0,00","р.500,00","р.500,00"
2499,Доход,Услуга,Безнал,Обычная стрижка,26.03.2024,3,,,,,"р.0,00","р.3 500,00","р.3 500,00"
2500,Доход,Услуга,Безнал,Стрижка старшего мастера,26.03.2024,3,,,,,"р.0,00","р.5 500,00","р.5 500,00"
2501,Доход,Услуга,Безнал,Стрижка и укладка,26.03.2024,3,,,,,"р.0,00","р.4 500,00","р.4 500,00"
2502,Расход,Товар,Безнал,Закупка резинок,26.03.2024,3,,,,,"р.0,00","р.500,00","р.500,00"
2503,Доход,Услуга,Безнал,Стрижка старшего мастера,26.03.2024,3,,,,,"р.0,00","р.5 500,00","р.5 500,00"
2504,Доход,Услуга,Безнал,Стрижка старшего мастера,26.03.2024,3,,,,,"р.0,00","р.5 500,00","р.5 500,00"
2505,Расход,Товар,Наличные,Закупка полотенец,26.03.2024,3,,,,,"р.0,00","р.1 000,00","р.1 000,00"
2506,Расход,Товар,Наличные,Прочие расходы,26.03.2024,3,,,,,"р.0,00","р.300,00","р.300,00"
2507,Доход,Услуга,Безнал,Стрижка и укладка,26.03.2024,3,,,,,"р.0,00","р.4 500,00","р.4 500,00"
2508,Доход,Услуга,Наличные,Обычная стрижка,26.03.2024,3,42gbcz1938051,5,Посты в VK,"0,15","р.525,00","р.3 500,00","р.2 975,00"
2509,Доход,Услуга,Безнал,Обычная стрижка,26.03.2024,3,42gbcz3189003,5,Посты в VK,"0,15","р.525,00","р.3 500,00","р.2 975,00"
2510,Доход,Услуга,Наличные,Стрижка и укладка,26.03.2024,3,,,,,"р.0,00","р.4 500,00","р.4 500,00"
2511,Доход,Услуга,Безнал,Стрижка и укладка,26.03.2024,3,,,,,"р.0,00","р.4 500,00","р.4 500,00"
2512,Доход,Услуга,Безнал,Стрижка старшего мастера,26.03.2024,3,42gbcz448440,5,Посты в VK,"0,15","р.825,00","р.5 500,00","р.4 675,00"
2513,Доход,Услуга,Безнал,Стрижка старшего мастера,26.03.2024,3,42gbcz1279299,1,Обещаем скидки,"0,10","р.550,00","р.5 500,00","р.4 950,00"
2514,Доход,Товар,Безнал,Продажа геля,26.03.2024,3,,,,,"р.0,00","р.300,00","р.300,00"
2515,Доход,Товар,Безнал,Продажа шампуня,26.03.2024,3,,,,,"р.0,00","р.500,00","р.500,00"
2516,Доход,Услуга,Безнал,Стрижка старшего мастера,26.03.2024,3,,,,,"р.0,00","р.5 500,00","р.5 500,00"
2517,Доход,Товар,Безнал,Продажа шампуня,26.03.2024,3,,,,,"р.0,00","р.500,00","р.500,00"
2518,Доход,Услуга,Безнал,Обычная стрижка,27.03.2024,3,,,,,"р.0,00","р.3 500,00","р.3 500,00"
2519,Доход,Услуга,Безнал,Стрижка и укладка,27.03.2024,3,,,,,"р.0,00","р.4 500,00","р.4 500,00"
2520,Доход,Услуга,Безнал,Обычная стрижка,27.03.2024,3,,,,,"р.0,00","р.3 500,00","р.3 500,00"
2521,Доход,Товар,Безнал,Продажа шампуня,27.03.2024,3,,,,,"р.0,00","р.500,00","р.500,00"
2522,Расход,Товар,Безнал,Прочие расходы,27.03.2024,3,,,,,"р.0,00","р.300,00","р.300,00"
2523,Доход,Товар,Безнал,Продажа шампуня и кондиционера,27.03.2024,3,,,,,"р.0,00","р.1 000,00","р.1 000,00"
2524,Расход,Товар,Безнал,Прочие расходы,27.03.2024,3,,,,,"р.0,00","р.300,00","р.300,00"
2525,Доход,Услуга,Безнал,Стрижка и укладка,27.03.2024,3,,,,,"р.0,00","р.4 500,00","р.4 500,00"
2526,Доход,Услуга,Безнал,Стрижка старшего мастера,27.03.2024,3,,,,,"р.0,00","р.5 500,00","р.5 500,00"
2527,Доход,Услуга,Безнал,Стрижка и укладка,27.03.2024,3,42gbcz2933929,3,Поисковые запросы в Яндексе,"0,05","р.225,00","р.4 500,00","р.4 275,00"
2528,Доход,Услуга,Безнал,Стрижка и укладка,27.03.2024,3,,,,,"р.0,00","р.4 500,00","р.4 500,00"
2529,Доход,Услуга,Безнал,Обычная стрижка,27.03.2024,3,,,,,"р.0,00","р.3 500,00","р.3 500,00"
2530,Доход,Услуга,Безнал,Стрижка старшего мастера,27.03.2024,3,,,,,"р.0,00","р.5 500,00","р.5 500,00"
2531,Доход,Услуга,Безнал,Стрижка старшего мастера,27.03.2024,3,,,,,"р.0,00","р.5 500,00","р.5 500,00"
2532,Доход,Услуга,Безнал,Стрижка и укладка,27.03.2024,3,42gbcz1270766,2,Поисковые запросы в Гугле,"0,10","р.450,00","р.4 500,00","р.4 050,00"
2533,Доход,Услуга,Безнал,Стрижка и укладка,27.03.2024,3,42gbcz3099569,4,Посты в Telegram,"0,50","р.2 250,00","р.4 500,00","р.2 250,00"
2534,Доход,Товар,Безнал,Продажа шампуня,27.03.2024,3,,,,,"р.0,00","р.500,00","р.500,00"
2535,Доход,Услуга,Безнал,Обычная стрижка,27.03.2024,3,,,,,"р.0,00","р.3 500,00","р.3 500,00"
2536,Доход,Услуга,Безнал,Стрижка старшего мастера,27.03.2024,3,42gbcz432984,2,Поисковые запросы в Гугле,"0,10","р.550,00","р.5 500,00","р.4 950,00"
2537,Доход,Товар,Безнал,Продажа шампуня,27.03.2024,3,,,,,"р.0,00","р.500,00","р.500,00"
2538,Доход,Услуга,Безнал,Стрижка старшего мастера,27.03.2024,3,42gbcz1651516,4,Посты в Telegram,"0,50","р.2 750,00","р.5 500,00","р.2 750,00"
2539,Доход,Услуга,Безнал,Обычная стрижка,27.03.2024,3,42gbcz363404,4,Посты в Telegram,"0,50","р.1 750,00","р.3 500,00","р.1 750,00"
2540,Доход,Товар,Безнал,Продажа шампуня и кондиционера,27.03.2024,3,,,,,"р.0,00","р.1 000,00","р.1 000,00"
2541,Доход,Услуга,Безнал,Обычная стрижка,27.03.2024,3,,,,,"р.0,00","р.3 500,00","р.3 500,00"
2542,Расход,Товар,Безнал,Закупка полотенец,27.03.2024,3,,,,,"р.0,00","р.1 000,00","р.1 000,00"
2543,Доход,Услуга,Безнал,Обычная стрижка,27.03.2024,3,,,,,"р.0,00","р.3 500,00","р.3 500,00"
2544,Расход,Товар,Безнал,Закупка резинок,27.03.2024,3,,,,,"р.0,00","р.500,00","р.500,00"
2545,Доход,Услуга,Безнал,Стрижка старшего мастера,27.03.2024,3,,,,,"р.0,00","р.5 500,00","р.5 500,00"
2546,Доход,Услуга,Наличные,Обычная стрижка,27.03.2024,3,,,,,"р.0,00","р.3 500,00","р.3 500,00"
2547,Доход,Услуга,Наличные,Стрижка старшего мастера,27.03.2024,3,,,,,"р.0,00","р.5 500,00","р.5 500,00"
2548,Доход,Товар,Безнал,Продажа шампуня,28.03.2024,3,,,,,"р.0,00","р.500,00","р.500,00"
2549,Доход,Услуга,Безнал,Обычная стрижка,28.03.2024,3,,,,,"р.0,00","р.3 500,00","р.3 500,00"
2550,Доход,Услуга,Безнал,Обычная стрижка,28.03.2024,3,,,,,"р.0,00","р.3 500,00","р.3 500,00"
2551,Доход,Товар,Безнал,Продажа геля,28.03.2024,3,42gbcz2888620,6,Реклама в VK,"0,20","р.60,00","р.300,00","р.240,00"
2552,Доход,Услуга,Безнал,Стрижка старшего мастера,28.03.2024,3,42gbcz789185,6,Реклама в VK,"0,20","р.1 100,00","р.5 500,00","р.4 400,00"
2553,Доход,Услуга,Безнал,Обычная стрижка,28.03.2024,3,,,,,"р.0,00","р.3 500,00","р.3 500,00"
2554,Расход,Товар,Безнал,Прочие расходы,28.03.2024,3,,,,,"р.0,00","р.300,00","р.300,00"
2555,Доход,Услуга,Безнал,Обычная стрижка,28.03.2024,3,,,,,"р.0,00","р.3 500,00","р.3 500,00"
2556,Доход,Товар,Безнал,Продажа шампуня и кондиционера,28.03.2024,3,,,,,"р.0,00","р.1 000,00","р.1 000,00"
2557,Расход,Товар,Безнал,Закупка резинок,28.03.2024,3,,,,,"р.0,00","р.500,00","р.500,00"
2558,Доход,Услуга,Безнал,Стрижка и укладка,28.03.2024,3,42gbcz3051081,7,Сторис в VK,"0,15","р.675,00","р.4 500,00","р.3 825,00"
2559,Расход,Товар,Наличные,Прочие расходы,28.03.2024,3,,,,,"р.0,00","р.300,00","р.300,00"
2560,Доход,Услуга,Безнал,Стрижка и укладка,28.03.2024,3,,,,,"р.0,00","р.4 500,00","р.4 500,00"
2561,Доход,Товар,Безнал,Продажа шампуня и кондиционера,28.03.2024,3,,,,,"р.0,00","р.1 000,00","р.1 000,00"
2562,Доход,Услуга,Безнал,Стрижка и укладка,28.03.2024,3,,,,,"р.0,00","р.4 500,00","р.4 500,00"
2563,Доход,Услуга,Безнал,Стрижка старшего мастера,28.03.2024,3,,,,,"р.0,00","р.5 500,00","р.5 500,00"
2564,Доход,Услуга,Безнал,Обычная стрижка,28.03.2024,3,42gbcz3020020,7,Сторис в VK,"0,15","р.525,00","р.3 500,00","р.2 975,00"
2565,Доход,Товар,Безнал,Продажа шампуня,28.03.2024,3,,,,,"р.0,00","р.500,00","р.500,00"
2566,Расход,Товар,Безнал,Закупка полотенец,28.03.2024,3,,,,,"р.0,00","р.1 000,00","р.1 000,00"
2567,Доход,Товар,Безнал,Продажа шампуня,28.03.2024,3,,,,,"р.0,00","р.500,00","р.500,00"
2568,Доход,Услуга,Безнал,Обычная стрижка,28.03.2024,3,,,,,"р.0,00","р.3 500,00","р.3 500,00"
2569,Доход,Услуга,Безнал,Обычная стрижка,28.03.2024,3,42gbcz2683934,1,Обещаем скидки,"0,10","р.350,00","р.3 500,00","р.3 150,00"
2570,Доход,Услуга,Безнал,Стрижка и укладка,28.03.2024,3,42gbcz2621644,4,Посты в Telegram,"0,50","р.2 250,00","р.4 500,00","р.2 250,00"
2571,Расход,Товар,Безнал,Закупка полотенец,28.03.2024,3,,,,,"р.0,00","р.1 000,00","р.1 000,00"
2572,Доход,Услуга,Безнал,Стрижка и укладка,28.03.2024,3,,,,,"р.0,00","р.4 500,00","р.4 500,00"
2573,Доход,Услуга,Безнал,Стрижка старшего мастера,28.03.2024,3,,,,,"р.0,00","р.5 500,00","р.5 500,00"
2574,Доход,Услуга,Безнал,Обычная стрижка,28.03.2024,3,42gbcz911625,3,Поисковые запросы в Яндексе,"0,05","р.175,00","р.3 500,00","р.3 325,00"
2575,Доход,Услуга,Безнал,Стрижка старшего мастера,28.03.2024,3,,,,,"р.0,00","р.5 500,00","р.5 500,00"
2576,Доход,Товар,Безнал,Продажа шампуня,28.03.2024,3,,,,,"р.0,00","р.500,00","р.500,00"
2577,Доход,Товар,Безнал,Продажа шампуня и кондиционера,28.03.2024,3,,,,,"р.0,00","р.1 000,00","р.1 000,00"
2578,Доход,Услуга,Безнал,Стрижка старшего мастера,29.03.2024,3,,,,,"р.0,00","р.5 500,00","р.5 500,00"
2579,Доход,Услуга,Безнал,Стрижка старшего мастера,29.03.2024,3,,,,,"р.0,00","р.5 500,00","р.5 500,00"
2580,Доход,Товар,Безнал,Продажа шампуня,29.03.2024,3,,,,,"р.0,00","р.500,00","р.500,00"
2581,Доход,Услуга,Безнал,Стрижка и укладка,29.03.2024,3,42gbcz1021196,3,Поисковые запросы в Яндексе,"0,05","р.225,00","р.4 500,00","р.4 275,00"
2582,Доход,Товар,Безнал,Продажа шампуня,29.03.2024,3,,,,,"р.0,00","р.500,00","р.500,00"
2583,Доход,Услуга,Безнал,Стрижка старшего мастера,29.03.2024,3,,,,,"р.0,00","р.5 500,00","р.5 500,00"
2584,Доход,Услуга,Безнал,Стрижка старшего мастера,29.03.2024,3,,,,,"р.0,00","р.5 500,00","р.5 500,00"
2585,Доход,Товар,Наличные,Продажа шампуня и кондиционера,29.03.2024,3,,,,,"р.0,00","р.1 000,00","р.1 000,00"
2586,Доход,Услуга,Безнал,Стрижка и укладка,29.03.2024,3,,,,,"р.0,00","р.4 500,00","р.4 500,00"
2587,Доход,Услуга,Безнал,Стрижка старшего мастера,29.03.2024,3,,,,,"р.0,00","р.5 500,00","р.5 500,00"
2588,Доход,Услуга,Безнал,Обычная стрижка,29.03.2024,3,,,,,"р.0,00","р.3 500,00","р.3 500,00"
2589,Доход,Товар,Наличные,Продажа шампуня и кондиционера,29.03.2024,3,,,,,"р.0,00","р.1 000,00","р.1 000,00"
2590,Доход,Услуга,Безнал,Стрижка и укладка,29.03.2024,3,,,,,"р.0,00","р.4 500,00","р.4 500,00"
2591,Доход,Услуга,Безнал,Обычная стрижка,29.03.2024,3,,,,,"р.0,00","р.3 500,00","р.3 500,00"
2592,Доход,Услуга,Безнал,Стрижка старшего мастера,29.03.2024,3,,,,,"р.0,00","р.5 500,00","р.5 500,00"
2593,Доход,Услуга,Безнал,Обычная стрижка,29.03.2024,3,42gbcz108947,6,Реклама в VK,"0,20","р.700,00","р.3 500,00","р.2 800,00"
2594,Доход,Товар,Безнал,Продажа шампуня,29.03.2024,3,,,,,"р.0,00","р.500,00","р.500,00"
2595,Доход,Услуга,Безнал,Обычная стрижка,29.03.2024,3,42gbcz676166,5,Посты в VK,"0,15","р.525,00","р.3 500,00","р.2 975,00"
2596,Доход,Услуга,Безнал,Обычная стрижка,29.03.2024,3,42gbcz1735887,1,Обещаем скидки,"0,10","р.350,00","р.3 500,00","р.3 150,00"
2597,Расход,Товар,Безнал,Прочие расходы,29.03.2024,3,,,,,"р.0,00","р.300,00","р.300,00"
2598,Доход,Товар,Безнал,Продажа шампуня,29.03.2024,3,,,,,"р.0,00","р.500,00","р.500,00"
2599,Доход,Товар,Безнал,Продажа шампуня и кондиционера,29.03.2024,3,,,,,"р.0,00","р.1 000,00","р.1 000,00"
2600,Доход,Услуга,Безнал,Обычная стрижка,29.03.2024,3,,,,,"р.0,00","р.3 500,00","р.3 500,00"
2601,Расход,Товар,Безнал,Закупка резинок,29.03.2024,3,,,,,"р.0,00","р.500,00","р.500,00"
2602,Доход,Товар,Безнал,Продажа шампуня,29.03.2024,3,,,,,"р.0,00","р.500,00","р.500,00"
2603,Доход,Товар,Наличные,Продажа геля,29.03.2024,3,,,,,"р.0,00","р.300,00","р.300,00"
2604,Расход,Товар,Безнал,Закупка резинок,29.03.2024,3,,,,,"р.0,00","р.500,00","р.500,00"
2605,Доход,Услуга,Безнал,Стрижка и укладка,29.03.2024,3,,,,,"р.0,00","р.4 500,00","р.4 500,00"
2606,Доход,Услуга,Безнал,Стрижка и укладка,29.03.2024,3,,,,,"р.0,00","р.4 500,00","р.4 500,00"
2607,Доход,Товар,Безнал,Продажа шампуня,29.03.2024,3,,,,,"р.0,00","р.500,00","р.500,00"
2608,Доход,Услуга,Наличные,Стрижка старшего мастера,30.03.2024,3,,,,,"р.0,00","р.5 500,00","р.5 500,00"
2609,Доход,Услуга,Безнал,Стрижка и укладка,30.03.2024,3,,,,,"р.0,00","р.4 500,00","р.4 500,00"
2610,Расход,Товар,Безнал,Закупка резинок,30.03.2024,3,,,,,"р.0,00","р.500,00","р.500,00"
2611,Доход,Товар,Наличные,Продажа геля,30.03.2024,3,,,,,"р.0,00","р.300,00","р.300,00"
2612,Доход,Услуга,Безнал,Стрижка старшего мастера,30.03.2024,3,42gbcz559278,3,Поисковые запросы в Яндексе,"0,05","р.275,00","р.5 500,00","р.5 225,00"
2613,Расход,Товар,Безнал,Закупка резинок,30.03.2024,3,,,,,"р.0,00","р.500,00","р.500,00"
2614,Расход,Товар,Безнал,Закупка полотенец,30.03.2024,3,,,,,"р.0,00","р.1 000,00","р.1 000,00"
2615,Доход,Услуга,Безнал,Стрижка старшего мастера,30.03.2024,3,,,,,"р.0,00","р.5 500,00","р.5 500,00"
2616,Доход,Услуга,Наличные,Стрижка старшего мастера,30.03.2024,3,,,,,"р.0,00","р.5 500,00","р.5 500,00"
2617,Доход,Услуга,Безнал,Стрижка и укладка,30.03.2024,3,,,,,"р.0,00","р.4 500,00","р.4 500,00"
2618,Доход,Услуга,Безнал,Стрижка старшего мастера,30.03.2024,3,,,,,"р.0,00","р.5 500,00","р.5 500,00"
2619,Доход,Услуга,Безнал,Стрижка и укладка,30.03.2024,3,,,,,"р.0,00","р.4 500,00","р.4 500,00"
2620,Доход,Услуга,Безнал,Стрижка и укладка,30.03.2024,3,,,,,"р.0,00","р.4 500,00","р.4 500,00"
2621,Доход,Услуга,Безнал,Стрижка старшего мастера,30.03.2024,3,,,,,"р.0,00","р.5 500,00","р.5 500,00"
2622,Доход,Услуга,Безнал,Стрижка старшего мастера,30.03.2024,3,,,,,"р.0,00","р.5 500,00","р.5 500,00"
2623,Доход,Услуга,Безнал,Обычная стрижка,30.03.2024,3,,,,,"р.0,00","р.3 500,00","р.3 500,00"
2624,Доход,Услуга,Наличные,Стрижка старшего мастера,30.03.2024,3,,,,,"р.0,00","р.5 500,00","р.5 500,00"
2625,Доход,Услуга,Безнал,Стрижка и укладка,30.03.2024,3,42gbcz2510800,5,Посты в VK,"0,15","р.675,00","р.4 500,00","р.3 825,00"
2626,Доход,Услуга,Безнал,Стрижка старшего мастера,30.03.2024,3,,,,,"р.0,00","р.5 500,00","р.5 500,00"
2627,Расход,Услуга,Безнал,Рекламный бюджет,30.03.2024,3,,,,,"р.0,00","р.50 000,00","р.50 000,00"
2628,Доход,Услуга,Безнал,Стрижка и укладка,30.03.2024,3,,,,,"р.0,00","р.4 500,00","р.4 500,00"
2629,Доход,Услуга,Безнал,Обычная стрижка,30.03.2024,3,,,,,"р.0,00","р.3 500,00","р.3 500,00"
2630,Доход,Услуга,Наличные,Стрижка старшего мастера,30.03.2024,3,42gbcz3115108,4,Посты в Telegram,"0,50","р.2 750,00","р.5 500,00","р.2 750,00"
2631,Доход,Услуга,Безнал,Обычная стрижка,30.03.2024,3,,,,,"р.0,00","р.3 500,00","р.3 500,00"
2632,Доход,Услуга,Безнал,Обычная стрижка,30.03.2024,3,,,,,"р.0,00","р.3 500,00","р.3 500,00"
2633,Доход,Услуга,Безнал,Стрижка старшего мастера,30.03.2024,3,,,,,"р.0,00","р.5 500,00","р.5 500,00"
2634,Доход,Услуга,Безнал,Стрижка и укладка,30.03.2024,3,,,,,"р.0,00","р.4 500,00","р.4 500,00"
2635,Доход,Услуга,Безнал,Стрижка старшего мастера,30.03.2024,3,,,,,"р.0,00","р.5 500,00","р.5 500,00"
2636,Доход,Услуга,Наличные,Стрижка и укладка,30.03.2024,3,,,,,"р.0,00","р.4 500,00","р.4 500,00"
2637,Доход,Услуга,Наличные,Стрижка и укладка,30.03.2024,3,,,,,"р.0,00","р.4 500,00","р.4 500,00"
2638,Доход,Услуга,Безнал,Обычная стрижка,31.03.2024,3,,,,,"р.0,00","р.3 500,00","р.3 500,00"
2639,Доход,Услуга,Безнал,Стрижка старшего мастера,31.03.2024,3,,,,,"р.0,00","р.5 500,00","р.5 500,00"
2640,Доход,Услуга,Наличные,Обычная стрижка,31.03.2024,3,,,,,"р.0,00","р.3 500,00","р.3 500,00"
2641,Расход,Товар,Безнал,Закупка полотенец,31.03.2024,3,,,,,"р.0,00","р.1 000,00","р.1 000,00"
2642,Расход,Товар,Безнал,Закупка полотенец,31.03.2024,3,,,,,"р.0,00","р.1 000,00","р.1 000,00"
2643,Доход,Услуга,Безнал,Обычная стрижка,31.03.2024,3,,,,,"р.0,00","р.3 500,00","р.3 500,00"
2644,Доход,Услуга,Наличные,Стрижка старшего мастера,31.03.2024,3,42gbcz2233002,7,Сторис в VK,"0,15","р.825,00","р.5 500,00","р.4 675,00"
2645,Доход,Услуга,Безнал,Обычная стрижка,31.03.2024,3,42gbcz1346546,7,Сторис в VK,"0,15","р.525,00","р.3 500,00","р.2 975,00"
2646,Доход,Услуга,Безнал,Стрижка старшего мастера,31.03.2024,3,,,,,"р.0,00","р.5 500,00","р.5 500,00"
2647,Доход,Товар,Безнал,Продажа шампуня и кондиционера,31.03.2024,3,,,,,"р.0,00","р.1 000,00","р.1 000,00"
2648,Доход,Услуга,Наличные,Обычная стрижка,31.03.2024,3,,,,,"р.0,00","р.3 500,00","р.3 500,00"
2649,Доход,Услуга,Безнал,Обычная стрижка,31.03.2024,3,,,,,"р.0,00","р.3 500,00","р.3 500,00"
2650,Доход,Услуга,Безнал,Обычная стрижка,31.03.2024,3,,,,,"р.0,00","р.3 500,00","р.3 500,00"
2651,Доход,Услуга,Безнал,Стрижка старшего мастера,31.03.2024,3,,,,,"р.0,00","р.5 500,00","р.5 500,00"
2652,Доход,Услуга,Безнал,Обычная стрижка,31.03.2024,3,,,,,"р.0,00","р.3 500,00","р.3 500,00"
2653,Доход,Услуга,Безнал,Обычная стрижка,31.03.2024,3,,,,,"р.0,00","р.3 500,00","р.3 500,00"
2654,Расход,Товар,Безнал,Закупка полотенец,31.03.2024,3,,,,,"р.0,00","р.1 000,00","р.1 000,00"
2655,Доход,Услуга,Безнал,Стрижка старшего мастера,31.03.2024,3,,,,,"р.0,00","р.5 500,00","р.5 500,00"
2656,Доход,Услуга,Безнал,Стрижка и укладка,31.03.2024,3,42gbcz574542,6,Реклама в VK,"0,20","р.900,00","р.4 500,00","р.3 600,00"
2657,Доход,Услуга,Безнал,Стрижка и укладка,31.03.2024,3,,,,,"р.0,00","р.4 500,00","р.4 500,00"
2658,Доход,Услуга,Безнал,Стрижка и укладка,31.03.2024,3,42gbcz2416797,5,Посты в VK,"0,15","р.675,00","р.4 500,00","р.3 825,00"
2659,Доход,Услуга,Безнал,Стрижка и укладка,31.03.2024,3,,,,,"р.0,00","р.4 500,00","р.4 500,00"
2660,Расход,Товар,Безнал,Закупка полотенец,31.03.2024,3,,,,,"р.0,00","р.1 000,00","р.1 000,00"
2661,Доход,Услуга,Безнал,Стрижка и укладка,31.03.2024,3,42gbcz2896547,1,Обещаем скидки,"0,10","р.450,00","р.4 500,00","р.4 050,00"
2662,Доход,Товар,Безнал,Продажа шампуня,31.03.2024,3,,,,,"р.0,00","р.500,00","р.500,00"
2663,Доход,Услуга,Наличные,Стрижка и укладка,31.03.2024,3,,,,,"р.0,00","р.4 500,00","р.4 500,00"
2664,Доход,Услуга,Безнал,Стрижка старшего мастера,31.03.2024,3,,,,,"р.0,00","р.5 500,00","р.5 500,00"
2665,Доход,Товар,Безнал,Продажа шампуня и кондиционера,31.03.2024,3,,,,,"р.0,00","р.1 000,00","р.1 000,00"
2666,Доход,Услуга,Безнал,Обычная стрижка,31.03.2024,3,,,,,"р.0,00","р.3 500,00","р.3 500,00"
2667,Доход,Услуга,Безнал,Стрижка и укладка,31.03.2024,3,,,,,"р.0,00","р.4 500,00","р.4 500,00"
2668,Доход,Услуга,Безнал,Обычная стрижка,31.03.2024,3,42gbcz745459,2,Поисковые запросы в Гугле,"0,10","р.350,00","р.3 500,00","р.3 150,00"
2669,Доход,Товар,Безнал,Продажа шампуня,01.04.2024,4,,,,,"р.0,00","р.500,00","р.500,00"
2670,Доход,Услуга,Наличные,Стрижка и укладка,01.04.2024,4,,,,,"р.0,00","р.4 500,00","р.4 500,00"
2671,Расход,Товар,Безнал,Закупка полотенец,01.04.2024,4,,,,,"р.0,00","р.1 000,00","р.1 000,00"
2672,Доход,Услуга,Безнал,Стрижка и укладка,01.04.2024,4,,,,,"р.0,00","р.4 500,00","р.4 500,00"
2673,Доход,Услуга,Безнал,Обычная стрижка,01.04.2024,4,,,,,"р.0,00","р.3 500,00","р.3 500,00"
2674,Расход,Товар,Безнал,Прочие расходы,01.04.2024,4,,,,,"р.0,00","р.300,00","р.300,00"
2675,Доход,Услуга,Безнал,Стрижка и укладка,01.04.2024,4,,,,,"р.0,00","р.4 500,00","р.4 500,00"
2676,Доход,Услуга,Безнал,Стрижка старшего мастера,01.04.2024,4,,,,,"р.0,00","р.5 500,00","р.5 500,00"
2677,Доход,Услуга,Безнал,Стрижка старшего мастера,01.04.2024,4,,,,,"р.0,00","р.5 500,00","р.5 500,00"
2678,Доход,Услуга,Наличные,Стрижка старшего мастера,01.04.2024,4,,,,,"р.0,00","р.5 500,00","р.5 500,00"
2679,Расход,Товар,Безнал,Закупка полотенец,01.04.2024,4,,,,,"р.0,00","р.1 000,00","р.1 000,00"
2680,Доход,Услуга,Безнал,Стрижка старшего мастера,01.04.2024,4,,,,,"р.0,00","р.5 500,00","р.5 500,00"
2681,Доход,Услуга,Безнал,Стрижка и укладка,01.04.2024,4,,,,,"р.0,00","р.4 500,00","р.4 500,00"
2682,Доход,Услуга,Наличные,Стрижка и укладка,01.04.2024,4,,,,,"р.0,00","р.4 500,00","р.4 500,00"
2683,Доход,Товар,Безнал,Продажа шампуня и кондиционера,01.04.2024,4,,,,,"р.0,00","р.1 000,00","р.1 000,00"
2684,Доход,Товар,Безнал,Продажа шампуня,01.04.2024,4,,,,,"р.0,00","р.500,00","р.500,00"
2685,Доход,Услуга,Безнал,Стрижка старшего мастера,01.04.2024,4,,,,,"р.0,00","р.5 500,00","р.5 500,00"
2686,Доход,Товар,Безнал,Продажа геля,01.04.2024,4,,,,,"р.0,00","р.300,00","р.300,00"
2687,Доход,Товар,Безнал,Продажа шампуня и кондиционера,01.04.2024,4,,,,,"р.0,00","р.1 000,00","р.1 000,00"
2688,Доход,Услуга,Безнал,Обычная стрижка,01.04.2024,4,,,,,"р.0,00","р.3 500,00","р.3 500,00"
2689,Доход,Товар,Безнал,Продажа шампуня и кондиционера,01.04.2024,4,,,,,"р.0,00","р.1 000,00","р.1 000,00"
2690,Доход,Услуга,Безнал,Стрижка старшего мастера,01.04.2024,4,,,,,"р.0,00","р.5 500,00","р.5 500,00"
2691,Доход,Услуга,Безнал,Стрижка и укладка,01.04.2024,4,42gbcz211174,4,Посты в Telegram,"0,50","р.2 250,00","р.4 500,00","р.2 250,00"
2692,Доход,Услуга,Наличные,Обычная стрижка,01.04.2024,4,,,,,"р.0,00","р.3 500,00","р.3 500,00"
2693,Доход,Услуга,Безнал,Обычная стрижка,01.04.2024,4,,,,,"р.0,00","р.3 500,00","р.3 500,00"
2694,Доход,Услуга,Наличные,Стрижка и укладка,01.04.2024,4,,,,,"р.0,00","р.4 500,00","р.4 500,00"
2695,Доход,Услуга,Наличные,Стрижка старшего мастера,02.04.2024,4,,,,,"р.0,00","р.5 500,00","р.5 500,00"
2696,Расход,Товар,Безнал,Закупка резинок,02.04.2024,4,,,,,"р.0,00","р.500,00","р.500,00"
2697,Доход,Услуга,Безнал,Обычная стрижка,02.04.2024,4,,,,,"р.0,00","р.3 500,00","р.3 500,00"
2698,Доход,Услуга,Безнал,Стрижка и укладка,02.04.2024,4,,,,,"р.0,00","р.4 500,00","р.4 500,00"
2699,Доход,Услуга,Безнал,Стрижка и укладка,02.04.2024,4,,,,,"р.0,00","р.4 500,00","р.4 500,00"
2700,Расход,Товар,Безнал,Закупка полотенец,02.04.2024,4,,,,,"р.0,00","р.1 000,00","р.1 000,00"
2701,Доход,Услуга,Безнал,Стрижка старшего мастера,02.04.2024,4,42gbcz1057829,3,Поисковые запросы в Яндексе,"0,05","р.275,00","р.5 500,00","р.5 225,00"
2702,Доход,Услуга,Безнал,Стрижка старшего мастера,02.04.2024,4,,,,,"р.0,00","р.5 500,00","р.5 500,00"
2703,Доход,Услуга,Безнал,Обычная стрижка,02.04.2024,4,42gbcz3643868,3,Поисковые запросы в Яндексе,"0,05","р.175,00","р.3 500,00","р.3 325,00"
2704,Доход,Услуга,Безнал,Обычная стрижка,02.04.2024,4,,,,,"р.0,00","р.3 500,00","р.3 500,00"
2705,Доход,Товар,Безнал,Продажа шампуня,02.04.2024,4,,,,,"р.0,00","р.500,00","р.500,00"
2706,Доход,Услуга,Наличные,Стрижка старшего мастера,02.04.2024,4,42gbcz638331,2,Поисковые запросы в Гугле,"0,10","р.550,00","р.5 500,00","р.4 950,00"
2707,Доход,Услуга,Безнал,Стрижка старшего мастера,02.04.2024,4,42gbcz2191879,7,Сторис в VK,"0,15","р.825,00","р.5 500,00","р.4 675,00"
2708,Доход,Услуга,Безнал,Обычная стрижка,02.04.2024,4,,,,,"р.0,00","р.3 500,00","р.3 500,00"
2709,Доход,Услуга,Безнал,Стрижка старшего мастера,02.04.2024,4,,,,,"р.0,00","р.5 500,00","р.5 500,00"
2710,Доход,Товар,Безнал,Продажа шампуня,02.04.2024,4,,,,,"р.0,00","р.500,00","р.500,00"
2711,Доход,Услуга,Безнал,Стрижка и укладка,02.04.2024,4,,,,,"р.0,00","р.4 500,00","р.4 500,00"
2712,Доход,Услуга,Безнал,Стрижка старшего мастера,02.04.2024,4,42gbcz1776891,2,Поисковые запросы в Гугле,"0,10","р.550,00","р.5 500,00","р.4 950,00"
2713,Доход,Услуга,Безнал,Обычная стрижка,02.04.2024,4,,,,,"р.0,00","р.3 500,00","р.3 500,00"
2714,Доход,Услуга,Наличные,Обычная стрижка,02.04.2024,4,,,,,"р.0,00","р.3 500,00","р.3 500,00"
2715,Доход,Услуга,Безнал,Стрижка и укладка,02.04.2024,4,,,,,"р.0,00","р.4 500,00","р.4 500,00"
2716,Доход,Услуга,Безнал,Обычная стрижка,02.04.2024,4,,,,,"р.0,00","р.3 500,00","р.3 500,00"
2717,Доход,Услуга,Безнал,Обычная стрижка,02.04.2024,4,,,,,"р.0,00","р.3 500,00","р.3 500,00"
2718,Расход,Товар,Безнал,Прочие расходы,02.04.2024,4,,,,,"р.0,00","р.300,00","р.300,00"
2719,Доход,Услуга,Безнал,Обычная стрижка,02.04.2024,4,,,,,"р.0,00","р.3 500,00","р.3 500,00"
2720,Доход,Услуга,Безнал,Обычная стрижка,02.04.2024,4,42gbcz2059392,1,Обещаем скидки,"0,10","р.350,00","р.3 500,00","р.3 150,00"
2721,Доход,Услуга,Безнал,Обычная стрижка,03.04.2024,4,,,,,"р.0,00","р.3 500,00","р.3 500,00"
2722,Доход,Товар,Безнал,Продажа геля,03.04.2024,4,,,,,"р.0,00","р.300,00","р.300,00"
2723,Доход,Услуга,Безнал,Стрижка старшего мастера,03.04.2024,4,,,,,"р.0,00","р.5 500,00","р.5 500,00"
2724,Доход,Услуга,Безнал,Стрижка старшего мастера,03.04.2024,4,,,,,"р.0,00","р.5 500,00","р.5 500,00"
2725,Расход,Товар,Безнал,Закупка полотенец,03.04.2024,4,,,,,"р.0,00","р.1 000,00","р.1 000,00"
2726,Доход,Услуга,Безнал,Обычная стрижка,03.04.2024,4,,,,,"р.0,00","р.3 500,00","р.3 500,00"
2727,Доход,Товар,Безнал,Продажа геля,03.04.2024,4,,,,,"р.0,00","р.300,00","р.300,00"
2728,Расход,Товар,Безнал,Закупка полотенец,03.04.2024,4,,,,,"р.0,00","р.1 000,00","р.1 000,00"
2729,Доход,Услуга,Безнал,Стрижка и укладка,03.04.2024,4,42gbcz1804175,2,Поисковые запросы в Гугле,"0,10","р.450,00","р.4 500,00","р.4 050,00"
2730,Доход,Услуга,Безнал,Стрижка и укладка,03.04.2024,4,42gbcz2942725,5,Посты в VK,"0,15","р.675,00","р.4 500,00","р.3 825,00"
2731,Доход,Услуга,Безнал,Стрижка и укладка,03.04.2024,4,,,,,"р.0,00","р.4 500,00","р.4 500,00"
2732,Доход,Услуга,Безнал,Стрижка старшего мастера,03.04.2024,4,,,,,"р.0,00","р.5 500,00","р.5 500,00"
2733,Доход,Услуга,Безнал,Стрижка старшего мастера,03.04.2024,4,42gbcz1810843,4,Посты в Telegram,"0,50","р.2 750,00","р.5 500,00","р.2 750,00"
2734,Доход,Услуга,Безнал,Обычная стрижка,03.04.2024,4,,,,,"р.0,00","р.3 500,00","р.3 500,00"
2735,Доход,Услуга,Безнал,Стрижка старшего мастера,03.04.2024,4,,,,,"р.0,00","р.5 500,00","р.5 500,00"
2736,Расход,Товар,Безнал,Закупка резинок,03.04.2024,4,,,,,"р.0,00","р.500,00","р.500,00"
2737,Доход,Товар,Безнал,Продажа шампуня и кондиционера,03.04.2024,4,,,,,"р.0,00","р.1 000,00","р.1 000,00"
2738,Доход,Товар,Безнал,Продажа шампуня и кондиционера,03.04.2024,4,,,,,"р.0,00","р.1 000,00","р.1 000,00"
2739,Доход,Услуга,Безнал,Обычная стрижка,03.04.2024,4,,,,,"р.0,00","р.3 500,00","р.3 500,00"
2740,Доход,Товар,Наличные,Продажа шампуня,03.04.2024,4,,,,,"р.0,00","р.500,00","р.500,00"
2741,Доход,Услуга,Безнал,Обычная стрижка,03.04.2024,4,,,,,"р.0,00","р.3 500,00","р.3 500,00"
2742,Доход,Услуга,Безнал,Обычная стрижка,03.04.2024,4,,,,,"р.0,00","р.3 500,00","р.3 500,00"
2743,Расход,Товар,Безнал,Закупка резинок,03.04.2024,4,,,,,"р.0,00","р.500,00","р.500,00"
2744,Доход,Услуга,Безнал,Обычная стрижка,03.04.2024,4,,,,,"р.0,00","р.3 500,00","р.3 500,00"
2745,Расход,Товар,Безнал,Прочие расходы,03.04.2024,4,,,,,"р.0,00","р.300,00","р.300,00"
2746,Доход,Товар,Безнал,Продажа шампуня,03.04.2024,4,,,,,"р.0,00","р.500,00","р.500,00"
2747,Доход,Услуга,Безнал,Стрижка старшего мастера,04.04.2024,4,,,,,"р.0,00","р.5 500,00","р.5 500,00"
2748,Расход,Услуга,Безнал,Рекламный бюджет,04.04.2024,4,,,,,"р.0,00","р.50 000,00","р.50 000,00"
2749,Доход,Услуга,Безнал,Обычная стрижка,04.04.2024,4,,,,,"р.0,00","р.3 500,00","р.3 500,00"
2750,Доход,Услуга,Безнал,Стрижка и укладка,04.04.2024,4,,,,,"р.0,00","р.4 500,00","р.4 500,00"
2751,Доход,Услуга,Безнал,Обычная стрижка,04.04.2024,4,,,,,"р.0,00","р.3 500,00","р.3 500,00"
2752,Доход,Товар,Безнал,Продажа геля,04.04.2024,4,,,,,"р.0,00","р.300,00","р.300,00"
2753,Доход,Услуга,Безнал,Стрижка старшего мастера,04.04.2024,4,,,,,"р.0,00","р.5 500,00","р.5 500,00"
2754,Доход,Товар,Наличные,Продажа шампуня,04.04.2024,4,,,,,"р.0,00","р.500,00","р.500,00"
2755,Доход,Услуга,Безнал,Обычная стрижка,04.04.2024,4,,,,,"р.0,00","р.3 500,00","р.3 500,00"
2756,Расход,Товар,Наличные,Прочие расходы,04.04.2024,4,,,,,"р.0,00","р.300,00","р.300,00"
2757,Расход,Товар,Безнал,Прочие расходы,04.04.2024,4,,,,,"р.0,00","р.300,00","р.300,00"
2758,Доход,Услуга,Наличные,Стрижка старшего мастера,04.04.2024,4,,,,,"р.0,00","р.5 500,00","р.5 500,00"
2759,Расход,Товар,Безнал,Закупка резинок,04.04.2024,4,,,,,"р.0,00","р.500,00","р.500,00"
2760,Расход,Товар,Безнал,Закупка полотенец,04.04.2024,4,,,,,"р.0,00","р.1 000,00","р.1 000,00"
2761,Доход,Услуга,Безнал,Обычная стрижка,04.04.2024,4,,,,,"р.0,00","р.3 500,00","р.3 500,00"
2762,Доход,Услуга,Безнал,Стрижка и укладка,04.04.2024,4,,,,,"р.0,00","р.4 500,00","р.4 500,00"
2763,Доход,Товар,Наличные,Продажа шампуня,04.04.2024,4,,,,,"р.0,00","р.500,00","р.500,00"
2764,Доход,Услуга,Наличные,Стрижка старшего мастера,04.04.2024,4,,,,,"р.0,00","р.5 500,00","р.5 500,00"
2765,Доход,Услуга,Безнал,Обычная стрижка,04.04.2024,4,,,,,"р.0,00","р.3 500,00","р.3 500,00"
2766,Доход,Услуга,Безнал,Обычная стрижка,04.04.2024,4,,,,,"р.0,00","р.3 500,00","р.3 500,00"
2767,Доход,Услуга,Безнал,Обычная стрижка,04.04.2024,4,,,,,"р.0,00","р.3 500,00","р.3 500,00"
2768,Расход,Товар,Наличные,Прочие расходы,04.04.2024,4,,,,,"р.0,00","р.300,00","р.300,00"
2769,Доход,Товар,Безнал,Продажа шампуня и кондиционера,04.04.2024,4,,,,,"р.0,00","р.1 000,00","р.1 000,00"
2770,Доход,Услуга,Безнал,Обычная стрижка,04.04.2024,4,,,,,"р.0,00","р.3 500,00","р.3 500,00"
2771,Доход,Услуга,Наличные,Стрижка старшего мастера,04.04.2024,4,,,,,"р.0,00","р.5 500,00","р.5 500,00"
2772,Доход,Услуга,Безнал,Обычная стрижка,04.04.2024,4,,,,,"р.0,00","р.3 500,00","р.3 500,00"
2773,Доход,Услуга,Безнал,Стрижка и укладка,05.04.2024,4,,,,,"р.0,00","р.4 500,00","р.4 500,00"
2774,Доход,Товар,Наличные,Продажа шампуня,05.04.2024,4,,,,,"р.0,00","р.500,00","р.500,00"
2775,Расход,Услуга,Безнал,Зарплата,05.04.2024,4,,,,,"р.0,00","р.82 500,00","р.82 500,00"
2776,Расход,Услуга,Безнал,Зарплата,05.04.2024,4,,,,,"р.0,00","р.82 500,00","р.82 500,00"
2777,Расход,Услуга,Безнал,Зарплата,05.04.2024,4,,,,,"р.0,00","р.82 500,00","р.82 500,00"
2778,Расход,Услуга,Безнал,Зарплата,05.04.2024,4,,,,,"р.0,00","р.82 500,00","р.82 500,00"
2779,Расход,Услуга,Безнал,Зарплата,05.04.2024,4,,,,,"р.0,00","р.82 500,00","р.82 500,00"
2780,Расход,Услуга,Безнал,Зарплата,05.04.2024,4,,,,,"р.0,00","р.82 500,00","р.82 500,00"
2781,Расход,Услуга,Безнал,Зарплата,05.04.2024,4,,,,,"р.0,00","р.82 500,00","р.82 500,00"
2782,Расход,Услуга,Безнал,Зарплата,05.04.2024,4,,,,,"р.0,00","р.82 500,00","р.82 500,00"
2783,Расход,Услуга,Безнал,Бухгалтерия и РКО,05.04.2024,4,,,,,"р.0,00","р.15 000,00","р.15 000,00"
2784,Расход,Услуга,Безнал,Эквайринг,05.04.2024,4,,,,,"р.0,00","р.56 700,00","р.56 700,00"
2785,Доход,Услуга,Наличные,Стрижка старшего мастера,05.04.2024,4,,,,,"р.0,00","р.5 500,00","р.5 500,00"
2786,Доход,Товар,Наличные,Продажа шампуня и кондиционера,05.04.2024,4,,,,,"р.0,00","р.1 000,00","р.1 000,00"
2787,Расход,Товар,Безнал,Закупка резинок,05.04.2024,4,,,,,"р.0,00","р.500,00","р.500,00"
2788,Доход,Услуга,Безнал,Обычная стрижка,05.04.2024,4,,,,,"р.0,00","р.3 500,00","р.3 500,00"
2789,Расход,Товар,Безнал,Прочие расходы,05.04.2024,4,,,,,"р.0,00","р.300,00","р.300,00"
2790,Доход,Услуга,Безнал,Обычная стрижка,05.04.2024,4,42gbcz841292,6,Реклама в VK,"0,20","р.700,00","р.3 500,00","р.2 800,00"
2791,Доход,Услуга,Безнал,Стрижка старшего мастера,05.04.2024,4,,,,,"р.0,00","р.5 500,00","р.5 500,00"
2792,Доход,Услуга,Безнал,Стрижка и укладка,05.04.2024,4,,,,,"р.0,00","р.4 500,00","р.4 500,00"
2793,Расход,Товар,Безнал,Прочие расходы,05.04.2024,4,,,,,"р.0,00","р.300,00","р.300,00"
2794,Доход,Услуга,Безнал,Стрижка старшего мастера,05.04.2024,4,,,,,"р.0,00","р.5 500,00","р.5 500,00"
2795,Доход,Услуга,Безнал,Обычная стрижка,05.04.2024,4,42gbcz755521,3,Поисковые запросы в Яндексе,"0,05","р.175,00","р.3 500,00","р.3 325,00"
2796,Доход,Услуга,Безнал,Стрижка и укладка,05.04.2024,4,,,,,"р.0,00","р.4 500,00","р.4 500,00"
2797,Расход,Товар,Безнал,Закупка резинок,05.04.2024,4,,,,,"р.0,00","р.500,00","р.500,00"
2798,Доход,Услуга,Безнал,Стрижка и укладка,05.04.2024,4,,,,,"р.0,00","р.4 500,00","р.4 500,00"
2799,Доход,Услуга,Безнал,Стрижка старшего мастера,06.04.2024,4,,,,,"р.0,00","р.5 500,00","р.5 500,00"
2800,Доход,Товар,Безнал,Продажа шампуня,06.04.2024,4,,,,,"р.0,00","р.500,00","р.500,00"
2801,Доход,Услуга,Безнал,Стрижка старшего мастера,06.04.2024,4,,,,,"р.0,00","р.5 500,00","р.5 500,00"
2802,Доход,Товар,Безнал,Продажа геля,06.04.2024,4,,,,,"р.0,00","р.300,00","р.300,00"
2803,Доход,Услуга,Безнал,Обычная стрижка,06.04.2024,4,,,,,"р.0,00","р.3 500,00","р.3 500,00"
2804,Доход,Услуга,Наличные,Обычная стрижка,06.04.2024,4,,,,,"р.0,00","р.3 500,00","р.3 500,00"
2805,Доход,Услуга,Безнал,Стрижка старшего мастера,06.04.2024,4,,,,,"р.0,00","р.5 500,00","р.5 500,00"
2806,Доход,Услуга,Безнал,Стрижка старшего мастера,06.04.2024,4,,,,,"р.0,00","р.5 500,00","р.5 500,00"
2807,Расход,Товар,Безнал,Прочие расходы,06.04.2024,4,,,,,"р.0,00","р.300,00","р.300,00"
2808,Доход,Услуга,Безнал,Стрижка и укладка,06.04.2024,4,,,,,"р.0,00","р.4 500,00","р.4 500,00"
2809,Доход,Услуга,Безнал,Обычная стрижка,06.04.2024,4,,,,,"р.0,00","р.3 500,00","р.3 500,00"
2810,Расход,Товар,Безнал,Закупка резинок,06.04.2024,4,,,,,"р.0,00","р.500,00","р.500,00"
2811,Доход,Услуга,Безнал,Обычная стрижка,06.04.2024,4,,,,,"р.0,00","р.3 500,00","р.3 500,00"
2812,Доход,Услуга,Наличные,Обычная стрижка,06.04.2024,4,,,,,"р.0,00","р.3 500,00","р.3 500,00"
2813,Доход,Товар,Безнал,Продажа геля,06.04.2024,4,,,,,"р.0,00","р.300,00","р.300,00"
2814,Доход,Услуга,Безнал,Стрижка старшего мастера,06.04.2024,4,,,,,"р.0,00","р.5 500,00","р.5 500,00"
2815,Доход,Услуга,Безнал,Обычная стрижка,06.04.2024,4,,,,,"р.0,00","р.3 500,00","р.3 500,00"
2816,Доход,Услуга,Наличные,Стрижка старшего мастера,06.04.2024,4,,,,,"р.0,00","р.5 500,00","р.5 500,00"
2817,Доход,Услуга,Безнал,Стрижка и укладка,06.04.2024,4,,,,,"р.0,00","р.4 500,00","р.4 500,00"
2818,Доход,Услуга,Безнал,Обычная стрижка,06.04.2024,4,,,,,"р.0,00","р.3 500,00","р.3 500,00"
2819,Доход,Услуга,Безнал,Стрижка и укладка,06.04.2024,4,,,,,"р.0,00","р.4 500,00","р.4 500,00"
2820,Доход,Услуга,Безнал,Обычная стрижка,06.04.2024,4,,,,,"р.0,00","р.3 500,00","р.3 500,00"
2821,Доход,Услуга,Безнал,Обычная стрижка,06.04.2024,4,,,,,"р.0,00","р.3 500,00","р.3 500,00"
2822,Расход,Товар,Безнал,Закупка полотенец,06.04.2024,4,,,,,"р.0,00","р.1 000,00","р.1 000,00"
2823,Доход,Товар,Безнал,Продажа шампуня,06.04.2024,4,,,,,"р.0,00","р.500,00","р.500,00"
2824,Доход,Услуга,Наличные,Стрижка старшего мастера,06.04.2024,4,,,,,"р.0,00","р.5 500,00","р.5 500,00"
2825,Доход,Услуга,Безнал,Стрижка и укладка,07.04.2024,4,,,,,"р.0,00","р.4 500,00","р.4 500,00"
2826,Доход,Услуга,Безнал,Обычная стрижка,07.04.2024,4,,,,,"р.0,00","р.3 500,00","р.3 500,00"
2827,Доход,Услуга,Безнал,Обычная стрижка,07.04.2024,4,,,,,"р.0,00","р.3 500,00","р.3 500,00"
2828,Доход,Услуга,Наличные,Стрижка и укладка,07.04.2024,4,,,,,"р.0,00","р.4 500,00","р.4 500,00"
2829,Доход,Услуга,Безнал,Стрижка старшего мастера,07.04.2024,4,,,,,"р.0,00","р.5 500,00","р.5 500,00"
2830,Доход,Услуга,Безнал,Обычная стрижка,07.04.2024,4,,,,,"р.0,00","р.3 500,00","р.3 500,00"
2831,Расход,Товар,Безнал,Закупка полотенец,07.04.2024,4,,,,,"р.0,00","р.1 000,00","р.1 000,00"
2832,Доход,Товар,Наличные,Продажа геля,07.04.2024,4,42gbcz3011764,7,Сторис в VK,"0,15","р.45,00","р.300,00","р.255,00"
2833,Доход,Услуга,Безнал,Стрижка и укладка,07.04.2024,4,,,,,"р.0,00","р.4 500,00","р.4 500,00"
2834,Доход,Товар,Безнал,Продажа геля,07.04.2024,4,,,,,"р.0,00","р.300,00","р.300,00"
2835,Доход,Услуга,Наличные,Обычная стрижка,07.04.2024,4,,,,,"р.0,00","р.3 500,00","р.3 500,00"
2836,Расход,Товар,Безнал,Прочие расходы,07.04.2024,4,,,,,"р.0,00","р.300,00","р.300,00"
2837,Доход,Услуга,Безнал,Обычная стрижка,07.04.2024,4,,,,,"р.0,00","р.3 500,00","р.3 500,00"
2838,Доход,Товар,Безнал,Продажа шампуня и кондиционера,07.04.2024,4,42gbcz2498155,7,Сторис в VK,"0,15","р.150,00","р.1 000,00","р.850,00"
2839,Доход,Услуга,Безнал,Стрижка и укладка,07.04.2024,4,,,,,"р.0,00","р.4 500,00","р.4 500,00"
2840,Доход,Услуга,Безнал,Обычная стрижка,07.04.2024,4,,,,,"р.0,00","р.3 500,00","р.3 500,00"
2841,Доход,Услуга,Безнал,Обычная стрижка,07.04.2024,4,,,,,"р.0,00","р.3 500,00","р.3 500,00"
2842,Доход,Услуга,Наличные,Стрижка старшего мастера,07.04.2024,4,,,,,"р.0,00","р.5 500,00","р.5 500,00"
2843,Доход,Услуга,Наличные,Обычная стрижка,07.04.2024,4,,,,,"р.0,00","р.3 500,00","р.3 500,00"
2844,Расход,Товар,Безнал,Закупка полотенец,07.04.2024,4,,,,,"р.0,00","р.1 000,00","р.1 000,00"
2845,Доход,Услуга,Наличные,Обычная стрижка,07.04.2024,4,,,,,"р.0,00","р.3 500,00","р.3 500,00"
2846,Доход,Услуга,Безнал,Стрижка и укладка,07.04.2024,4,,,,,"р.0,00","р.4 500,00","р.4 500,00"
2847,Доход,Услуга,Безнал,Стрижка и укладка,07.04.2024,4,,,,,"р.0,00","р.4 500,00","р.4 500,00"
2848,Доход,Услуга,Безнал,Обычная стрижка,07.04.2024,4,42gbcz1438127,6,Реклама в VK,"0,20","р.700,00","р.3 500,00","р.2 800,00"
2849,Доход,Услуга,Безнал,Стрижка и укладка,07.04.2024,4,,,,,"р.0,00","р.4 500,00","р.4 500,00"
2850,Расход,Товар,Безнал,Закупка резинок,07.04.2024,4,,,,,"р.0,00","р.500,00","р.500,00"
2851,Доход,Услуга,Безнал,Стрижка старшего мастера,08.04.2024,4,,,,,"р.0,00","р.5 500,00","р.5 500,00"
2852,Доход,Товар,Безнал,Продажа шампуня,08.04.2024,4,,,,,"р.0,00","р.500,00","р.500,00"
2853,Доход,Услуга,Безнал,Стрижка старшего мастера,08.04.2024,4,,,,,"р.0,00","р.5 500,00","р.5 500,00"
2854,Доход,Услуга,Наличные,Стрижка и укладка,08.04.2024,4,,,,,"р.0,00","р.4 500,00","р.4 500,00"
2855,Доход,Услуга,Безнал,Стрижка и укладка,08.04.2024,4,,,,,"р.0,00","р.4 500,00","р.4 500,00"
2856,Доход,Товар,Безнал,Продажа геля,08.04.2024,4,,,,,"р.0,00","р.300,00","р.300,00"
2857,Доход,Услуга,Безнал,Обычная стрижка,08.04.2024,4,,,,,"р.0,00","р.3 500,00","р.3 500,00"
2858,Доход,Товар,Наличные,Продажа шампуня и кондиционера,08.04.2024,4,,,,,"р.0,00","р.1 000,00","р.1 000,00"
2859,Доход,Услуга,Безнал,Обычная стрижка,08.04.2024,4,,,,,"р.0,00","р.3 500,00","р.3 500,00"
2860,Доход,Услуга,Наличные,Стрижка старшего мастера,08.04.2024,4,,,,,"р.0,00","р.5 500,00","р.5 500,00"
2861,Доход,Услуга,Наличные,Стрижка старшего мастера,08.04.2024,4,,,,,"р.0,00","р.5 500,00","р.5 500,00"
2862,Доход,Услуга,Безнал,Обычная стрижка,08.04.2024,4,42gbcz3332142,6,Реклама в VK,"0,20","р.700,00","р.3 500,00","р.2 800,00"
2863,Доход,Товар,Безнал,Продажа шампуня,08.04.2024,4,,,,,"р.0,00","р.500,00","р.500,00"
2864,Доход,Услуга,Безнал,Обычная стрижка,08.04.2024,4,,,,,"р.0,00","р.3 500,00","р.3 500,00"
2865,Доход,Услуга,Безнал,Стрижка и укладка,08.04.2024,4,,,,,"р.0,00","р.4 500,00","р.4 500,00"
2866,Доход,Услуга,Безнал,Стрижка старшего мастера,08.04.2024,4,42gbcz1135604,2,Поисковые запросы в Гугле,"0,10","р.550,00","р.5 500,00","р.4 950,00"
2867,Доход,Услуга,Безнал,Стрижка старшего мастера,08.04.2024,4,,,,,"р.0,00","р.5 500,00","р.5 500,00"
2868,Доход,Услуга,Безнал,Обычная стрижка,08.04.2024,4,,,,,"р.0,00","р.3 500,00","р.3 500,00"
2869,Доход,Услуга,Безнал,Стрижка и укладка,08.04.2024,4,,,,,"р.0,00","р.4 500,00","р.4 500,00"
2870,Доход,Услуга,Безнал,Стрижка старшего мастера,08.04.2024,4,,,,,"р.0,00","р.5 500,00","р.5 500,00"
2871,Доход,Товар,Наличные,Продажа шампуня и кондиционера,08.04.2024,4,,,,,"р.0,00","р.1 000,00","р.1 000,00"
2872,Доход,Услуга,Безнал,Стрижка старшего мастера,08.04.2024,4,,,,,"р.0,00","р.5 500,00","р.5 500,00"
2873,Доход,Товар,Безнал,Продажа шампуня,08.04.2024,4,,,,,"р.0,00","р.500,00","р.500,00"
2874,Доход,Услуга,Безнал,Обычная стрижка,08.04.2024,4,,,,,"р.0,00","р.3 500,00","р.3 500,00"
2875,Доход,Услуга,Безнал,Стрижка и укладка,08.04.2024,4,,,,,"р.0,00","р.4 500,00","р.4 500,00"
2876,Доход,Услуга,Безнал,Обычная стрижка,08.04.2024,4,42gbcz100626,6,Реклама в VK,"0,20","р.700,00","р.3 500,00","р.2 800,00"
2877,Доход,Товар,Безнал,Продажа шампуня и кондиционера,09.04.2024,4,42gbcz1598194,3,Поисковые запросы в Яндексе,"0,05","р.50,00","р.1 000,00","р.950,00"
2878,Доход,Товар,Безнал,Продажа геля,09.04.2024,4,42gbcz1806957,1,Обещаем скидки,"0,10","р.30,00","р.300,00","р.270,00"
2879,Расход,Товар,Безнал,Прочие расходы,09.04.2024,4,,,,,"р.0,00","р.300,00","р.300,00"
2880,Доход,Товар,Безнал,Продажа шампуня,09.04.2024,4,,,,,"р.0,00","р.500,00","р.500,00"
2881,Доход,Услуга,Безнал,Стрижка и укладка,09.04.2024,4,,,,,"р.0,00","р.4 500,00","р.4 500,00"
2882,Расход,Товар,Безнал,Прочие расходы,09.04.2024,4,,,,,"р.0,00","р.300,00","р.300,00"
2883,Доход,Услуга,Безнал,Стрижка и укладка,09.04.2024,4,,,,,"р.0,00","р.4 500,00","р.4 500,00"
2884,Расход,Товар,Безнал,Закупка резинок,09.04.2024,4,,,,,"р.0,00","р.500,00","р.500,00"
2885,Доход,Услуга,Наличные,Обычная стрижка,09.04.2024,4,,,,,"р.0,00","р.3 500,00","р.3 500,00"
2886,Доход,Услуга,Безнал,Стрижка и укладка,09.04.2024,4,,,,,"р.0,00","р.4 500,00","р.4 500,00"
2887,Доход,Услуга,Безнал,Стрижка старшего мастера,09.04.2024,4,,,,,"р.0,00","р.5 500,00","р.5 500,00"
2888,Доход,Услуга,Безнал,Обычная стрижка,09.04.2024,4,,,,,"р.0,00","р.3 500,00","р.3 500,00"
2889,Доход,Товар,Наличные,Продажа шампуня,09.04.2024,4,,,,,"р.0,00","р.500,00","р.500,00"
2890,Доход,Услуга,Наличные,Обычная стрижка,09.04.2024,4,,,,,"р.0,00","р.3 500,00","р.3 500,00"
2891,Доход,Услуга,Безнал,Стрижка старшего мастера,09.04.2024,4,,,,,"р.0,00","р.5 500,00","р.5 500,00"
2892,Доход,Услуга,Безнал,Стрижка старшего мастера,09.04.2024,4,,,,,"р.0,00","р.5 500,00","р.5 500,00"
2893,Доход,Услуга,Безнал,Стрижка и укладка,09.04.2024,4,,,,,"р.0,00","р.4 500,00","р.4 500,00"
2894,Доход,Услуга,Безнал,Стрижка старшего мастера,09.04.2024,4,,,,,"р.0,00","р.5 500,00","р.5 500,00"
2895,Доход,Услуга,Безнал,Стрижка старшего мастера,09.04.2024,4,,,,,"р.0,00","р.5 500,00","р.5 500,00"
2896,Доход,Услуга,Безнал,Обычная стрижка,09.04.2024,4,,,,,"р.0,00","р.3 500,00","р.3 500,00"
2897,Расход,Товар,Наличные,Закупка резинок,09.04.2024,4,,,,,"р.0,00","р.500,00","р.500,00"
2898,Доход,Услуга,Безнал,Стрижка и укладка,09.04.2024,4,,,,,"р.0,00","р.4 500,00","р.4 500,00"
2899,Доход,Услуга,Безнал,Обычная стрижка,09.04.2024,4,,,,,"р.0,00","р.3 500,00","р.3 500,00"
2900,Доход,Услуга,Безнал,Стрижка и укладка,09.04.2024,4,,,,,"р.0,00","р.4 500,00","р.4 500,00"
2901,Доход,Услуга,Безнал,Обычная стрижка,09.04.2024,4,,,,,"р.0,00","р.3 500,00","р.3 500,00"
2902,Доход,Услуга,Безнал,Стрижка и укладка,09.04.2024,4,,,,,"р.0,00","р.4 500,00","р.4 500,00"
2903,Расход,Товар,Наличные,Закупка резинок,10.04.2024,4,,,,,"р.0,00","р.500,00","р.500,00"
2904,Доход,Услуга,Безнал,Стрижка и укладка,10.04.2024,4,42gbcz2241778,1,Обещаем скидки,"0,10","р.450,00","р.4 500,00","р.4 050,00"
2905,Доход,Услуга,Безнал,Стрижка старшего мастера,10.04.2024,4,,,,,"р.0,00","р.5 500,00","р.5 500,00"
2906,Доход,Товар,Безнал,Продажа шампуня и кондиционера,10.04.2024,4,,,,,"р.0,00","р.1 000,00","р.1 000,00"
2907,Доход,Товар,Безнал,Продажа шампуня и кондиционера,10.04.2024,4,,,,,"р.0,00","р.1 000,00","р.1 000,00"
2908,Доход,Услуга,Безнал,Стрижка и укладка,10.04.2024,4,,,,,"р.0,00","р.4 500,00","р.4 500,00"
2909,Доход,Товар,Безнал,Продажа шампуня и кондиционера,10.04.2024,4,,,,,"р.0,00","р.1 000,00","р.1 000,00"
2910,Доход,Товар,Безнал,Продажа геля,10.04.2024,4,42gbcz1855642,2,Поисковые запросы в Гугле,"0,10","р.30,00","р.300,00","р.270,00"
2911,Доход,Услуга,Безнал,Стрижка старшего мастера,10.04.2024,4,,,,,"р.0,00","р.5 500,00","р.5 500,00"
2912,Доход,Товар,Безнал,Продажа геля,10.04.2024,4,,,,,"р.0,00","р.300,00","р.300,00"
2913,Доход,Услуга,Безнал,Стрижка и укладка,10.04.2024,4,,,,,"р.0,00","р.4 500,00","р.4 500,00"
2914,Доход,Услуга,Безнал,Обычная стрижка,10.04.2024,4,,,,,"р.0,00","р.3 500,00","р.3 500,00"
2915,Доход,Услуга,Безнал,Стрижка старшего мастера,10.04.2024,4,,,,,"р.0,00","р.5 500,00","р.5 500,00"
2916,Доход,Услуга,Безнал,Стрижка и укладка,10.04.2024,4,,,,,"р.0,00","р.4 500,00","р.4 500,00"
2917,Доход,Услуга,Безнал,Стрижка старшего мастера,10.04.2024,4,,,,,"р.0,00","р.5 500,00","р.5 500,00"
2918,Доход,Услуга,Безнал,Стрижка и укладка,10.04.2024,4,,,,,"р.0,00","р.4 500,00","р.4 500,00"
2919,Доход,Услуга,Безнал,Стрижка старшего мастера,10.04.2024,4,,,,,"р.0,00","р.5 500,00","р.5 500,00"
2920,Доход,Услуга,Безнал,Стрижка и укладка,10.04.2024,4,42gbcz3653421,1,Обещаем скидки,"0,10","р.450,00","р.4 500,00","р.4 050,00"
2921,Доход,Услуга,Наличные,Стрижка старшего мастера,10.04.2024,4,,,,,"р.0,00","р.5 500,00","р.5 500,00"
2922,Доход,Услуга,Безнал,Обычная стрижка,10.04.2024,4,,,,,"р.0,00","р.3 500,00","р.3 500,00"
2923,Доход,Товар,Безнал,Продажа шампуня,10.04.2024,4,,,,,"р.0,00","р.500,00","р.500,00"
2924,Доход,Услуга,Наличные,Стрижка старшего мастера,10.04.2024,4,,,,,"р.0,00","р.5 500,00","р.5 500,00"
2925,Доход,Услуга,Безнал,Стрижка старшего мастера,10.04.2024,4,,,,,"р.0,00","р.5 500,00","р.5 500,00"
2926,Доход,Услуга,Наличные,Стрижка старшего мастера,10.04.2024,4,,,,,"р.0,00","р.5 500,00","р.5 500,00"
2927,Доход,Услуга,Наличные,Обычная стрижка,10.04.2024,4,,,,,"р.0,00","р.3 500,00","р.3 500,00"
2928,Доход,Услуга,Безнал,Стрижка старшего мастера,10.04.2024,4,,,,,"р.0,00","р.5 500,00","р.5 500,00"
2929,Доход,Услуга,Безнал,Стрижка и укладка,11.04.2024,4,,,,,"р.0,00","р.4 500,00","р.4 500,00"
2930,Доход,Услуга,Наличные,Стрижка старшего мастера,11.04.2024,4,,,,,"р.0,00","р.5 500,00","р.5 500,00"
2931,Доход,Услуга,Безнал,Стрижка старшего мастера,11.04.2024,4,42gbcz1900914,3,Поисковые запросы в Яндексе,"0,05","р.275,00","р.5 500,00","р.5 225,00"
2932,Расход,Товар,Наличные,Прочие расходы,11.04.2024,4,,,,,"р.0,00","р.300,00","р.300,00"
2933,Доход,Товар,Безнал,Продажа шампуня и кондиционера,11.04.2024,4,42gbcz2210653,7,Сторис в VK,"0,15","р.150,00","р.1 000,00","р.850,00"
2934,Доход,Услуга,Безнал,Обычная стрижка,11.04.2024,4,,,,,"р.0,00","р.3 500,00","р.3 500,00"
2935,Доход,Услуга,Безнал,Стрижка старшего мастера,11.04.2024,4,,,,,"р.0,00","р.5 500,00","р.5 500,00"
2936,Доход,Товар,Наличные,Продажа шампуня,11.04.2024,4,,,,,"р.0,00","р.500,00","р.500,00"
2937,Доход,Услуга,Наличные,Стрижка и укладка,11.04.2024,4,,,,,"р.0,00","р.4 500,00","р.4 500,00"
2938,Расход,Товар,Безнал,Закупка полотенец,11.04.2024,4,,,,,"р.0,00","р.1 000,00","р.1 000,00"
2939,Доход,Услуга,Безнал,Обычная стрижка,11.04.2024,4,,,,,"р.0,00","р.3 500,00","р.3 500,00"
2940,Доход,Услуга,Наличные,Стрижка и укладка,11.04.2024,4,,,,,"р.0,00","р.4 500,00","р.4 500,00"
2941,Доход,Услуга,Безнал,Стрижка старшего мастера,11.04.2024,4,,,,,"р.0,00","р.5 500,00","р.5 500,00"
2942,Доход,Услуга,Безнал,Обычная стрижка,11.04.2024,4,,,,,"р.0,00","р.3 500,00","р.3 500,00"
2943,Доход,Товар,Безнал,Продажа шампуня и кондиционера,11.04.2024,4,,,,,"р.0,00","р.1 000,00","р.1 000,00"
2944,Доход,Услуга,Наличные,Стрижка старшего мастера,11.04.2024,4,,,,,"р.0,00","р.5 500,00","р.5 500,00"
2945,Доход,Товар,Безнал,Продажа шампуня,11.04.2024,4,,,,,"р.0,00","р.500,00","р.500,00"
2946,Доход,Услуга,Безнал,Обычная стрижка,11.04.2024,4,,,,,"р.0,00","р.3 500,00","р.3 500,00"
2947,Доход,Услуга,Безнал,Стрижка старшего мастера,11.04.2024,4,,,,,"р.0,00","р.5 500,00","р.5 500,00"
2948,Доход,Услуга,Наличные,Обычная стрижка,11.04.2024,4,,,,,"р.0,00","р.3 500,00","р.3 500,00"
2949,Доход,Услуга,Безнал,Стрижка и укладка,11.04.2024,4,,,,,"р.0,00","р.4 500,00","р.4 500,00"
2950,Доход,Услуга,Безнал,Стрижка и укладка,11.04.2024,4,,,,,"р.0,00","р.4 500,00","р.4 500,00"
2951,Доход,Услуга,Безнал,Стрижка старшего мастера,11.04.2024,4,,,,,"р.0,00","р.5 500,00","р.5 500,00"
2952,Доход,Услуга,Безнал,Обычная стрижка,11.04.2024,4,,,,,"р.0,00","р.3 500,00","р.3 500,00"
2953,Расход,Товар,Безнал,Прочие расходы,11.04.2024,4,,,,,"р.0,00","р.300,00","р.300,00"
2954,Доход,Товар,Безнал,Продажа шампуня,11.04.2024,4,,,,,"р.0,00","р.500,00","р.500,00"
2955,Доход,Услуга,Безнал,Обычная стрижка,12.04.2024,4,,,,,"р.0,00","р.3 500,00","р.3 500,00"
2956,Доход,Услуга,Безнал,Стрижка и укладка,12.04.2024,4,,,,,"р.0,00","р.4 500,00","р.4 500,00"
2957,Доход,Услуга,Безнал,Стрижка и укладка,12.04.2024,4,,,,,"р.0,00","р.4 500,00","р.4 500,00"
2958,Доход,Услуга,Наличные,Стрижка старшего мастера,12.04.2024,4,,,,,"р.0,00","р.5 500,00","р.5 500,00"
2959,Доход,Услуга,Безнал,Стрижка и укладка,12.04.2024,4,,,,,"р.0,00","р.4 500,00","р.4 500,00"
2960,Доход,Услуга,Безнал,Стрижка и укладка,12.04.2024,4,,,,,"р.0,00","р.4 500,00","р.4 500,00"
2961,Доход,Услуга,Безнал,Стрижка старшего мастера,12.04.2024,4,,,,,"р.0,00","р.5 500,00","р.5 500,00"
2962,Доход,Услуга,Безнал,Стрижка старшего мастера,12.04.2024,4,,,,,"р.0,00","р.5 500,00","р.5 500,00"
2963,Доход,Услуга,Безнал,Обычная стрижка,12.04.2024,4,,,,,"р.0,00","р.3 500,00","р.3 500,00"
2964,Доход,Услуга,Безнал,Обычная стрижка,12.04.2024,4,,,,,"р.0,00","р.3 500,00","р.3 500,00"
2965,Доход,Услуга,Безнал,Стрижка старшего мастера,12.04.2024,4,,,,,"р.0,00","р.5 500,00","р.5 500,00"
2966,Доход,Услуга,Безнал,Стрижка и укладка,12.04.2024,4,,,,,"р.0,00","р.4 500,00","р.4 500,00"
2967,Расход,Товар,Безнал,Прочие расходы,12.04.2024,4,,,,,"р.0,00","р.300,00","р.300,00"
2968,Расход,Товар,Наличные,Закупка резинок,12.04.2024,4,,,,,"р.0,00","р.500,00","р.500,00"
2969,Доход,Услуга,Безнал,Стрижка и укладка,12.04.2024,4,,,,,"р.0,00","р.4 500,00","р.4 500,00"
2970,Доход,Услуга,Наличные,Стрижка старшего мастера,12.04.2024,4,,,,,"р.0,00","р.5 500,00","р.5 500,00"
2971,Доход,Услуга,Безнал,Стрижка и укладка,12.04.2024,4,42gbcz620728,2,Поисковые запросы в Гугле,"0,10","р.450,00","р.4 500,00","р.4 050,00"
2972,Доход,Товар,Безнал,Продажа шампуня и кондиционера,12.04.2024,4,,,,,"р.0,00","р.1 000,00","р.1 000,00"
2973,Доход,Товар,Наличные,Продажа геля,12.04.2024,4,,,,,"р.0,00","р.300,00","р.300,00"
2974,Доход,Услуга,Безнал,Стрижка и укладка,12.04.2024,4,,,,,"р.0,00","р.4 500,00","р.4 500,00"
2975,Доход,Услуга,Безнал,Стрижка и укладка,12.04.2024,4,,,,,"р.0,00","р.4 500,00","р.4 500,00"
2976,Доход,Товар,Наличные,Продажа шампуня,12.04.2024,4,,,,,"р.0,00","р.500,00","р.500,00"
2977,Доход,Услуга,Безнал,Обычная стрижка,12.04.2024,4,,,,,"р.0,00","р.3 500,00","р.3 500,00"
2978,Доход,Товар,Безнал,Продажа шампуня и кондиционера,12.04.2024,4,,,,,"р.0,00","р.1 000,00","р.1 000,00"
2979,Расход,Товар,Безнал,Закупка резинок,12.04.2024,4,,,,,"р.0,00","р.500,00","р.500,00"
2980,Доход,Услуга,Безнал,Стрижка и укладка,12.04.2024,4,,,,,"р.0,00","р.4 500,00","р.4 500,00"
2981,Доход,Услуга,Наличные,Стрижка и укладка,13.04.2024,4,,,,,"р.0,00","р.4 500,00","р.4 500,00"
2982,Доход,Услуга,Наличные,Стрижка и укладка,13.04.2024,4,,,,,"р.0,00","р.4 500,00","р.4 500,00"
2983,Доход,Товар,Безнал,Продажа шампуня,13.04.2024,4,,,,,"р.0,00","р.500,00","р.500,00"
2984,Расход,Товар,Наличные,Закупка полотенец,13.04.2024,4,,,,,"р.0,00","р.1 000,00","р.1 000,00"
2985,Доход,Услуга,Безнал,Стрижка старшего мастера,13.04.2024,4,,,,,"р.0,00","р.5 500,00","р.5 500,00"
2986,Доход,Услуга,Безнал,Стрижка старшего мастера,13.04.2024,4,,,,,"р.0,00","р.5 500,00","р.5 500,00"
2987,Доход,Услуга,Наличные,Стрижка и укладка,13.04.2024,4,,,,,"р.0,00","р.4 500,00","р.4 500,00"
2988,Доход,Товар,Наличные,Продажа шампуня,13.04.2024,4,,,,,"р.0,00","р.500,00","р.500,00"
2989,Доход,Услуга,Безнал,Стрижка старшего мастера,13.04.2024,4,,,,,"р.0,00","р.5 500,00","р.5 500,00"
2990,Расход,Товар,Безнал,Закупка полотенец,13.04.2024,4,,,,,"р.0,00","р.1 000,00","р.1 000,00"
2991,Доход,Услуга,Наличные,Стрижка старшего мастера,13.04.2024,4,,,,,"р.0,00","р.5 500,00","р.5 500,00"
2992,Доход,Услуга,Безнал,Стрижка и укладка,13.04.2024,4,42gbcz2997451,2,Поисковые запросы в Гугле,"0,10","р.450,00","р.4 500,00","р.4 050,00"
2993,Доход,Товар,Безнал,Продажа шампуня и кондиционера,13.04.2024,4,,,,,"р.0,00","р.1 000,00","р.1 000,00"
2994,Доход,Услуга,Безнал,Стрижка и укладка,13.04.2024,4,,,,,"р.0,00","р.4 500,00","р.4 500,00"
2995,Доход,Услуга,Наличные,Обычная стрижка,13.04.2024,4,,,,,"р.0,00","р.3 500,00","р.3 500,00"
2996,Расход,Товар,Безнал,Закупка резинок,13.04.2024,4,,,,,"р.0,00","р.500,00","р.500,00"
2997,Доход,Услуга,Наличные,Обычная стрижка,13.04.2024,4,,,,,"р.0,00","р.3 500,00","р.3 500,00"
2998,Доход,Услуга,Безнал,Стрижка и укладка,13.04.2024,4,,,,,"р.0,00","р.4 500,00","р.4 500,00"
2999,Доход,Товар,Безнал,Продажа шампуня,13.04.2024,4,42gbcz322269,5,Посты в VK,"0,15","р.75,00","р.500,00","р.425,00"
3000,Доход,Услуга,Безнал,Стрижка старшего мастера,13.04.2024,4,,,,,"р.0,00","р.5 500,00","р.5 500,00"
3001,Доход,Товар,Безнал,Продажа геля,13.04.2024,4,,,,,"р.0,00","р.300,00","р.300,00"
3002,Доход,Услуга,Наличные,Обычная стрижка,13.04.2024,4,42gbcz2909384,3,Поисковые запросы в Яндексе,"0,05","р.175,00","р.3 500,00","р.3 325,00"
3003,Доход,Услуга,Наличные,Обычная стрижка,13.04.2024,4,,,,,"р.0,00","р.3 500,00","р.3 500,00"
3004,Доход,Услуга,Безнал,Обычная стрижка,13.04.2024,4,42gbcz2137010,7,Сторис в VK,"0,15","р.525,00","р.3 500,00","р.2 975,00"
3005,Доход,Услуга,Безнал,Стрижка старшего мастера,13.04.2024,4,42gbcz3674916,3,Поисковые запросы в Яндексе,"0,05","р.275,00","р.5 500,00","р.5 225,00"
3006,Доход,Услуга,Безнал,Обычная стрижка,13.04.2024,4,,,,,"р.0,00","р.3 500,00","р.3 500,00"
3007,Доход,Услуга,Безнал,Стрижка и укладка,14.04.2024,4,42gbcz1055518,4,Посты в Telegram,"0,50","р.2 250,00","р.4 500,00","р.2 250,00"
3008,Расход,Товар,Безнал,Прочие расходы,14.04.2024,4,,,,,"р.0,00","р.300,00","р.300,00"
3009,Доход,Услуга,Безнал,Обычная стрижка,14.04.2024,4,,,,,"р.0,00","р.3 500,00","р.3 500,00"
3010,Доход,Товар,Безнал,Продажа геля,14.04.2024,4,,,,,"р.0,00","р.300,00","р.300,00"
3011,Доход,Услуга,Безнал,Обычная стрижка,14.04.2024,4,,,,,"р.0,00","р.3 500,00","р.3 500,00"
3012,Доход,Услуга,Наличные,Стрижка и укладка,14.04.2024,4,42gbcz2972594,7,Сторис в VK,"0,15","р.675,00","р.4 500,00","р.3 825,00"
3013,Доход,Услуга,Безнал,Стрижка и укладка,14.04.2024,4,,,,,"р.0,00","р.4 500,00","р.4 500,00"
3014,Расход,Товар,Безнал,Закупка полотенец,14.04.2024,4,,,,,"р.0,00","р.1 000,00","р.1 000,00"
3015,Доход,Товар,Безнал,Продажа геля,14.04.2024,4,,,,,"р.0,00","р.300,00","р.300,00"
3016,Доход,Услуга,Безнал,Обычная стрижка,14.04.2024,4,,,,,"р.0,00","р.3 500,00","р.3 500,00"
3017,Доход,Услуга,Безнал,Обычная стрижка,14.04.2024,4,,,,,"р.0,00","р.3 500,00","р.3 500,00"
3018,Расход,Товар,Безнал,Закупка резинок,14.04.2024,4,,,,,"р.0,00","р.500,00","р.500,00"
3019,Доход,Услуга,Наличные,Стрижка и укладка,14.04.2024,4,42gbcz2656723,7,Сторис в VK,"0,15","р.675,00","р.4 500,00","р.3 825,00"
3020,Доход,Услуга,Безнал,Стрижка старшего мастера,14.04.2024,4,,,,,"р.0,00","р.5 500,00","р.5 500,00"
3021,Доход,Услуга,Безнал,Стрижка старшего мастера,14.04.2024,4,,,,,"р.0,00","р.5 500,00","р.5 500,00"
3022,Доход,Товар,Наличные,Продажа шампуня и кондиционера,14.04.2024,4,,,,,"р.0,00","р.1 000,00","р.1 000,00"
3023,Доход,Товар,Безнал,Продажа шампуня и кондиционера,14.04.2024,4,,,,,"р.0,00","р.1 000,00","р.1 000,00"
3024,Доход,Услуга,Наличные,Стрижка и укладка,14.04.2024,4,,,,,"р.0,00","р.4 500,00","р.4 500,00"
3025,Доход,Услуга,Безнал,Стрижка и укладка,14.04.2024,4,42gbcz252360,2,Поисковые запросы в Гугле,"0,10","р.450,00","р.4 500,00","р.4 050,00"
3026,Доход,Товар,Наличные,Продажа геля,14.04.2024,4,,,,,"р.0,00","р.300,00","р.300,00"
3027,Расход,Товар,Безнал,Закупка полотенец,14.04.2024,4,,,,,"р.0,00","р.1 000,00","р.1 000,00"
3028,Доход,Услуга,Наличные,Стрижка и укладка,14.04.2024,4,,,,,"р.0,00","р.4 500,00","р.4 500,00"
3029,Доход,Услуга,Безнал,Обычная стрижка,14.04.2024,4,42gbcz3638299,4,Посты в Telegram,"0,50","р.1 750,00","р.3 500,00","р.1 750,00"
3030,Доход,Услуга,Безнал,Стрижка и укладка,14.04.2024,4,,,,,"р.0,00","р.4 500,00","р.4 500,00"
3031,Доход,Услуга,Безнал,Стрижка старшего мастера,14.04.2024,4,,,,,"р.0,00","р.5 500,00","р.5 500,00"
3032,Доход,Услуга,Безнал,Обычная стрижка,14.04.2024,4,,,,,"р.0,00","р.3 500,00","р.3 500,00"
3033,Доход,Услуга,Безнал,Стрижка и укладка,15.04.2024,4,,,,,"р.0,00","р.4 500,00","р.4 500,00"
3034,Доход,Услуга,Безнал,Стрижка и укладка,15.04.2024,4,,,,,"р.0,00","р.4 500,00","р.4 500,00"
3035,Доход,Услуга,Безнал,Стрижка старшего мастера,15.04.2024,4,,,,,"р.0,00","р.5 500,00","р.5 500,00"
3036,Расход,Товар,Безнал,Закупка резинок,15.04.2024,4,,,,,"р.0,00","р.500,00","р.500,00"
3037,Доход,Товар,Безнал,Продажа шампуня и кондиционера,15.04.2024,4,,,,,"р.0,00","р.1 000,00","р.1 000,00"
3038,Доход,Услуга,Наличные,Стрижка старшего мастера,15.04.2024,4,42gbcz749732,6,Реклама в VK,"0,20","р.1 100,00","р.5 500,00","р.4 400,00"
3039,Расход,Товар,Безнал,Закупка полотенец,15.04.2024,4,,,,,"р.0,00","р.1 000,00","р.1 000,00"
3040,Доход,Услуга,Безнал,Стрижка и укладка,15.04.2024,4,42gbcz1983291,5,Посты в VK,"0,15","р.675,00","р.4 500,00","р.3 825,00"
3041,Расход,Товар,Наличные,Прочие расходы,15.04.2024,4,,,,,"р.0,00","р.300,00","р.300,00"
3042,Расход,Товар,Безнал,Закупка резинок,15.04.2024,4,,,,,"р.0,00","р.500,00","р.500,00"
3043,Доход,Услуга,Безнал,Стрижка и укладка,15.04.2024,4,,,,,"р.0,00","р.4 500,00","р.4 500,00"
3044,Доход,Услуга,Наличные,Стрижка и укладка,15.04.2024,4,,,,,"р.0,00","р.4 500,00","р.4 500,00"
3045,Доход,Услуга,Наличные,Стрижка старшего мастера,15.04.2024,4,,,,,"р.0,00","р.5 500,00","р.5 500,00"
3046,Доход,Товар,Безнал,Продажа шампуня и кондиционера,15.04.2024,4,,,,,"р.0,00","р.1 000,00","р.1 000,00"
3047,Доход,Услуга,Безнал,Стрижка и укладка,15.04.2024,4,,,,,"р.0,00","р.4 500,00","р.4 500,00"
3048,Доход,Услуга,Безнал,Обычная стрижка,15.04.2024,4,,,,,"р.0,00","р.3 500,00","р.3 500,00"
3049,Доход,Товар,Наличные,Продажа шампуня,15.04.2024,4,,,,,"р.0,00","р.500,00","р.500,00"
3050,Доход,Услуга,Безнал,Стрижка и укладка,15.04.2024,4,,,,,"р.0,00","р.4 500,00","р.4 500,00"
3051,Доход,Услуга,Безнал,Стрижка старшего мастера,15.04.2024,4,42gbcz2190807,4,Посты в Telegram,"0,50","р.2 750,00","р.5 500,00","р.2 750,00"
3052,Доход,Товар,Безнал,Продажа шампуня,15.04.2024,4,,,,,"р.0,00","р.500,00","р.500,00"
3053,Доход,Услуга,Безнал,Стрижка старшего мастера,15.04.2024,4,,,,,"р.0,00","р.5 500,00","р.5 500,00"
3054,Доход,Товар,Безнал,Продажа шампуня и кондиционера,15.04.2024,4,,,,,"р.0,00","р.1 000,00","р.1 000,00"
3055,Доход,Услуга,Безнал,Стрижка старшего мастера,15.04.2024,4,42gbcz1063849,2,Поисковые запросы в Гугле,"0,10","р.550,00","р.5 500,00","р.4 950,00"
3056,Доход,Услуга,Безнал,Стрижка и укладка,15.04.2024,4,,,,,"р.0,00","р.4 500,00","р.4 500,00"
3057,Доход,Услуга,Безнал,Обычная стрижка,15.04.2024,4,,,,,"р.0,00","р.3 500,00","р.3 500,00"
3058,Доход,Услуга,Безнал,Стрижка старшего мастера,15.04.2024,4,,,,,"р.0,00","р.5 500,00","р.5 500,00"
3059,Доход,Услуга,Безнал,Стрижка и укладка,16.04.2024,4,,,,,"р.0,00","р.4 500,00","р.4 500,00"
3060,Доход,Услуга,Безнал,Стрижка старшего мастера,16.04.2024,4,,,,,"р.0,00","р.5 500,00","р.5 500,00"
3061,Доход,Товар,Безнал,Продажа шампуня,16.04.2024,4,,,,,"р.0,00","р.500,00","р.500,00"
3062,Доход,Услуга,Безнал,Обычная стрижка,16.04.2024,4,,,,,"р.0,00","р.3 500,00","р.3 500,00"
3063,Доход,Услуга,Безнал,Стрижка старшего мастера,16.04.2024,4,,,,,"р.0,00","р.5 500,00","р.5 500,00"
3064,Расход,Услуга,Безнал,Рекламный бюджет,16.04.2024,4,,,,,"р.0,00","р.50 000,00","р.50 000,00"
3065,Доход,Услуга,Безнал,Обычная стрижка,16.04.2024,4,,,,,"р.0,00","р.3 500,00","р.3 500,00"
3066,Доход,Услуга,Безнал,Стрижка старшего мастера,16.04.2024,4,,,,,"р.0,00","р.5 500,00","р.5 500,00"
3067,Доход,Услуга,Безнал,Обычная стрижка,16.04.2024,4,,,,,"р.0,00","р.3 500,00","р.3 500,00"
3068,Доход,Услуга,Наличные,Стрижка старшего мастера,16.04.2024,4,,,,,"р.0,00","р.5 500,00","р.5 500,00"
3069,Доход,Товар,Безнал,Продажа шампуня,16.04.2024,4,,,,,"р.0,00","р.500,00","р.500,00"
3070,Доход,Услуга,Безнал,Стрижка и укладка,16.04.2024,4,,,,,"р.0,00","р.4 500,00","р.4 500,00"
3071,Доход,Услуга,Безнал,Стрижка старшего мастера,16.04.2024,4,,,,,"р.0,00","р.5 500,00","р.5 500,00"
3072,Доход,Услуга,Безнал,Стрижка старшего мастера,16.04.2024,4,,,,,"р.0,00","р.5 500,00","р.5 500,00"
3073,Доход,Услуга,Безнал,Обычная стрижка,16.04.2024,4,42gbcz139161,5,Посты в VK,"0,15","р.525,00","р.3 500,00","р.2 975,00"
3074,Доход,Услуга,Безнал,Стрижка старшего мастера,16.04.2024,4,,,,,"р.0,00","р.5 500,00","р.5 500,00"
3075,Доход,Товар,Безнал,Продажа геля,16.04.2024,4,,,,,"р.0,00","р.300,00","р.300,00"
3076,Доход,Услуга,Безнал,Стрижка и укладка,16.04.2024,4,42gbcz1531983,7,Сторис в VK,"0,15","р.675,00","р.4 500,00","р.3 825,00"
3077,Расход,Товар,Безнал,Прочие расходы,16.04.2024,4,,,,,"р.0,00","р.300,00","р.300,00"
3078,Доход,Услуга,Безнал,Стрижка старшего мастера,16.04.2024,4,,,,,"р.0,00","р.5 500,00","р.5 500,00"
3079,Доход,Услуга,Безнал,Обычная стрижка,16.04.2024,4,,,,,"р.0,00","р.3 500,00","р.3 500,00"
3080,Доход,Услуга,Наличные,Обычная стрижка,16.04.2024,4,42gbcz1899417,6,Реклама в VK,"0,20","р.700,00","р.3 500,00","р.2 800,00"
3081,Расход,Товар,Безнал,Прочие расходы,16.04.2024,4,,,,,"р.0,00","р.300,00","р.300,00"
3082,Доход,Услуга,Безнал,Обычная стрижка,16.04.2024,4,,,,,"р.0,00","р.3 500,00","р.3 500,00"
3083,Доход,Услуга,Безнал,Стрижка и укладка,16.04.2024,4,,,,,"р.0,00","р.4 500,00","р.4 500,00"
3084,Доход,Услуга,Безнал,Стрижка и укладка,16.04.2024,4,,,,,"р.0,00","р.4 500,00","р.4 500,00"
3085,Доход,Услуга,Безнал,Стрижка и укладка,17.04.2024,4,42gbcz2052640,6,Реклама в VK,"0,20","р.900,00","р.4 500,00","р.3 600,00"
3086,Доход,Услуга,Безнал,Обычная стрижка,17.04.2024,4,,,,,"р.0,00","р.3 500,00","р.3 500,00"
3087,Доход,Услуга,Наличные,Стрижка и укладка,17.04.2024,4,,,,,"р.0,00","р.4 500,00","р.4 500,00"
3088,Доход,Услуга,Наличные,Обычная стрижка,17.04.2024,4,,,,,"р.0,00","р.3 500,00","р.3 500,00"
3089,Доход,Услуга,Безнал,Стрижка и укладка,17.04.2024,4,,,,,"р.0,00","р.4 500,00","р.4 500,00"
3090,Доход,Услуга,Безнал,Стрижка и укладка,17.04.2024,4,,,,,"р.0,00","р.4 500,00","р.4 500,00"
3091,Доход,Услуга,Наличные,Обычная стрижка,17.04.2024,4,,,,,"р.0,00","р.3 500,00","р.3 500,00"
3092,Доход,Товар,Наличные,Продажа геля,17.04.2024,4,,,,,"р.0,00","р.300,00","р.300,00"
3093,Доход,Услуга,Безнал,Обычная стрижка,17.04.2024,4,,,,,"р.0,00","р.3 500,00","р.3 500,00"
3094,Расход,Товар,Безнал,Закупка полотенец,17.04.2024,4,,,,,"р.0,00","р.1 000,00","р.1 000,00"
3095,Доход,Товар,Наличные,Продажа геля,17.04.2024,4,,,,,"р.0,00","р.300,00","р.300,00"
3096,Расход,Товар,Безнал,Прочие расходы,17.04.2024,4,,,,,"р.0,00","р.300,00","р.300,00"
3097,Доход,Услуга,Наличные,Обычная стрижка,17.04.2024,4,,,,,"р.0,00","р.3 500,00","р.3 500,00"
3098,Доход,Товар,Безнал,Продажа шампуня и кондиционера,17.04.2024,4,,,,,"р.0,00","р.1 000,00","р.1 000,00"
3099,Расход,Товар,Безнал,Прочие расходы,17.04.2024,4,,,,,"р.0,00","р.300,00","р.300,00"
3100,Доход,Товар,Безнал,Продажа шампуня и кондиционера,17.04.2024,4,42gbcz3594236,1,Обещаем скидки,"0,10","р.100,00","р.1 000,00","р.900,00"
3101,Расход,Товар,Безнал,Закупка резинок,17.04.2024,4,,,,,"р.0,00","р.500,00","р.500,00"
3102,Доход,Услуга,Безнал,Стрижка старшего мастера,17.04.2024,4,,,,,"р.0,00","р.5 500,00","р.5 500,00"
3103,Доход,Услуга,Безнал,Стрижка старшего мастера,17.04.2024,4,42gbcz2600902,6,Реклама в VK,"0,20","р.1 100,00","р.5 500,00","р.4 400,00"
3104,Доход,Услуга,Безнал,Стрижка старшего мастера,17.04.2024,4,,,,,"р.0,00","р.5 500,00","р.5 500,00"
3105,Доход,Товар,Безнал,Продажа геля,17.04.2024,4,,,,,"р.0,00","р.300,00","р.300,00"
3106,Доход,Услуга,Безнал,Стрижка и укладка,17.04.2024,4,,,,,"р.0,00","р.4 500,00","р.4 500,00"
3107,Доход,Услуга,Наличные,Стрижка старшего мастера,17.04.2024,4,,,,,"р.0,00","р.5 500,00","р.5 500,00"
3108,Доход,Услуга,Безнал,Стрижка старшего мастера,17.04.2024,4,,,,,"р.0,00","р.5 500,00","р.5 500,00"
3109,Доход,Услуга,Безнал,Стрижка и укладка,17.04.2024,4,,,,,"р.0,00","р.4 500,00","р.4 500,00"
3110,Доход,Услуга,Безнал,Обычная стрижка,17.04.2024,4,,,,,"р.0,00","р.3 500,00","р.3 500,00"
3111,Доход,Услуга,Безнал,Стрижка и укладка,18.04.2024,4,,,,,"р.0,00","р.4 500,00","р.4 500,00"
3112,Доход,Услуга,Наличные,Обычная стрижка,18.04.2024,4,,,,,"р.0,00","р.3 500,00","р.3 500,00"
3113,Доход,Услуга,Безнал,Стрижка старшего мастера,18.04.2024,4,,,,,"р.0,00","р.5 500,00","р.5 500,00"
3114,Доход,Услуга,Безнал,Стрижка старшего мастера,18.04.2024,4,42gbcz2371026,7,Сторис в VK,"0,15","р.825,00","р.5 500,00","р.4 675,00"
3115,Доход,Товар,Безнал,Продажа шампуня и кондиционера,18.04.2024,4,,,,,"р.0,00","р.1 000,00","р.1 000,00"
3116,Доход,Услуга,Наличные,Стрижка и укладка,18.04.2024,4,,,,,"р.0,00","р.4 500,00","р.4 500,00"
3117,Доход,Услуга,Безнал,Стрижка старшего мастера,18.04.2024,4,,,,,"р.0,00","р.5 500,00","р.5 500,00"
3118,Расход,Товар,Наличные,Закупка резинок,18.04.2024,4,,,,,"р.0,00","р.500,00","р.500,00"
3119,Расход,Товар,Безнал,Закупка полотенец,18.04.2024,4,,,,,"р.0,00","р.1 000,00","р.1 000,00"
3120,Доход,Услуга,Безнал,Стрижка старшего мастера,18.04.2024,4,,,,,"р.0,00","р.5 500,00","р.5 500,00"
3121,Расход,Товар,Безнал,Прочие расходы,18.04.2024,4,,,,,"р.0,00","р.300,00","р.300,00"
3122,Доход,Услуга,Безнал,Стрижка старшего мастера,18.04.2024,4,,,,,"р.0,00","р.5 500,00","р.5 500,00"
3123,Доход,Услуга,Безнал,Обычная стрижка,18.04.2024,4,,,,,"р.0,00","р.3 500,00","р.3 500,00"
3124,Доход,Услуга,Безнал,Стрижка и укладка,18.04.2024,4,,,,,"р.0,00","р.4 500,00","р.4 500,00"
3125,Доход,Услуга,Безнал,Стрижка и укладка,18.04.2024,4,42gbcz648174,3,Поисковые запросы в Яндексе,"0,05","р.225,00","р.4 500,00","р.4 275,00"
3126,Расход,Товар,Безнал,Закупка полотенец,18.04.2024,4,,,,,"р.0,00","р.1 000,00","р.1 000,00"
3127,Доход,Товар,Безнал,Продажа шампуня и кондиционера,18.04.2024,4,,,,,"р.0,00","р.1 000,00","р.1 000,00"
3128,Расход,Товар,Безнал,Закупка резинок,18.04.2024,4,,,,,"р.0,00","р.500,00","р.500,00"
3129,Доход,Услуга,Безнал,Обычная стрижка,18.04.2024,4,,,,,"р.0,00","р.3 500,00","р.3 500,00"
3130,Доход,Услуга,Наличные,Стрижка старшего мастера,18.04.2024,4,,,,,"р.0,00","р.5 500,00","р.5 500,00"
3131,Доход,Услуга,Безнал,Стрижка старшего мастера,18.04.2024,4,,,,,"р.0,00","р.5 500,00","р.5 500,00"
3132,Доход,Услуга,Безнал,Стрижка старшего мастера,18.04.2024,4,,,,,"р.0,00","р.5 500,00","р.5 500,00"
3133,Доход,Услуга,Безнал,Стрижка и укладка,18.04.2024,4,,,,,"р.0,00","р.4 500,00","р.4 500,00"
3134,Доход,Товар,Безнал,Продажа шампуня,18.04.2024,4,,,,,"р.0,00","р.500,00","р.500,00"
3135,Доход,Услуга,Безнал,Стрижка и укладка,18.04.2024,4,,,,,"р.0,00","р.4 500,00","р.4 500,00"
3136,Доход,Услуга,Безнал,Стрижка старшего мастера,18.04.2024,4,,,,,"р.0,00","р.5 500,00","р.5 500,00"
3137,Доход,Товар,Безнал,Продажа шампуня,19.04.2024,4,,,,,"р.0,00","р.500,00","р.500,00"
3138,Доход,Услуга,Безнал,Обычная стрижка,19.04.2024,4,,,,,"р.0,00","р.3 500,00","р.3 500,00"
3139,Доход,Услуга,Безнал,Стрижка старшего мастера,19.04.2024,4,,,,,"р.0,00","р.5 500,00","р.5 500,00"
3140,Расход,Товар,Безнал,Закупка резинок,19.04.2024,4,,,,,"р.0,00","р.500,00","р.500,00"
3141,Доход,Услуга,Безнал,Обычная стрижка,19.04.2024,4,,,,,"р.0,00","р.3 500,00","р.3 500,00"
3142,Доход,Услуга,Безнал,Стрижка и укладка,19.04.2024,4,,,,,"р.0,00","р.4 500,00","р.4 500,00"
3143,Доход,Услуга,Безнал,Стрижка старшего мастера,19.04.2024,4,,,,,"р.0,00","р.5 500,00","р.5 500,00"
3144,Доход,Товар,Безнал,Продажа шампуня,19.04.2024,4,,,,,"р.0,00","р.500,00","р.500,00"
3145,Расход,Товар,Безнал,Закупка полотенец,19.04.2024,4,,,,,"р.0,00","р.1 000,00","р.1 000,00"
3146,Доход,Услуга,Безнал,Обычная стрижка,19.04.2024,4,,,,,"р.0,00","р.3 500,00","р.3 500,00"
3147,Доход,Услуга,Безнал,Стрижка и укладка,19.04.2024,4,,,,,"р.0,00","р.4 500,00","р.4 500,00"
3148,Доход,Товар,Безнал,Продажа геля,19.04.2024,4,,,,,"р.0,00","р.300,00","р.300,00"
3149,Доход,Товар,Безнал,Продажа шампуня и кондиционера,19.04.2024,4,,,,,"р.0,00","р.1 000,00","р.1 000,00"
3150,Доход,Услуга,Безнал,Обычная стрижка,19.04.2024,4,,,,,"р.0,00","р.3 500,00","р.3 500,00"
3151,Доход,Услуга,Безнал,Стрижка старшего мастера,19.04.2024,4,,,,,"р.0,00","р.5 500,00","р.5 500,00"
3152,Доход,Услуга,Безнал,Стрижка и укладка,19.04.2024,4,,,,,"р.0,00","р.4 500,00","р.4 500,00"
3153,Расход,Товар,Наличные,Прочие расходы,19.04.2024,4,,,,,"р.0,00","р.300,00","р.300,00"
3154,Доход,Услуга,Безнал,Стрижка старшего мастера,19.04.2024,4,,,,,"р.0,00","р.5 500,00","р.5 500,00"
3155,Доход,Услуга,Безнал,Стрижка старшего мастера,19.04.2024,4,42gbcz1824018,2,Поисковые запросы в Гугле,"0,10","р.550,00","р.5 500,00","р.4 950,00"
3156,Доход,Услуга,Наличные,Обычная стрижка,19.04.2024,4,,,,,"р.0,00","р.3 500,00","р.3 500,00"
3157,Доход,Услуга,Наличные,Стрижка старшего мастера,19.04.2024,4,,,,,"р.0,00","р.5 500,00","р.5 500,00"
3158,Доход,Товар,Безнал,Продажа геля,19.04.2024,4,,,,,"р.0,00","р.300,00","р.300,00"
3159,Расход,Товар,Наличные,Закупка полотенец,19.04.2024,4,,,,,"р.0,00","р.1 000,00","р.1 000,00"
3160,Доход,Услуга,Безнал,Стрижка и укладка,19.04.2024,4,,,,,"р.0,00","р.4 500,00","р.4 500,00"
3161,Доход,Услуга,Наличные,Стрижка старшего мастера,19.04.2024,4,,,,,"р.0,00","р.5 500,00","р.5 500,00"
3162,Доход,Услуга,Наличные,Стрижка и укладка,19.04.2024,4,,,,,"р.0,00","р.4 500,00","р.4 500,00"
3163,Расход,Товар,Безнал,Прочие расходы,20.04.2024,4,,,,,"р.0,00","р.300,00","р.300,00"
3164,Расход,Товар,Безнал,Прочие расходы,20.04.2024,4,,,,,"р.0,00","р.300,00","р.300,00"
3165,Доход,Услуга,Безнал,Стрижка и укладка,20.04.2024,4,,,,,"р.0,00","р.4 500,00","р.4 500,00"
3166,Доход,Услуга,Безнал,Обычная стрижка,20.04.2024,4,,,,,"р.0,00","р.3 500,00","р.3 500,00"
3167,Доход,Услуга,Безнал,Стрижка и укладка,20.04.2024,4,,,,,"р.0,00","р.4 500,00","р.4 500,00"
3168,Доход,Услуга,Наличные,Стрижка и укладка,20.04.2024,4,,,,,"р.0,00","р.4 500,00","р.4 500,00"
3169,Доход,Товар,Наличные,Продажа шампуня,20.04.2024,4,,,,,"р.0,00","р.500,00","р.500,00"
3170,Доход,Услуга,Безнал,Стрижка и укладка,20.04.2024,4,,,,,"р.0,00","р.4 500,00","р.4 500,00"
3171,Расход,Товар,Наличные,Закупка резинок,20.04.2024,4,,,,,"р.0,00","р.500,00","р.500,00"
3172,Доход,Товар,Безнал,Продажа геля,20.04.2024,4,,,,,"р.0,00","р.300,00","р.300,00"
3173,Расход,Товар,Наличные,Закупка полотенец,20.04.2024,4,,,,,"р.0,00","р.1 000,00","р.1 000,00"
3174,Доход,Товар,Безнал,Продажа шампуня,20.04.2024,4,,,,,"р.0,00","р.500,00","р.500,00"
3175,Доход,Услуга,Безнал,Обычная стрижка,20.04.2024,4,,,,,"р.0,00","р.3 500,00","р.3 500,00"
3176,Доход,Услуга,Безнал,Обычная стрижка,20.04.2024,4,,,,,"р.0,00","р.3 500,00","р.3 500,00"
3177,Расход,Товар,Безнал,Закупка полотенец,20.04.2024,4,,,,,"р.0,00","р.1 000,00","р.1 000,00"
3178,Расход,Товар,Безнал,Прочие расходы,20.04.2024,4,,,,,"р.0,00","р.300,00","р.300,00"
3179,Расход,Товар,Безнал,Закупка резинок,20.04.2024,4,,,,,"р.0,00","р.500,00","р.500,00"
3180,Доход,Услуга,Безнал,Обычная стрижка,20.04.2024,4,,,,,"р.0,00","р.3 500,00","р.3 500,00"
3181,Доход,Услуга,Безнал,Стрижка и укладка,20.04.2024,4,,,,,"р.0,00","р.4 500,00","р.4 500,00"
3182,Доход,Товар,Наличные,Продажа шампуня,20.04.2024,4,,,,,"р.0,00","р.500,00","р.500,00"
3183,Доход,Услуга,Безнал,Стрижка и укладка,20.04.2024,4,,,,,"р.0,00","р.4 500,00","р.4 500,00"
3184,Доход,Услуга,Безнал,Стрижка и укладка,20.04.2024,4,,,,,"р.0,00","р.4 500,00","р.4 500,00"
3185,Доход,Услуга,Наличные,Стрижка старшего мастера,20.04.2024,4,,,,,"р.0,00","р.5 500,00","р.5 500,00"
3186,Доход,Услуга,Наличные,Обычная стрижка,20.04.2024,4,,,,,"р.0,00","р.3 500,00","р.3 500,00"
3187,Доход,Товар,Безнал,Продажа геля,20.04.2024,4,,,,,"р.0,00","р.300,00","р.300,00"
3188,Доход,Товар,Безнал,Продажа шампуня и кондиционера,20.04.2024,4,42gbcz2275761,6,Реклама в VK,"0,20","р.200,00","р.1 000,00","р.800,00"
3189,Доход,Товар,Безнал,Продажа геля,21.04.2024,4,,,,,"р.0,00","р.300,00","р.300,00"
3190,Доход,Услуга,Безнал,Стрижка старшего мастера,21.04.2024,4,,,,,"р.0,00","р.5 500,00","р.5 500,00"
3191,Доход,Товар,Безнал,Продажа шампуня,21.04.2024,4,,,,,"р.0,00","р.500,00","р.500,00"
3192,Расход,Товар,Безнал,Закупка полотенец,21.04.2024,4,,,,,"р.0,00","р.1 000,00","р.1 000,00"
3193,Доход,Товар,Безнал,Продажа шампуня,21.04.2024,4,,,,,"р.0,00","р.500,00","р.500,00"
3194,Доход,Услуга,Безнал,Обычная стрижка,21.04.2024,4,,,,,"р.0,00","р.3 500,00","р.3 500,00"
3195,Расход,Товар,Безнал,Закупка полотенец,21.04.2024,4,,,,,"р.0,00","р.1 000,00","р.1 000,00"
3196,Доход,Услуга,Безнал,Стрижка старшего мастера,21.04.2024,4,,,,,"р.0,00","р.5 500,00","р.5 500,00"
3197,Доход,Услуга,Безнал,Обычная стрижка,21.04.2024,4,,,,,"р.0,00","р.3 500,00","р.3 500,00"
3198,Доход,Услуга,Безнал,Стрижка и укладка,21.04.2024,4,,,,,"р.0,00","р.4 500,00","р.4 500,00"
3199,Расход,Товар,Безнал,Закупка резинок,21.04.2024,4,,,,,"р.0,00","р.500,00","р.500,00"
3200,Доход,Услуга,Наличные,Обычная стрижка,21.04.2024,4,,,,,"р.0,00","р.3 500,00","р.3 500,00"
3201,Доход,Услуга,Наличные,Стрижка и укладка,21.04.2024,4,,,,,"р.0,00","р.4 500,00","р.4 500,00"
3202,Доход,Услуга,Безнал,Стрижка и укладка,21.04.2024,4,,,,,"р.0,00","р.4 500,00","р.4 500,00"
3203,Доход,Товар,Безнал,Продажа геля,21.04.2024,4,,,,,"р.0,00","р.300,00","р.300,00"
3204,Доход,Услуга,Безнал,Стрижка и укладка,21.04.2024,4,,,,,"р.0,00","р.4 500,00","р.4 500,00"
3205,Доход,Услуга,Безнал,Стрижка и укладка,21.04.2024,4,,,,,"р.0,00","р.4 500,00","р.4 500,00"
3206,Доход,Услуга,Безнал,Стрижка старшего мастера,21.04.2024,4,,,,,"р.0,00","р.5 500,00","р.5 500,00"
3207,Доход,Услуга,Наличные,Стрижка старшего мастера,21.04.2024,4,,,,,"р.0,00","р.5 500,00","р.5 500,00"
3208,Доход,Услуга,Безнал,Стрижка старшего мастера,21.04.2024,4,,,,,"р.0,00","р.5 500,00","р.5 500,00"
3209,Расход,Товар,Наличные,Прочие расходы,21.04.2024,4,,,,,"р.0,00","р.300,00","р.300,00"
3210,Доход,Услуга,Безнал,Стрижка и укладка,21.04.2024,4,42gbcz1886457,4,Посты в Telegram,"0,50","р.2 250,00","р.4 500,00","р.2 250,00"
3211,Доход,Услуга,Безнал,Стрижка и укладка,21.04.2024,4,,,,,"р.0,00","р.4 500,00","р.4 500,00"
3212,Доход,Услуга,Безнал,Стрижка и укладка,21.04.2024,4,,,,,"р.0,00","р.4 500,00","р.4 500,00"
3213,Доход,Услуга,Безнал,Обычная стрижка,21.04.2024,4,,,,,"р.0,00","р.3 500,00","р.3 500,00"
3214,Доход,Услуга,Наличные,Стрижка старшего мастера,21.04.2024,4,,,,,"р.0,00","р.5 500,00","р.5 500,00"
3215,Доход,Услуга,Наличные,Стрижка старшего мастера,22.04.2024,4,,,,,"р.0,00","р.5 500,00","р.5 500,00"
3216,Доход,Услуга,Безнал,Обычная стрижка,22.04.2024,4,,,,,"р.0,00","р.3 500,00","р.3 500,00"
3217,Доход,Услуга,Безнал,Обычная стрижка,22.04.2024,4,,,,,"р.0,00","р.3 500,00","р.3 500,00"
3218,Доход,Услуга,Безнал,Обычная стрижка,22.04.2024,4,,,,,"р.0,00","р.3 500,00","р.3 500,00"
3219,Доход,Услуга,Безнал,Стрижка и укладка,22.04.2024,4,,,,,"р.0,00","р.4 500,00","р.4 500,00"
3220,Доход,Товар,Наличные,Продажа геля,22.04.2024,4,,,,,"р.0,00","р.300,00","р.300,00"
3221,Доход,Услуга,Безнал,Обычная стрижка,22.04.2024,4,,,,,"р.0,00","р.3 500,00","р.3 500,00"
3222,Доход,Товар,Безнал,Продажа шампуня и кондиционера,22.04.2024,4,,,,,"р.0,00","р.1 000,00","р.1 000,00"
3223,Доход,Услуга,Безнал,Стрижка и укладка,22.04.2024,4,,,,,"р.0,00","р.4 500,00","р.4 500,00"
3224,Доход,Услуга,Безнал,Стрижка старшего мастера,22.04.2024,4,,,,,"р.0,00","р.5 500,00","р.5 500,00"
3225,Доход,Услуга,Безнал,Стрижка и укладка,22.04.2024,4,,,,,"р.0,00","р.4 500,00","р.4 500,00"
3226,Расход,Услуга,Безнал,Зарплата,22.04.2024,4,,,,,"р.0,00","р.82 500,00","р.82 500,00"
3227,Расход,Услуга,Безнал,Зарплата,22.04.2024,4,,,,,"р.0,00","р.82 500,00","р.82 500,00"
3228,Расход,Услуга,Безнал,Зарплата,22.04.2024,4,,,,,"р.0,00","р.82 500,00","р.82 500,00"
3229,Расход,Услуга,Безнал,Зарплата,22.04.2024,4,,,,,"р.0,00","р.82 500,00","р.82 500,00"
3230,Расход,Услуга,Безнал,Зарплата,22.04.2024,4,,,,,"р.0,00","р.82 500,00","р.82 500,00"
3231,Расход,Услуга,Безнал,Зарплата,22.04.2024,4,,,,,"р.0,00","р.82 500,00","р.82 500,00"
3232,Расход,Услуга,Безнал,Зарплата,22.04.2024,4,,,,,"р.0,00","р.82 500,00","р.82 500,00"
3233,Расход,Услуга,Безнал,Зарплата,22.04.2024,4,,,,,"р.0,00","р.82 500,00","р.82 500,00"
3234,Доход,Услуга,Безнал,Обычная стрижка,22.04.2024,4,,,,,"р.0,00","р.3 500,00","р.3 500,00"
3235,Доход,Товар,Безнал,Продажа шампуня,22.04.2024,4,,,,,"р.0,00","р.500,00","р.500,00"
3236,Доход,Услуга,Безнал,Стрижка старшего мастера,22.04.2024,4,42gbcz2671723,3,Поисковые запросы в Яндексе,"0,05","р.275,00","р.5 500,00","р.5 225,00"
3237,Доход,Услуга,Безнал,Стрижка и укладка,22.04.2024,4,,,,,"р.0,00","р.4 500,00","р.4 500,00"
3238,Доход,Услуга,Безнал,Стрижка и укладка,22.04.2024,4,,,,,"р.0,00","р.4 500,00","р.4 500,00"
3239,Доход,Товар,Безнал,Продажа шампуня,22.04.2024,4,,,,,"р.0,00","р.500,00","р.500,00"
3240,Доход,Услуга,Безнал,Обычная стрижка,22.04.2024,4,,,,,"р.0,00","р.3 500,00","р.3 500,00"
3241,Доход,Услуга,Безнал,Стрижка старшего мастера,23.04.2024,4,,,,,"р.0,00","р.5 500,00","р.5 500,00"
3242,Доход,Услуга,Безнал,Стрижка и укладка,23.04.2024,4,,,,,"р.0,00","р.4 500,00","р.4 500,00"
3243,Расход,Товар,Безнал,Закупка резинок,23.04.2024,4,,,,,"р.0,00","р.500,00","р.500,00"
3244,Доход,Услуга,Безнал,Стрижка старшего мастера,23.04.2024,4,,,,,"р.0,00","р.5 500,00","р.5 500,00"
3245,Доход,Услуга,Безнал,Стрижка старшего мастера,23.04.2024,4,,,,,"р.0,00","р.5 500,00","р.5 500,00"
3246,Расход,Товар,Наличные,Закупка полотенец,23.04.2024,4,,,,,"р.0,00","р.1 000,00","р.1 000,00"
3247,Расход,Товар,Наличные,Прочие расходы,23.04.2024,4,,,,,"р.0,00","р.300,00","р.300,00"
3248,Доход,Услуга,Безнал,Стрижка и укладка,23.04.2024,4,,,,,"р.0,00","р.4 500,00","р.4 500,00"
3249,Доход,Услуга,Наличные,Обычная стрижка,23.04.2024,4,42gbcz1938051,5,Посты в VK,"0,15","р.525,00","р.3 500,00","р.2 975,00"
3250,Доход,Услуга,Безнал,Обычная стрижка,23.04.2024,4,42gbcz3189003,5,Посты в VK,"0,15","р.525,00","р.3 500,00","р.2 975,00"
3251,Доход,Услуга,Наличные,Стрижка и укладка,23.04.2024,4,,,,,"р.0,00","р.4 500,00","р.4 500,00"
3252,Доход,Услуга,Безнал,Стрижка и укладка,23.04.2024,4,,,,,"р.0,00","р.4 500,00","р.4 500,00"
3253,Доход,Услуга,Безнал,Стрижка старшего мастера,23.04.2024,4,42gbcz448440,5,Посты в VK,"0,15","р.825,00","р.5 500,00","р.4 675,00"
3254,Доход,Услуга,Безнал,Стрижка старшего мастера,23.04.2024,4,42gbcz1279299,1,Обещаем скидки,"0,10","р.550,00","р.5 500,00","р.4 950,00"
3255,Доход,Товар,Безнал,Продажа геля,23.04.2024,4,,,,,"р.0,00","р.300,00","р.300,00"
3256,Доход,Товар,Безнал,Продажа шампуня,23.04.2024,4,,,,,"р.0,00","р.500,00","р.500,00"
3257,Доход,Услуга,Безнал,Стрижка старшего мастера,23.04.2024,4,,,,,"р.0,00","р.5 500,00","р.5 500,00"
3258,Доход,Товар,Безнал,Продажа шампуня,23.04.2024,4,,,,,"р.0,00","р.500,00","р.500,00"
3259,Доход,Услуга,Безнал,Обычная стрижка,23.04.2024,4,,,,,"р.0,00","р.3 500,00","р.3 500,00"
3260,Доход,Услуга,Безнал,Стрижка и укладка,23.04.2024,4,,,,,"р.0,00","р.4 500,00","р.4 500,00"
3261,Доход,Услуга,Безнал,Обычная стрижка,23.04.2024,4,,,,,"р.0,00","р.3 500,00","р.3 500,00"
3262,Доход,Товар,Безнал,Продажа шампуня,23.04.2024,4,,,,,"р.0,00","р.500,00","р.500,00"
3263,Расход,Товар,Безнал,Прочие расходы,23.04.2024,4,,,,,"р.0,00","р.300,00","р.300,00"
3264,Доход,Товар,Безнал,Продажа шампуня и кондиционера,23.04.2024,4,,,,,"р.0,00","р.1 000,00","р.1 000,00"
3265,Расход,Товар,Безнал,Прочие расходы,23.04.2024,4,,,,,"р.0,00","р.300,00","р.300,00"
3266,Доход,Услуга,Безнал,Стрижка и укладка,23.04.2024,4,,,,,"р.0,00","р.4 500,00","р.4 500,00"
3267,Расход,Услуга,Безнал,Аренда,23.04.2024,4,,,,,"р.0,00","р.70 000,00","р.70 000,00"
3268,Расход,Услуга,Безнал,Коммунальные услуги,23.04.2024,4,,,,,"р.0,00","р.7 000,00","р.7 000,00"
3269,Доход,Услуга,Безнал,Стрижка старшего мастера,24.04.2024,4,,,,,"р.0,00","р.5 500,00","р.5 500,00"
3270,Доход,Услуга,Безнал,Стрижка и укладка,24.04.2024,4,42gbcz2933929,3,Поисковые запросы в Яндексе,"0,05","р.225,00","р.4 500,00","р.4 275,00"
3271,Доход,Услуга,Безнал,Стрижка и укладка,24.04.2024,4,,,,,"р.0,00","р.4 500,00","р.4 500,00"
3272,Доход,Услуга,Безнал,Обычная стрижка,24.04.2024,4,,,,,"р.0,00","р.3 500,00","р.3 500,00"
3273,Доход,Услуга,Безнал,Стрижка старшего мастера,24.04.2024,4,,,,,"р.0,00","р.5 500,00","р.5 500,00"
3274,Доход,Услуга,Безнал,Стрижка старшего мастера,24.04.2024,4,,,,,"р.0,00","р.5 500,00","р.5 500,00"
3275,Доход,Услуга,Безнал,Стрижка и укладка,24.04.2024,4,42gbcz1270766,2,Поисковые запросы в Гугле,"0,10","р.450,00","р.4 500,00","р.4 050,00"
3276,Доход,Услуга,Безнал,Стрижка и укладка,24.04.2024,4,42gbcz3099569,4,Посты в Telegram,"0,50","р.2 250,00","р.4 500,00","р.2 250,00"
3277,Доход,Товар,Безнал,Продажа шампуня,24.04.2024,4,,,,,"р.0,00","р.500,00","р.500,00"
3278,Доход,Услуга,Безнал,Обычная стрижка,24.04.2024,4,,,,,"р.0,00","р.3 500,00","р.3 500,00"
3279,Доход,Услуга,Безнал,Стрижка старшего мастера,24.04.2024,4,42gbcz432984,2,Поисковые запросы в Гугле,"0,10","р.550,00","р.5 500,00","р.4 950,00"
3280,Доход,Товар,Безнал,Продажа шампуня,24.04.2024,4,,,,,"р.0,00","р.500,00","р.500,00"
3281,Доход,Услуга,Безнал,Стрижка старшего мастера,24.04.2024,4,42gbcz1651516,4,Посты в Telegram,"0,50","р.2 750,00","р.5 500,00","р.2 750,00"
3282,Доход,Услуга,Безнал,Обычная стрижка,24.04.2024,4,42gbcz363404,4,Посты в Telegram,"0,50","р.1 750,00","р.3 500,00","р.1 750,00"
3283,Доход,Товар,Безнал,Продажа шампуня и кондиционера,24.04.2024,4,,,,,"р.0,00","р.1 000,00","р.1 000,00"
3284,Доход,Услуга,Безнал,Обычная стрижка,24.04.2024,4,,,,,"р.0,00","р.3 500,00","р.3 500,00"
3285,Расход,Товар,Безнал,Закупка полотенец,24.04.2024,4,,,,,"р.0,00","р.1 000,00","р.1 000,00"
3286,Доход,Услуга,Безнал,Обычная стрижка,24.04.2024,4,,,,,"р.0,00","р.3 500,00","р.3 500,00"
3287,Расход,Товар,Безнал,Закупка резинок,24.04.2024,4,,,,,"р.0,00","р.500,00","р.500,00"
3288,Доход,Услуга,Безнал,Стрижка старшего мастера,24.04.2024,4,,,,,"р.0,00","р.5 500,00","р.5 500,00"
3289,Доход,Услуга,Наличные,Обычная стрижка,24.04.2024,4,,,,,"р.0,00","р.3 500,00","р.3 500,00"
3290,Доход,Услуга,Наличные,Стрижка старшего мастера,24.04.2024,4,,,,,"р.0,00","р.5 500,00","р.5 500,00"
3291,Доход,Товар,Безнал,Продажа шампуня,24.04.2024,4,,,,,"р.0,00","р.500,00","р.500,00"
3292,Доход,Услуга,Безнал,Обычная стрижка,24.04.2024,4,,,,,"р.0,00","р.3 500,00","р.3 500,00"
3293,Доход,Услуга,Безнал,Обычная стрижка,24.04.2024,4,,,,,"р.0,00","р.3 500,00","р.3 500,00"
3294,Доход,Товар,Безнал,Продажа геля,24.04.2024,4,42gbcz2888620,6,Реклама в VK,"0,20","р.60,00","р.300,00","р.240,00"
3295,Доход,Услуга,Безнал,Стрижка старшего мастера,25.04.2024,4,42gbcz789185,6,Реклама в VK,"0,20","р.1 100,00","р.5 500,00","р.4 400,00"
3296,Доход,Услуга,Безнал,Обычная стрижка,25.04.2024,4,,,,,"р.0,00","р.3 500,00","р.3 500,00"
3297,Расход,Товар,Безнал,Прочие расходы,25.04.2024,4,,,,,"р.0,00","р.300,00","р.300,00"
3298,Доход,Услуга,Безнал,Обычная стрижка,25.04.2024,4,,,,,"р.0,00","р.3 500,00","р.3 500,00"
3299,Доход,Товар,Безнал,Продажа шампуня и кондиционера,25.04.2024,4,,,,,"р.0,00","р.1 000,00","р.1 000,00"
3300,Расход,Товар,Безнал,Закупка резинок,25.04.2024,4,,,,,"р.0,00","р.500,00","р.500,00"
3301,Доход,Услуга,Безнал,Стрижка и укладка,25.04.2024,4,42gbcz3051081,7,Сторис в VK,"0,15","р.675,00","р.4 500,00","р.3 825,00"
3302,Расход,Товар,Наличные,Прочие расходы,25.04.2024,4,,,,,"р.0,00","р.300,00","р.300,00"
3303,Доход,Услуга,Безнал,Стрижка и укладка,25.04.2024,4,,,,,"р.0,00","р.4 500,00","р.4 500,00"
3304,Доход,Товар,Безнал,Продажа шампуня и кондиционера,25.04.2024,4,,,,,"р.0,00","р.1 000,00","р.1 000,00"
3305,Доход,Услуга,Безнал,Стрижка и укладка,25.04.2024,4,,,,,"р.0,00","р.4 500,00","р.4 500,00"
3306,Доход,Услуга,Безнал,Стрижка старшего мастера,25.04.2024,4,,,,,"р.0,00","р.5 500,00","р.5 500,00"
3307,Доход,Услуга,Безнал,Обычная стрижка,25.04.2024,4,42gbcz3020020,7,Сторис в VK,"0,15","р.525,00","р.3 500,00","р.2 975,00"
3308,Доход,Товар,Безнал,Продажа шампуня,25.04.2024,4,,,,,"р.0,00","р.500,00","р.500,00"
3309,Расход,Товар,Безнал,Закупка полотенец,25.04.2024,4,,,,,"р.0,00","р.1 000,00","р.1 000,00"
3310,Доход,Товар,Безнал,Продажа шампуня,25.04.2024,4,,,,,"р.0,00","р.500,00","р.500,00"
3311,Доход,Услуга,Безнал,Обычная стрижка,25.04.2024,4,,,,,"р.0,00","р.3 500,00","р.3 500,00"
3312,Доход,Услуга,Безнал,Обычная стрижка,25.04.2024,4,42gbcz2683934,1,Обещаем скидки,"0,10","р.350,00","р.3 500,00","р.3 150,00"
3313,Доход,Услуга,Безнал,Стрижка и укладка,25.04.2024,4,42gbcz2621644,4,Посты в Telegram,"0,50","р.2 250,00","р.4 500,00","р.2 250,00"
3314,Расход,Товар,Безнал,Закупка полотенец,25.04.2024,4,,,,,"р.0,00","р.1 000,00","р.1 000,00"
3315,Доход,Услуга,Безнал,Стрижка и укладка,25.04.2024,4,,,,,"р.0,00","р.4 500,00","р.4 500,00"
3316,Доход,Услуга,Безнал,Стрижка старшего мастера,25.04.2024,4,,,,,"р.0,00","р.5 500,00","р.5 500,00"
3317,Доход,Услуга,Безнал,Обычная стрижка,25.04.2024,4,42gbcz911625,3,Поисковые запросы в Яндексе,"0,05","р.175,00","р.3 500,00","р.3 325,00"
3318,Доход,Услуга,Безнал,Стрижка старшего мастера,25.04.2024,4,,,,,"р.0,00","р.5 500,00","р.5 500,00"
3319,Доход,Товар,Безнал,Продажа шампуня,25.04.2024,4,,,,,"р.0,00","р.500,00","р.500,00"
3320,Доход,Товар,Безнал,Продажа шампуня и кондиционера,25.04.2024,4,,,,,"р.0,00","р.1 000,00","р.1 000,00"
3321,Доход,Услуга,Безнал,Стрижка старшего мастера,26.04.2024,4,,,,,"р.0,00","р.5 500,00","р.5 500,00"
3322,Доход,Услуга,Безнал,Стрижка старшего мастера,26.04.2024,4,,,,,"р.0,00","р.5 500,00","р.5 500,00"
3323,Доход,Товар,Безнал,Продажа шампуня,26.04.2024,4,,,,,"р.0,00","р.500,00","р.500,00"
3324,Доход,Услуга,Безнал,Стрижка и укладка,26.04.2024,4,42gbcz1021196,3,Поисковые запросы в Яндексе,"0,05","р.225,00","р.4 500,00","р.4 275,00"
3325,Доход,Товар,Безнал,Продажа шампуня,26.04.2024,4,,,,,"р.0,00","р.500,00","р.500,00"
3326,Доход,Услуга,Безнал,Стрижка старшего мастера,26.04.2024,4,,,,,"р.0,00","р.5 500,00","р.5 500,00"
3327,Доход,Услуга,Безнал,Стрижка старшего мастера,26.04.2024,4,,,,,"р.0,00","р.5 500,00","р.5 500,00"
3328,Доход,Товар,Наличные,Продажа шампуня и кондиционера,26.04.2024,4,,,,,"р.0,00","р.1 000,00","р.1 000,00"
3329,Доход,Услуга,Безнал,Стрижка и укладка,26.04.2024,4,,,,,"р.0,00","р.4 500,00","р.4 500,00"
3330,Доход,Услуга,Безнал,Стрижка старшего мастера,26.04.2024,4,,,,,"р.0,00","р.5 500,00","р.5 500,00"
3331,Доход,Услуга,Безнал,Обычная стрижка,26.04.2024,4,,,,,"р.0,00","р.3 500,00","р.3 500,00"
3332,Доход,Товар,Наличные,Продажа шампуня и кондиционера,26.04.2024,4,,,,,"р.0,00","р.1 000,00","р.1 000,00"
3333,Доход,Услуга,Безнал,Стрижка и укладка,26.04.2024,4,,,,,"р.0,00","р.4 500,00","р.4 500,00"
3334,Доход,Услуга,Безнал,Обычная стрижка,26.04.2024,4,,,,,"р.0,00","р.3 500,00","р.3 500,00"
3335,Доход,Услуга,Безнал,Стрижка старшего мастера,26.04.2024,4,,,,,"р.0,00","р.5 500,00","р.5 500,00"
3336,Доход,Услуга,Безнал,Обычная стрижка,26.04.2024,4,42gbcz108947,6,Реклама в VK,"0,20","р.700,00","р.3 500,00","р.2 800,00"
3337,Доход,Товар,Безнал,Продажа шампуня,26.04.2024,4,,,,,"р.0,00","р.500,00","р.500,00"
3338,Доход,Услуга,Безнал,Обычная стрижка,26.04.2024,4,42gbcz676166,5,Посты в VK,"0,15","р.525,00","р.3 500,00","р.2 975,00"
3339,Доход,Услуга,Безнал,Обычная стрижка,26.04.2024,4,42gbcz1735887,1,Обещаем скидки,"0,10","р.350,00","р.3 500,00","р.3 150,00"
3340,Расход,Товар,Безнал,Прочие расходы,26.04.2024,4,,,,,"р.0,00","р.300,00","р.300,00"
3341,Доход,Товар,Безнал,Продажа шампуня,26.04.2024,4,,,,,"р.0,00","р.500,00","р.500,00"
3342,Доход,Товар,Безнал,Продажа шампуня и кондиционера,26.04.2024,4,,,,,"р.0,00","р.1 000,00","р.1 000,00"
3343,Доход,Услуга,Безнал,Обычная стрижка,26.04.2024,4,,,,,"р.0,00","р.3 500,00","р.3 500,00"
3344,Расход,Товар,Безнал,Закупка резинок,26.04.2024,4,,,,,"р.0,00","р.500,00","р.500,00"
3345,Доход,Товар,Безнал,Продажа шампуня,26.04.2024,4,,,,,"р.0,00","р.500,00","р.500,00"
3346,Доход,Товар,Наличные,Продажа геля,26.04.2024,4,,,,,"р.0,00","р.300,00","р.300,00"
3347,Расход,Товар,Безнал,Закупка резинок,27.04.2024,4,,,,,"р.0,00","р.500,00","р.500,00"
3348,Доход,Услуга,Безнал,Стрижка и укладка,27.04.2024,4,,,,,"р.0,00","р.4 500,00","р.4 500,00"
3349,Доход,Услуга,Безнал,Стрижка и укладка,27.04.2024,4,,,,,"р.0,00","р.4 500,00","р.4 500,00"
3350,Доход,Товар,Безнал,Продажа шампуня,27.04.2024,4,,,,,"р.0,00","р.500,00","р.500,00"
3351,Доход,Услуга,Наличные,Стрижка старшего мастера,27.04.2024,4,,,,,"р.0,00","р.5 500,00","р.5 500,00"
3352,Доход,Услуга,Безнал,Стрижка и укладка,27.04.2024,4,,,,,"р.0,00","р.4 500,00","р.4 500,00"
3353,Расход,Товар,Безнал,Закупка резинок,27.04.2024,4,,,,,"р.0,00","р.500,00","р.500,00"
3354,Доход,Товар,Наличные,Продажа геля,27.04.2024,4,,,,,"р.0,00","р.300,00","р.300,00"
3355,Доход,Услуга,Безнал,Стрижка старшего мастера,27.04.2024,4,42gbcz2461835,3,Поисковые запросы в Яндексе,"0,05","р.275,00","р.5 500,00","р.5 225,00"
3356,Расход,Товар,Безнал,Закупка резинок,27.04.2024,4,,,,,"р.0,00","р.500,00","р.500,00"
3357,Расход,Товар,Безнал,Закупка полотенец,27.04.2024,4,,,,,"р.0,00","р.1 000,00","р.1 000,00"
3358,Доход,Услуга,Безнал,Стрижка старшего мастера,27.04.2024,4,,,,,"р.0,00","р.5 500,00","р.5 500,00"
3359,Доход,Услуга,Наличные,Стрижка старшего мастера,27.04.2024,4,,,,,"р.0,00","р.5 500,00","р.5 500,00"
3360,Доход,Услуга,Безнал,Стрижка и укладка,27.04.2024,4,,,,,"р.0,00","р.4 500,00","р.4 500,00"
3361,Доход,Услуга,Безнал,Стрижка старшего мастера,27.04.2024,4,,,,,"р.0,00","р.5 500,00","р.5 500,00"
3362,Доход,Услуга,Безнал,Стрижка и укладка,27.04.2024,4,,,,,"р.0,00","р.4 500,00","р.4 500,00"
3363,Доход,Услуга,Безнал,Стрижка и укладка,27.04.2024,4,,,,,"р.0,00","р.4 500,00","р.4 500,00"
3364,Доход,Услуга,Безнал,Стрижка старшего мастера,27.04.2024,4,,,,,"р.0,00","р.5 500,00","р.5 500,00"
3365,Доход,Услуга,Безнал,Стрижка старшего мастера,27.04.2024,4,,,,,"р.0,00","р.5 500,00","р.5 500,00"
3366,Доход,Услуга,Безнал,Обычная стрижка,27.04.2024,4,,,,,"р.0,00","р.3 500,00","р.3 500,00"
3367,Доход,Услуга,Наличные,Стрижка старшего мастера,27.04.2024,4,,,,,"р.0,00","р.5 500,00","р.5 500,00"
3368,Доход,Услуга,Безнал,Стрижка и укладка,27.04.2024,4,42gbcz1256997,5,Посты в VK,"0,15","р.675,00","р.4 500,00","р.3 825,00"
3369,Доход,Услуга,Безнал,Стрижка старшего мастера,27.04.2024,4,,,,,"р.0,00","р.5 500,00","р.5 500,00"
3370,Расход,Услуга,Безнал,Рекламный бюджет,27.04.2024,4,,,,,"р.0,00","р.50 000,00","р.50 000,00"
3371,Доход,Услуга,Безнал,Стрижка и укладка,27.04.2024,4,,,,,"р.0,00","р.4 500,00","р.4 500,00"
3372,Доход,Услуга,Безнал,Обычная стрижка,27.04.2024,4,,,,,"р.0,00","р.3 500,00","р.3 500,00"
3373,Доход,Услуга,Наличные,Стрижка старшего мастера,28.04.2024,4,42gbcz1476043,3,Поисковые запросы в Яндексе,"0,05","р.275,00","р.5 500,00","р.5 225,00"
3374,Доход,Услуга,Безнал,Обычная стрижка,28.04.2024,4,,,,,"р.0,00","р.3 500,00","р.3 500,00"
3375,Доход,Услуга,Безнал,Обычная стрижка,28.04.2024,4,,,,,"р.0,00","р.3 500,00","р.3 500,00"
3376,Доход,Услуга,Безнал,Стрижка старшего мастера,28.04.2024,4,,,,,"р.0,00","р.5 500,00","р.5 500,00"
3377,Доход,Услуга,Безнал,Стрижка и укладка,28.04.2024,4,,,,,"р.0,00","р.4 500,00","р.4 500,00"
3378,Доход,Услуга,Безнал,Стрижка старшего мастера,28.04.2024,4,,,,,"р.0,00","р.5 500,00","р.5 500,00"
3379,Доход,Услуга,Наличные,Стрижка и укладка,28.04.2024,4,,,,,"р.0,00","р.4 500,00","р.4 500,00"
3380,Доход,Услуга,Наличные,Стрижка и укладка,28.04.2024,4,,,,,"р.0,00","р.4 500,00","р.4 500,00"
3381,Доход,Услуга,Безнал,Обычная стрижка,28.04.2024,4,,,,,"р.0,00","р.3 500,00","р.3 500,00"
3382,Доход,Услуга,Безнал,Стрижка старшего мастера,28.04.2024,4,,,,,"р.0,00","р.5 500,00","р.5 500,00"
3383,Доход,Услуга,Наличные,Обычная стрижка,28.04.2024,4,,,,,"р.0,00","р.3 500,00","р.3 500,00"
3384,Расход,Товар,Безнал,Закупка полотенец,28.04.2024,4,,,,,"р.0,00","р.1 000,00","р.1 000,00"
3385,Расход,Товар,Безнал,Закупка полотенец,28.04.2024,4,,,,,"р.0,00","р.1 000,00","р.1 000,00"
3386,Доход,Услуга,Безнал,Обычная стрижка,28.04.2024,4,,,,,"р.0,00","р.3 500,00","р.3 500,00"
3387,Доход,Услуга,Наличные,Стрижка старшего мастера,28.04.2024,4,42gbcz3134310,5,Посты в VK,"0,15","р.825,00","р.5 500,00","р.4 675,00"
3388,Доход,Услуга,Безнал,Обычная стрижка,28.04.2024,4,42gbcz1500454,5,Посты в VK,"0,15","р.525,00","р.3 500,00","р.2 975,00"
3389,Доход,Услуга,Безнал,Стрижка старшего мастера,28.04.2024,4,,,,,"р.0,00","р.5 500,00","р.5 500,00"
3390,Доход,Товар,Безнал,Продажа шампуня и кондиционера,28.04.2024,4,,,,,"р.0,00","р.1 000,00","р.1 000,00"
3391,Доход,Услуга,Наличные,Обычная стрижка,28.04.2024,4,,,,,"р.0,00","р.3 500,00","р.3 500,00"
3392,Доход,Услуга,Безнал,Обычная стрижка,28.04.2024,4,,,,,"р.0,00","р.3 500,00","р.3 500,00"
3393,Доход,Услуга,Безнал,Обычная стрижка,28.04.2024,4,,,,,"р.0,00","р.3 500,00","р.3 500,00"
3394,Доход,Услуга,Безнал,Стрижка старшего мастера,28.04.2024,4,,,,,"р.0,00","р.5 500,00","р.5 500,00"
3395,Доход,Услуга,Безнал,Обычная стрижка,28.04.2024,4,,,,,"р.0,00","р.3 500,00","р.3 500,00"
3396,Доход,Услуга,Безнал,Обычная стрижка,28.04.2024,4,,,,,"р.0,00","р.3 500,00","р.3 500,00"
3397,Расход,Товар,Безнал,Закупка полотенец,28.04.2024,4,,,,,"р.0,00","р.1 000,00","р.1 000,00"
3398,Доход,Услуга,Безнал,Стрижка старшего мастера,28.04.2024,4,,,,,"р.0,00","р.5 500,00","р.5 500,00"
3399,Доход,Услуга,Безнал,Стрижка и укладка,29.04.2024,4,42gbcz1953119,3,Поисковые запросы в Яндексе,"0,05","р.225,00","р.4 500,00","р.4 275,00"
3400,Доход,Услуга,Безнал,Стрижка и укладка,29.04.2024,4,,,,,"р.0,00","р.4 500,00","р.4 500,00"
3401,Доход,Услуга,Безнал,Стрижка и укладка,29.04.2024,4,42gbcz108947,6,Реклама в VK,"0,20","р.900,00","р.4 500,00","р.3 600,00"
3402,Доход,Услуга,Безнал,Стрижка и укладка,29.04.2024,4,,,,,"р.0,00","р.4 500,00","р.4 500,00"
3403,Расход,Товар,Безнал,Закупка полотенец,29.04.2024,4,,,,,"р.0,00","р.1 000,00","р.1 000,00"
3404,Доход,Услуга,Безнал,Стрижка и укладка,29.04.2024,4,42gbcz676166,5,Посты в VK,"0,15","р.675,00","р.4 500,00","р.3 825,00"
3405,Доход,Товар,Безнал,Продажа шампуня,29.04.2024,4,,,,,"р.0,00","р.500,00","р.500,00"
3406,Доход,Услуга,Наличные,Стрижка и укладка,29.04.2024,4,,,,,"р.0,00","р.4 500,00","р.4 500,00"
3407,Доход,Услуга,Безнал,Стрижка старшего мастера,29.04.2024,4,,,,,"р.0,00","р.5 500,00","р.5 500,00"
3408,Доход,Товар,Безнал,Продажа шампуня и кондиционера,29.04.2024,4,,,,,"р.0,00","р.1 000,00","р.1 000,00"
3409,Доход,Услуга,Безнал,Обычная стрижка,29.04.2024,4,,,,,"р.0,00","р.3 500,00","р.3 500,00"
3410,Доход,Услуга,Безнал,Стрижка и укладка,29.04.2024,4,,,,,"р.0,00","р.4 500,00","р.4 500,00"
3411,Расход,Товар,Безнал,Прочие расходы,29.04.2024,4,,,,,"р.0,00","р.300,00","р.300,00"
3412,Доход,Услуга,Безнал,Стрижка старшего мастера,29.04.2024,4,,,,,"р.0,00","р.5 500,00","р.5 500,00"
3413,Доход,Услуга,Безнал,Стрижка и укладка,29.04.2024,4,,,,,"р.0,00","р.4 500,00","р.4 500,00"
3414,Расход,Товар,Безнал,Закупка полотенец,29.04.2024,4,,,,,"р.0,00","р.1 000,00","р.1 000,00"
3415,Доход,Услуга,Безнал,Стрижка старшего мастера,29.04.2024,4,,,,,"р.0,00","р.5 500,00","р.5 500,00"
3416,Доход,Услуга,Наличные,Стрижка и укладка,29.04.2024,4,,,,,"р.0,00","р.4 500,00","р.4 500,00"
3417,Доход,Услуга,Безнал,Стрижка и укладка,29.04.2024,4,,,,,"р.0,00","р.4 500,00","р.4 500,00"
3418,Доход,Услуга,Безнал,Стрижка и укладка,29.04.2024,4,,,,,"р.0,00","р.4 500,00","р.4 500,00"
3419,Доход,Услуга,Наличные,Стрижка старшего мастера,29.04.2024,4,,,,,"р.0,00","р.5 500,00","р.5 500,00"
3420,Доход,Услуга,Наличные,Обычная стрижка,29.04.2024,4,42gbcz1735887,1,Обещаем скидки,"0,10","р.350,00","р.3 500,00","р.3 150,00"
3421,Доход,Услуга,Безнал,Стрижка старшего мастера,29.04.2024,4,,,,,"р.0,00","р.5 500,00","р.5 500,00"
3422,Доход,Товар,Наличные,Продажа шампуня и кондиционера,29.04.2024,4,,,,,"р.0,00","р.1 000,00","р.1 000,00"
3423,Расход,Товар,Безнал,Закупка резинок,29.04.2024,4,,,,,"р.0,00","р.500,00","р.500,00"
3424,Расход,Товар,Безнал,Прочие расходы,29.04.2024,4,,,,,"р.0,00","р.300,00","р.300,00"
3425,Доход,Услуга,Безнал,Стрижка старшего мастера,30.04.2024,4,,,,,"р.0,00","р.5 500,00","р.5 500,00"
3426,Доход,Услуга,Безнал,Обычная стрижка,30.04.2024,4,,,,,"р.0,00","р.3 500,00","р.3 500,00"
3427,Доход,Товар,Безнал,Продажа шампуня и кондиционера,30.04.2024,4,,,,,"р.0,00","р.1 000,00","р.1 000,00"
3428,Доход,Услуга,Безнал,Стрижка старшего мастера,30.04.2024,4,,,,,"р.0,00","р.5 500,00","р.5 500,00"
3429,Доход,Услуга,Безнал,Обычная стрижка,30.04.2024,4,,,,,"р.0,00","р.3 500,00","р.3 500,00"
3430,Доход,Услуга,Безнал,Стрижка старшего мастера,30.04.2024,4,,,,,"р.0,00","р.5 500,00","р.5 500,00"
3431,Доход,Товар,Безнал,Продажа геля,30.04.2024,4,42gbcz2461835,3,Поисковые запросы в Яндексе,"0,05","р.15,00","р.300,00","р.285,00"
3432,Доход,Услуга,Безнал,Обычная стрижка,30.04.2024,4,42gbcz1256997,5,Посты в VK,"0,15","р.525,00","р.3 500,00","р.2 975,00"
3433,Доход,Услуга,Безнал,Стрижка и укладка,30.04.2024,4,42gbcz1476043,3,Поисковые запросы в Яндексе,"0,05","р.225,00","р.4 500,00","р.4 275,00"
3434,Доход,Услуга,Безнал,Обычная стрижка,30.04.2024,4,,,,,"р.0,00","р.3 500,00","р.3 500,00"
3435,Доход,Услуга,Наличные,Стрижка старшего мастера,30.04.2024,4,,,,,"р.0,00","р.5 500,00","р.5 500,00"
3436,Расход,Товар,Безнал,Прочие расходы,30.04.2024,4,,,,,"р.0,00","р.300,00","р.300,00"
3437,Доход,Услуга,Наличные,Стрижка старшего мастера,30.04.2024,4,42gbcz3134310,5,Посты в VK,"0,15","р.825,00","р.5 500,00","р.4 675,00"
3438,Доход,Услуга,Наличные,Обычная стрижка,30.04.2024,4,,,,,"р.0,00","р.3 500,00","р.3 500,00"
3439,Доход,Товар,Наличные,Продажа шампуня и кондиционера,30.04.2024,4,42gbcz1500454,5,Посты в VK,"0,15","р.150,00","р.1 000,00","р.850,00"
3440,Доход,Услуга,Безнал,Стрижка старшего мастера,30.04.2024,4,,,,,"р.0,00","р.5 500,00","р.5 500,00"
3441,Доход,Услуга,Безнал,Стрижка и укладка,30.04.2024,4,,,,,"р.0,00","р.4 500,00","р.4 500,00"
3442,Доход,Услуга,Наличные,Стрижка и укладка,30.04.2024,4,,,,,"р.0,00","р.4 500,00","р.4 500,00"
3443,Расход,Товар,Безнал,Закупка резинок,30.04.2024,4,,,,,"р.0,00","р.500,00","р.500,00"
3444,Доход,Услуга,Безнал,Обычная стрижка,30.04.2024,4,,,,,"р.0,00","р.3 500,00","р.3 500,00"
3445,Доход,Услуга,Безнал,Стрижка и укладка,30.04.2024,4,,,,,"р.0,00","р.4 500,00","р.4 500,00"
3446,Доход,Товар,Безнал,Продажа шампуня и кондиционера,30.04.2024,4,,,,,"р.0,00","р.1 000,00","р.1 000,00"
3447,Доход,Услуга,Безнал,Стрижка и укладка,30.04.2024,4,,,,,"р.0,00","р.4 500,00","р.4 500,00"
3448,Доход,Услуга,Безнал,Стрижка и укладка,30.04.2024,4,,,,,"р.0,00","р.4 500,00","р.4 500,00"
3449,Доход,Услуга,Безнал,Обычная стрижка,30.04.2024,4,,,,,"р.0,00","р.3 500,00","р.3 500,00"
3450,Доход,Услуга,Безнал,Обычная стрижка,01.05.2024,5,,,,,"р.0,00","р.3 500,00","р.3 500,00"
3451,Расход,Товар,Наличные,Закупка резинок,01.05.2024,5,,,,,"р.0,00","р.500,00","р.500,00"
3452,Доход,Услуга,Безнал,Обычная стрижка,01.05.2024,5,,,,,"р.0,00","р.3 500,00","р.3 500,00"
3453,Доход,Услуга,Безнал,Стрижка старшего мастера,01.05.2024,5,,,,,"р.0,00","р.5 500,00","р.5 500,00"
3454,Доход,Услуга,Безнал,Стрижка старшего мастера,01.05.2024,5,,,,,"р.0,00","р.5 500,00","р.5 500,00"
3455,Расход,Товар,Наличные,Закупка резинок,01.05.2024,5,,,,,"р.0,00","р.500,00","р.500,00"
3456,Доход,Услуга,Наличные,Обычная стрижка,01.05.2024,5,,,,,"р.0,00","р.3 500,00","р.3 500,00"
3457,Доход,Услуга,Безнал,Обычная стрижка,01.05.2024,5,,,,,"р.0,00","р.3 500,00","р.3 500,00"
3458,Доход,Услуга,Наличные,Стрижка и укладка,01.05.2024,5,,,,,"р.0,00","р.4 500,00","р.4 500,00"
3459,Доход,Услуга,Безнал,Стрижка старшего мастера,01.05.2024,5,,,,,"р.0,00","р.5 500,00","р.5 500,00"
3460,Доход,Услуга,Безнал,Стрижка старшего мастера,01.05.2024,5,,,,,"р.0,00","р.5 500,00","р.5 500,00"
3461,Расход,Товар,Безнал,Закупка резинок,01.05.2024,5,,,,,"р.0,00","р.500,00","р.500,00"
3462,Доход,Услуга,Наличные,Стрижка и укладка,01.05.2024,5,,,,,"р.0,00","р.4 500,00","р.4 500,00"
3463,Доход,Услуга,Безнал,Стрижка и укладка,01.05.2024,5,,,,,"р.0,00","р.4 500,00","р.4 500,00"
3464,Доход,Услуга,Безнал,Обычная стрижка,01.05.2024,5,,,,,"р.0,00","р.3 500,00","р.3 500,00"
3465,Расход,Товар,Безнал,Закупка полотенец,01.05.2024,5,,,,,"р.0,00","р.1 000,00","р.1 000,00"
3466,Доход,Услуга,Наличные,Стрижка и укладка,01.05.2024,5,,,,,"р.0,00","р.4 500,00","р.4 500,00"
3467,Доход,Товар,Безнал,Продажа шампуня,01.05.2024,5,,,,,"р.0,00","р.500,00","р.500,00"
3468,Расход,Товар,Безнал,Закупка полотенец,01.05.2024,5,,,,,"р.0,00","р.1 000,00","р.1 000,00"
3469,Расход,Товар,Безнал,Закупка полотенец,01.05.2024,5,,,,,"р.0,00","р.1 000,00","р.1 000,00"
3470,Доход,Услуга,Наличные,Обычная стрижка,01.05.2024,5,,,,,"р.0,00","р.3 500,00","р.3 500,00"
3471,Доход,Услуга,Наличные,Стрижка старшего мастера,01.05.2024,5,,,,,"р.0,00","р.5 500,00","р.5 500,00"
3472,Доход,Услуга,Наличные,Стрижка старшего мастера,01.05.2024,5,,,,,"р.0,00","р.5 500,00","р.5 500,00"
3473,Доход,Услуга,Безнал,Стрижка и укладка,01.05.2024,5,,,,,"р.0,00","р.4 500,00","р.4 500,00"
3474,Доход,Услуга,Безнал,Стрижка старшего мастера,01.05.2024,5,,,,,"р.0,00","р.5 500,00","р.5 500,00"
3475,Доход,Услуга,Безнал,Стрижка старшего мастера,01.05.2024,5,,,,,"р.0,00","р.5 500,00","р.5 500,00"
3476,Доход,Услуга,Безнал,Обычная стрижка,02.05.2024,5,,,,,"р.0,00","р.3 500,00","р.3 500,00"
3477,Доход,Товар,Безнал,Продажа геля,02.05.2024,5,,,,,"р.0,00","р.300,00","р.300,00"
3478,Доход,Товар,Безнал,Продажа шампуня и кондиционера,02.05.2024,5,,,,,"р.0,00","р.1 000,00","р.1 000,00"
3479,Доход,Товар,Безнал,Продажа шампуня и кондиционера,02.05.2024,5,,,,,"р.0,00","р.1 000,00","р.1 000,00"
3480,Доход,Услуга,Наличные,Стрижка и укладка,02.05.2024,5,,,,,"р.0,00","р.4 500,00","р.4 500,00"
3481,Доход,Услуга,Безнал,Стрижка и укладка,02.05.2024,5,,,,,"р.0,00","р.4 500,00","р.4 500,00"
3482,Доход,Услуга,Безнал,Стрижка и укладка,02.05.2024,5,,,,,"р.0,00","р.4 500,00","р.4 500,00"
3483,Доход,Услуга,Безнал,Стрижка старшего мастера,02.05.2024,5,,,,,"р.0,00","р.5 500,00","р.5 500,00"
3484,Доход,Товар,Безнал,Продажа геля,02.05.2024,5,,,,,"р.0,00","р.300,00","р.300,00"
3485,Доход,Услуга,Наличные,Стрижка старшего мастера,02.05.2024,5,,,,,"р.0,00","р.5 500,00","р.5 500,00"
3486,Доход,Услуга,Наличные,Стрижка старшего мастера,02.05.2024,5,,,,,"р.0,00","р.5 500,00","р.5 500,00"
3487,Доход,Услуга,Безнал,Стрижка старшего мастера,02.05.2024,5,,,,,"р.0,00","р.5 500,00","р.5 500,00"
3488,Доход,Услуга,Безнал,Обычная стрижка,02.05.2024,5,42gbcz1953119,3,Поисковые запросы в Яндексе,"0,05","р.175,00","р.3 500,00","р.3 325,00"
3489,Доход,Услуга,Безнал,Стрижка старшего мастера,02.05.2024,5,,,,,"р.0,00","р.5 500,00","р.5 500,00"
3490,Доход,Товар,Безнал,Продажа геля,02.05.2024,5,,,,,"р.0,00","р.300,00","р.300,00"
3491,Расход,Товар,Безнал,Прочие расходы,02.05.2024,5,,,,,"р.0,00","р.300,00","р.300,00"
3492,Доход,Услуга,Безнал,Стрижка и укладка,02.05.2024,5,,,,,"р.0,00","р.4 500,00","р.4 500,00"
3493,Доход,Услуга,Безнал,Стрижка старшего мастера,02.05.2024,5,,,,,"р.0,00","р.5 500,00","р.5 500,00"
3494,Доход,Услуга,Наличные,Стрижка и укладка,02.05.2024,5,,,,,"р.0,00","р.4 500,00","р.4 500,00"
3495,Доход,Услуга,Безнал,Стрижка старшего мастера,02.05.2024,5,,,,,"р.0,00","р.5 500,00","р.5 500,00"
3496,Доход,Услуга,Безнал,Обычная стрижка,02.05.2024,5,42gbcz3835356,4,Посты в Telegram,"0,50","р.1 750,00","р.3 500,00","р.1 750,00"
3497,Доход,Услуга,Наличные,Обычная стрижка,02.05.2024,5,,,,,"р.0,00","р.3 500,00","р.3 500,00"
3498,Доход,Услуга,Безнал,Обычная стрижка,02.05.2024,5,,,,,"р.0,00","р.3 500,00","р.3 500,00"
3499,Доход,Услуга,Безнал,Обычная стрижка,02.05.2024,5,,,,,"р.0,00","р.3 500,00","р.3 500,00"
3500,Доход,Товар,Безнал,Продажа геля,02.05.2024,5,,,,,"р.0,00","р.300,00","р.300,00"
3501,Расход,Товар,Безнал,Прочие расходы,02.05.2024,5,,,,,"р.0,00","р.300,00","р.300,00"
3502,Доход,Услуга,Безнал,Стрижка старшего мастера,03.05.2024,5,,,,,"р.0,00","р.5 500,00","р.5 500,00"
3503,Доход,Услуга,Безнал,Стрижка и укладка,03.05.2024,5,,,,,"р.0,00","р.4 500,00","р.4 500,00"
3504,Расход,Товар,Наличные,Прочие расходы,03.05.2024,5,,,,,"р.0,00","р.300,00","р.300,00"
3505,Доход,Услуга,Безнал,Обычная стрижка,03.05.2024,5,,,,,"р.0,00","р.3 500,00","р.3 500,00"
3506,Доход,Услуга,Безнал,Обычная стрижка,03.05.2024,5,,,,,"р.0,00","р.3 500,00","р.3 500,00"
3507,Расход,Товар,Безнал,Прочие расходы,03.05.2024,5,,,,,"р.0,00","р.300,00","р.300,00"
3508,Доход,Услуга,Безнал,Стрижка старшего мастера,03.05.2024,5,,,,,"р.0,00","р.5 500,00","р.5 500,00"
3509,Доход,Услуга,Безнал,Стрижка и укладка,03.05.2024,5,42gbcz3674916,3,Поисковые запросы в Яндексе,"0,05","р.225,00","р.4 500,00","р.4 275,00"
3510,Расход,Товар,Безнал,Закупка резинок,03.05.2024,5,,,,,"р.0,00","р.500,00","р.500,00"
3511,Доход,Услуга,Безнал,Стрижка и укладка,03.05.2024,5,,,,,"р.0,00","р.4 500,00","р.4 500,00"
3512,Доход,Услуга,Безнал,Обычная стрижка,03.05.2024,5,,,,,"р.0,00","р.3 500,00","р.3 500,00"
3513,Доход,Услуга,Безнал,Стрижка и укладка,03.05.2024,5,,,,,"р.0,00","р.4 500,00","р.4 500,00"
3514,Доход,Услуга,Безнал,Стрижка и укладка,03.05.2024,5,,,,,"р.0,00","р.4 500,00","р.4 500,00"
3515,Доход,Товар,Безнал,Продажа шампуня,03.05.2024,5,,,,,"р.0,00","р.500,00","р.500,00"
3516,Доход,Услуга,Наличные,Стрижка старшего мастера,03.05.2024,5,,,,,"р.0,00","р.5 500,00","р.5 500,00"
3517,Доход,Услуга,Безнал,Обычная стрижка,03.05.2024,5,,,,,"р.0,00","р.3 500,00","р.3 500,00"
3518,Доход,Товар,Безнал,Продажа шампуня,03.05.2024,5,,,,,"р.0,00","р.500,00","р.500,00"
3519,Расход,Товар,Безнал,Закупка резинок,03.05.2024,5,,,,,"р.0,00","р.500,00","р.500,00"
3520,Доход,Товар,Безнал,Продажа геля,03.05.2024,5,,,,,"р.0,00","р.300,00","р.300,00"
3521,Доход,Услуга,Безнал,Стрижка старшего мастера,03.05.2024,5,,,,,"р.0,00","р.5 500,00","р.5 500,00"
3522,Доход,Услуга,Безнал,Обычная стрижка,03.05.2024,5,,,,,"р.0,00","р.3 500,00","р.3 500,00"
3523,Расход,Товар,Наличные,Закупка полотенец,03.05.2024,5,,,,,"р.0,00","р.1 000,00","р.1 000,00"
3524,Доход,Услуга,Безнал,Стрижка и укладка,03.05.2024,5,,,,,"р.0,00","р.4 500,00","р.4 500,00"
3525,Доход,Услуга,Безнал,Стрижка и укладка,03.05.2024,5,,,,,"р.0,00","р.4 500,00","р.4 500,00"
3526,Доход,Товар,Безнал,Продажа геля,03.05.2024,5,,,,,"р.0,00","р.300,00","р.300,00"
3527,Доход,Товар,Безнал,Продажа геля,03.05.2024,5,42gbcz1055518,4,Посты в Telegram,"0,50","р.150,00","р.300,00","р.150,00"
3528,Доход,Товар,Безнал,Продажа геля,04.05.2024,5,,,,,"р.0,00","р.300,00","р.300,00"
3529,Доход,Услуга,Безнал,Стрижка старшего мастера,04.05.2024,5,,,,,"р.0,00","р.5 500,00","р.5 500,00"
3530,Доход,Услуга,Безнал,Стрижка старшего мастера,04.05.2024,5,,,,,"р.0,00","р.5 500,00","р.5 500,00"
3531,Доход,Услуга,Наличные,Обычная стрижка,04.05.2024,5,,,,,"р.0,00","р.3 500,00","р.3 500,00"
3532,Доход,Услуга,Наличные,Стрижка старшего мастера,04.05.2024,5,,,,,"р.0,00","р.5 500,00","р.5 500,00"
3533,Доход,Услуга,Безнал,Обычная стрижка,04.05.2024,5,,,,,"р.0,00","р.3 500,00","р.3 500,00"
3534,Расход,Товар,Безнал,Закупка полотенец,04.05.2024,5,,,,,"р.0,00","р.1 000,00","р.1 000,00"
3535,Расход,Товар,Безнал,Закупка резинок,04.05.2024,5,,,,,"р.0,00","р.500,00","р.500,00"
3536,Доход,Услуга,Безнал,Стрижка и укладка,04.05.2024,5,,,,,"р.0,00","р.4 500,00","р.4 500,00"
3537,Доход,Услуга,Наличные,Обычная стрижка,04.05.2024,5,,,,,"р.0,00","р.3 500,00","р.3 500,00"
3538,Доход,Услуга,Безнал,Стрижка старшего мастера,04.05.2024,5,,,,,"р.0,00","р.5 500,00","р.5 500,00"
3539,Доход,Услуга,Безнал,Стрижка и укладка,04.05.2024,5,42gbcz2972594,7,Сторис в VK,"0,15","р.675,00","р.4 500,00","р.3 825,00"
3540,Доход,Товар,Безнал,Продажа шампуня и кондиционера,04.05.2024,5,,,,,"р.0,00","р.1 000,00","р.1 000,00"
3541,Доход,Услуга,Наличные,Стрижка и укладка,04.05.2024,5,,,,,"р.0,00","р.4 500,00","р.4 500,00"
3542,Доход,Услуга,Наличные,Стрижка и укладка,04.05.2024,5,,,,,"р.0,00","р.4 500,00","р.4 500,00"
3543,Доход,Услуга,Безнал,Обычная стрижка,04.05.2024,5,,,,,"р.0,00","р.3 500,00","р.3 500,00"
3544,Расход,Товар,Безнал,Закупка полотенец,04.05.2024,5,,,,,"р.0,00","р.1 000,00","р.1 000,00"
3545,Доход,Услуга,Наличные,Стрижка и укладка,04.05.2024,5,,,,,"р.0,00","р.4 500,00","р.4 500,00"
3546,Доход,Услуга,Безнал,Обычная стрижка,04.05.2024,5,,,,,"р.0,00","р.3 500,00","р.3 500,00"
3547,Доход,Услуга,Безнал,Стрижка старшего мастера,04.05.2024,5,,,,,"р.0,00","р.5 500,00","р.5 500,00"
3548,Расход,Товар,Безнал,Закупка полотенец,04.05.2024,5,,,,,"р.0,00","р.1 000,00","р.1 000,00"
3549,Доход,Услуга,Безнал,Стрижка старшего мастера,04.05.2024,5,,,,,"р.0,00","р.5 500,00","р.5 500,00"
3550,Доход,Услуга,Безнал,Стрижка и укладка,04.05.2024,5,,,,,"р.0,00","р.4 500,00","р.4 500,00"
3551,Доход,Услуга,Наличные,Стрижка старшего мастера,04.05.2024,5,42gbcz2656723,7,Сторис в VK,"0,15","р.825,00","р.5 500,00","р.4 675,00"
3552,Доход,Услуга,Безнал,Стрижка и укладка,04.05.2024,5,,,,,"р.0,00","р.4 500,00","р.4 500,00"
3553,Доход,Товар,Безнал,Продажа геля,04.05.2024,5,,,,,"р.0,00","р.300,00","р.300,00"
3554,Доход,Услуга,Безнал,Обычная стрижка,05.05.2024,5,,,,,"р.0,00","р.3 500,00","р.3 500,00"
3555,Доход,Услуга,Безнал,Стрижка старшего мастера,05.05.2024,5,,,,,"р.0,00","р.5 500,00","р.5 500,00"
3556,Доход,Услуга,Безнал,Стрижка и укладка,05.05.2024,5,,,,,"р.0,00","р.4 500,00","р.4 500,00"
3557,Расход,Товар,Безнал,Прочие расходы,05.05.2024,5,,,,,"р.0,00","р.300,00","р.300,00"
3558,Доход,Услуга,Наличные,Обычная стрижка,05.05.2024,5,,,,,"р.0,00","р.3 500,00","р.3 500,00"
3559,Доход,Услуга,Безнал,Стрижка старшего мастера,05.05.2024,5,,,,,"р.0,00","р.5 500,00","р.5 500,00"
3560,Доход,Услуга,Безнал,Обычная стрижка,05.05.2024,5,,,,,"р.0,00","р.3 500,00","р.3 500,00"
3561,Доход,Товар,Безнал,Продажа шампуня,05.05.2024,5,,,,,"р.0,00","р.500,00","р.500,00"
3562,Доход,Услуга,Безнал,Обычная стрижка,05.05.2024,5,,,,,"р.0,00","р.3 500,00","р.3 500,00"
3563,Доход,Услуга,Безнал,Стрижка и укладка,05.05.2024,5,,,,,"р.0,00","р.4 500,00","р.4 500,00"
3564,Доход,Услуга,Безнал,Стрижка и укладка,05.05.2024,5,,,,,"р.0,00","р.4 500,00","р.4 500,00"
3565,Доход,Услуга,Безнал,Стрижка и укладка,05.05.2024,5,,,,,"р.0,00","р.4 500,00","р.4 500,00"
3566,Доход,Услуга,Наличные,Обычная стрижка,05.05.2024,5,,,,,"р.0,00","р.3 500,00","р.3 500,00"
3567,Доход,Услуга,Безнал,Обычная стрижка,05.05.2024,5,,,,,"р.0,00","р.3 500,00","р.3 500,00"
3568,Доход,Услуга,Наличные,Обычная стрижка,05.05.2024,5,,,,,"р.0,00","р.3 500,00","р.3 500,00"
3569,Доход,Услуга,Безнал,Обычная стрижка,05.05.2024,5,,,,,"р.0,00","р.3 500,00","р.3 500,00"
3570,Доход,Услуга,Безнал,Обычная стрижка,05.05.2024,5,,,,,"р.0,00","р.3 500,00","р.3 500,00"
3571,Расход,Товар,Наличные,Закупка резинок,05.05.2024,5,,,,,"р.0,00","р.500,00","р.500,00"
3572,Доход,Услуга,Безнал,Стрижка и укладка,05.05.2024,5,,,,,"р.0,00","р.4 500,00","р.4 500,00"
3573,Доход,Услуга,Безнал,Обычная стрижка,05.05.2024,5,,,,,"р.0,00","р.3 500,00","р.3 500,00"
3574,Доход,Услуга,Безнал,Стрижка и укладка,05.05.2024,5,,,,,"р.0,00","р.4 500,00","р.4 500,00"
3575,Доход,Услуга,Безнал,Обычная стрижка,05.05.2024,5,,,,,"р.0,00","р.3 500,00","р.3 500,00"
3576,Доход,Услуга,Безнал,Стрижка и укладка,05.05.2024,5,,,,,"р.0,00","р.4 500,00","р.4 500,00"
3577,Расход,Товар,Наличные,Закупка резинок,05.05.2024,5,,,,,"р.0,00","р.500,00","р.500,00"
3578,Доход,Услуга,Безнал,Стрижка и укладка,05.05.2024,5,42gbcz252360,2,Поисковые запросы в Гугле,"0,10","р.450,00","р.4 500,00","р.4 050,00"
3579,Доход,Услуга,Безнал,Стрижка старшего мастера,05.05.2024,5,,,,,"р.0,00","р.5 500,00","р.5 500,00"
3580,Доход,Товар,Безнал,Продажа шампуня и кондиционера,06.05.2024,5,,,,,"р.0,00","р.1 000,00","р.1 000,00"
3581,Доход,Товар,Безнал,Продажа шампуня и кондиционера,06.05.2024,5,,,,,"р.0,00","р.1 000,00","р.1 000,00"
3582,Доход,Услуга,Безнал,Стрижка и укладка,06.05.2024,5,,,,,"р.0,00","р.4 500,00","р.4 500,00"
3583,Доход,Товар,Безнал,Продажа шампуня и кондиционера,06.05.2024,5,,,,,"р.0,00","р.1 000,00","р.1 000,00"
3584,Доход,Товар,Безнал,Продажа геля,06.05.2024,5,42gbcz3638299,4,Посты в Telegram,"0,50","р.150,00","р.300,00","р.150,00"
3585,Доход,Услуга,Безнал,Стрижка старшего мастера,06.05.2024,5,,,,,"р.0,00","р.5 500,00","р.5 500,00"
3586,Доход,Товар,Безнал,Продажа геля,06.05.2024,5,,,,,"р.0,00","р.300,00","р.300,00"
3587,Доход,Услуга,Безнал,Стрижка и укладка,06.05.2024,5,,,,,"р.0,00","р.4 500,00","р.4 500,00"
3588,Доход,Услуга,Безнал,Обычная стрижка,06.05.2024,5,,,,,"р.0,00","р.3 500,00","р.3 500,00"
3589,Доход,Услуга,Безнал,Стрижка старшего мастера,06.05.2024,5,,,,,"р.0,00","р.5 500,00","р.5 500,00"
3590,Доход,Услуга,Безнал,Стрижка и укладка,06.05.2024,5,,,,,"р.0,00","р.4 500,00","р.4 500,00"
3591,Доход,Услуга,Безнал,Стрижка старшего мастера,06.05.2024,5,,,,,"р.0,00","р.5 500,00","р.5 500,00"
3592,Доход,Услуга,Безнал,Стрижка и укладка,06.05.2024,5,,,,,"р.0,00","р.4 500,00","р.4 500,00"
3593,Доход,Услуга,Безнал,Стрижка старшего мастера,06.05.2024,5,,,,,"р.0,00","р.5 500,00","р.5 500,00"
3594,Доход,Услуга,Безнал,Стрижка и укладка,06.05.2024,5,42gbcz749732,6,Реклама в VK,"0,20","р.900,00","р.4 500,00","р.3 600,00"
3595,Доход,Услуга,Наличные,Стрижка старшего мастера,06.05.2024,5,,,,,"р.0,00","р.5 500,00","р.5 500,00"
3596,Доход,Услуга,Безнал,Обычная стрижка,06.05.2024,5,,,,,"р.0,00","р.3 500,00","р.3 500,00"
3597,Доход,Товар,Безнал,Продажа шампуня,06.05.2024,5,,,,,"р.0,00","р.500,00","р.500,00"
3598,Доход,Услуга,Наличные,Стрижка старшего мастера,06.05.2024,5,,,,,"р.0,00","р.5 500,00","р.5 500,00"
3599,Доход,Услуга,Безнал,Стрижка старшего мастера,06.05.2024,5,,,,,"р.0,00","р.5 500,00","р.5 500,00"
3600,Доход,Услуга,Наличные,Стрижка старшего мастера,06.05.2024,5,,,,,"р.0,00","р.5 500,00","р.5 500,00"
3601,Доход,Услуга,Наличные,Обычная стрижка,06.05.2024,5,,,,,"р.0,00","р.3 500,00","р.3 500,00"
3602,Доход,Услуга,Безнал,Стрижка старшего мастера,06.05.2024,5,,,,,"р.0,00","р.5 500,00","р.5 500,00"
3603,Доход,Услуга,Безнал,Стрижка и укладка,06.05.2024,5,,,,,"р.0,00","р.4 500,00","р.4 500,00"
3604,Доход,Услуга,Наличные,Стрижка старшего мастера,06.05.2024,5,,,,,"р.0,00","р.5 500,00","р.5 500,00"
3605,Доход,Услуга,Безнал,Стрижка старшего мастера,06.05.2024,5,42gbcz1983291,5,Посты в VK,"0,15","р.825,00","р.5 500,00","р.4 675,00"
3606,Расход,Товар,Наличные,Прочие расходы,07.05.2024,5,,,,,"р.0,00","р.300,00","р.300,00"
3607,Доход,Товар,Безнал,Продажа шампуня и кондиционера,07.05.2024,5,42gbcz2190807,4,Посты в Telegram,"0,50","р.500,00","р.1 000,00","р.500,00"
3608,Доход,Услуга,Безнал,Обычная стрижка,07.05.2024,5,,,,,"р.0,00","р.3 500,00","р.3 500,00"
3609,Доход,Услуга,Безнал,Стрижка старшего мастера,07.05.2024,5,,,,,"р.0,00","р.5 500,00","р.5 500,00"
3610,Доход,Товар,Наличные,Продажа шампуня,07.05.2024,5,,,,,"р.0,00","р.500,00","р.500,00"
3611,Доход,Услуга,Наличные,Стрижка и укладка,07.05.2024,5,,,,,"р.0,00","р.4 500,00","р.4 500,00"
3612,Расход,Товар,Безнал,Закупка полотенец,07.05.2024,5,,,,,"р.0,00","р.1 000,00","р.1 000,00"
3613,Доход,Услуга,Безнал,Обычная стрижка,07.05.2024,5,,,,,"р.0,00","р.3 500,00","р.3 500,00"
3614,Доход,Услуга,Наличные,Стрижка и укладка,07.05.2024,5,,,,,"р.0,00","р.4 500,00","р.4 500,00"
3615,Доход,Услуга,Безнал,Стрижка старшего мастера,07.05.2024,5,,,,,"р.0,00","р.5 500,00","р.5 500,00"
3616,Доход,Услуга,Безнал,Обычная стрижка,07.05.2024,5,,,,,"р.0,00","р.3 500,00","р.3 500,00"
3617,Доход,Товар,Безнал,Продажа шампуня и кондиционера,07.05.2024,5,,,,,"р.0,00","р.1 000,00","р.1 000,00"
3618,Доход,Услуга,Наличные,Стрижка старшего мастера,07.05.2024,5,,,,,"р.0,00","р.5 500,00","р.5 500,00"
3619,Доход,Товар,Безнал,Продажа шампуня,07.05.2024,5,,,,,"р.0,00","р.500,00","р.500,00"
3620,Доход,Услуга,Безнал,Обычная стрижка,07.05.2024,5,,,,,"р.0,00","р.3 500,00","р.3 500,00"
3621,Доход,Услуга,Безнал,Стрижка старшего мастера,07.05.2024,5,,,,,"р.0,00","р.5 500,00","р.5 500,00"
3622,Доход,Услуга,Наличные,Обычная стрижка,07.05.2024,5,,,,,"р.0,00","р.3 500,00","р.3 500,00"
3623,Доход,Услуга,Безнал,Стрижка и укладка,07.05.2024,5,,,,,"р.0,00","р.4 500,00","р.4 500,00"
3624,Доход,Услуга,Безнал,Стрижка и укладка,07.05.2024,5,,,,,"р.0,00","р.4 500,00","р.4 500,00"
3625,Доход,Услуга,Безнал,Стрижка старшего мастера,07.05.2024,5,,,,,"р.0,00","р.5 500,00","р.5 500,00"
3626,Доход,Услуга,Безнал,Обычная стрижка,07.05.2024,5,,,,,"р.0,00","р.3 500,00","р.3 500,00"
3627,Расход,Товар,Безнал,Прочие расходы,07.05.2024,5,,,,,"р.0,00","р.300,00","р.300,00"
3628,Доход,Товар,Безнал,Продажа шампуня,07.05.2024,5,,,,,"р.0,00","р.500,00","р.500,00"
3629,Доход,Услуга,Безнал,Обычная стрижка,07.05.2024,5,,,,,"р.0,00","р.3 500,00","р.3 500,00"
3630,Доход,Услуга,Безнал,Стрижка и укладка,07.05.2024,5,,,,,"р.0,00","р.4 500,00","р.4 500,00"
3631,Доход,Услуга,Безнал,Стрижка и укладка,07.05.2024,5,,,,,"р.0,00","р.4 500,00","р.4 500,00"
3632,Доход,Услуга,Наличные,Стрижка старшего мастера,08.05.2024,5,,,,,"р.0,00","р.5 500,00","р.5 500,00"
3633,Доход,Услуга,Безнал,Стрижка и укладка,08.05.2024,5,,,,,"р.0,00","р.4 500,00","р.4 500,00"
3634,Доход,Услуга,Безнал,Стрижка и укладка,08.05.2024,5,,,,,"р.0,00","р.4 500,00","р.4 500,00"
3635,Доход,Услуга,Безнал,Стрижка старшего мастера,08.05.2024,5,,,,,"р.0,00","р.5 500,00","р.5 500,00"
3636,Доход,Услуга,Безнал,Стрижка старшего мастера,08.05.2024,5,,,,,"р.0,00","р.5 500,00","р.5 500,00"
3637,Доход,Услуга,Безнал,Обычная стрижка,08.05.2024,5,,,,,"р.0,00","р.3 500,00","р.3 500,00"
3638,Доход,Услуга,Безнал,Обычная стрижка,08.05.2024,5,,,,,"р.0,00","р.3 500,00","р.3 500,00"
3639,Доход,Услуга,Безнал,Стрижка старшего мастера,08.05.2024,5,,,,,"р.0,00","р.5 500,00","р.5 500,00"
3640,Доход,Услуга,Безнал,Стрижка и укладка,08.05.2024,5,,,,,"р.0,00","р.4 500,00","р.4 500,00"
3641,Расход,Товар,Безнал,Прочие расходы,08.05.2024,5,,,,,"р.0,00","р.300,00","р.300,00"
3642,Расход,Товар,Наличные,Закупка резинок,08.05.2024,5,,,,,"р.0,00","р.500,00","р.500,00"
3643,Доход,Услуга,Безнал,Стрижка и укладка,08.05.2024,5,,,,,"р.0,00","р.4 500,00","р.4 500,00"
3644,Доход,Услуга,Наличные,Стрижка старшего мастера,08.05.2024,5,,,,,"р.0,00","р.5 500,00","р.5 500,00"
3645,Доход,Услуга,Безнал,Стрижка и укладка,08.05.2024,5,42gbcz1063849,2,Поисковые запросы в Гугле,"0,10","р.450,00","р.4 500,00","р.4 050,00"
3646,Доход,Товар,Безнал,Продажа шампуня и кондиционера,08.05.2024,5,,,,,"р.0,00","р.1 000,00","р.1 000,00"
3647,Доход,Товар,Наличные,Продажа геля,08.05.2024,5,,,,,"р.0,00","р.300,00","р.300,00"
3648,Доход,Услуга,Безнал,Стрижка и укладка,08.05.2024,5,,,,,"р.0,00","р.4 500,00","р.4 500,00"
3649,Доход,Услуга,Безнал,Стрижка и укладка,08.05.2024,5,,,,,"р.0,00","р.4 500,00","р.4 500,00"
3650,Доход,Товар,Наличные,Продажа шампуня,08.05.2024,5,,,,,"р.0,00","р.500,00","р.500,00"
3651,Доход,Услуга,Безнал,Обычная стрижка,08.05.2024,5,,,,,"р.0,00","р.3 500,00","р.3 500,00"
3652,Доход,Товар,Безнал,Продажа шампуня и кондиционера,08.05.2024,5,,,,,"р.0,00","р.1 000,00","р.1 000,00"
3653,Расход,Товар,Безнал,Закупка резинок,08.05.2024,5,,,,,"р.0,00","р.500,00","р.500,00"
3654,Доход,Услуга,Безнал,Стрижка и укладка,08.05.2024,5,,,,,"р.0,00","р.4 500,00","р.4 500,00"
3655,Доход,Услуга,Наличные,Стрижка и укладка,08.05.2024,5,,,,,"р.0,00","р.4 500,00","р.4 500,00"
3656,Доход,Услуга,Наличные,Стрижка и укладка,08.05.2024,5,,,,,"р.0,00","р.4 500,00","р.4 500,00"
3657,Доход,Товар,Безнал,Продажа шампуня,08.05.2024,5,,,,,"р.0,00","р.500,00","р.500,00"
3658,Расход,Товар,Наличные,Закупка полотенец,09.05.2024,5,,,,,"р.0,00","р.1 000,00","р.1 000,00"
3659,Доход,Услуга,Безнал,Стрижка старшего мастера,09.05.2024,5,,,,,"р.0,00","р.5 500,00","р.5 500,00"
3660,Доход,Услуга,Безнал,Стрижка старшего мастера,09.05.2024,5,,,,,"р.0,00","р.5 500,00","р.5 500,00"
3661,Доход,Услуга,Наличные,Стрижка и укладка,09.05.2024,5,,,,,"р.0,00","р.4 500,00","р.4 500,00"
3662,Доход,Товар,Наличные,Продажа шампуня,09.05.2024,5,,,,,"р.0,00","р.500,00","р.500,00"
3663,Доход,Услуга,Безнал,Стрижка старшего мастера,09.05.2024,5,,,,,"р.0,00","р.5 500,00","р.5 500,00"
3664,Расход,Товар,Безнал,Закупка полотенец,09.05.2024,5,,,,,"р.0,00","р.1 000,00","р.1 000,00"
3665,Доход,Услуга,Наличные,Стрижка старшего мастера,09.05.2024,5,,,,,"р.0,00","р.5 500,00","р.5 500,00"
3666,Доход,Услуга,Безнал,Стрижка и укладка,09.05.2024,5,42gbcz139161,5,Посты в VK,"0,15","р.675,00","р.4 500,00","р.3 825,00"
3667,Доход,Товар,Безнал,Продажа шампуня и кондиционера,09.05.2024,5,,,,,"р.0,00","р.1 000,00","р.1 000,00"
3668,Доход,Услуга,Безнал,Стрижка и укладка,09.05.2024,5,,,,,"р.0,00","р.4 500,00","р.4 500,00"
3669,Доход,Услуга,Наличные,Обычная стрижка,09.05.2024,5,,,,,"р.0,00","р.3 500,00","р.3 500,00"
3670,Расход,Товар,Безнал,Закупка резинок,09.05.2024,5,,,,,"р.0,00","р.500,00","р.500,00"
3671,Доход,Услуга,Наличные,Обычная стрижка,09.05.2024,5,,,,,"р.0,00","р.3 500,00","р.3 500,00"
3672,Доход,Услуга,Безнал,Стрижка и укладка,09.05.2024,5,,,,,"р.0,00","р.4 500,00","р.4 500,00"
3673,Доход,Товар,Безнал,Продажа шампуня,09.05.2024,5,42gbcz1531983,7,Сторис в VK,"0,15","р.75,00","р.500,00","р.425,00"
3674,Доход,Услуга,Безнал,Стрижка старшего мастера,09.05.2024,5,,,,,"р.0,00","р.5 500,00","р.5 500,00"
3675,Доход,Товар,Безнал,Продажа геля,09.05.2024,5,,,,,"р.0,00","р.300,00","р.300,00"
3676,Доход,Услуга,Наличные,Обычная стрижка,09.05.2024,5,42gbcz1899417,6,Реклама в VK,"0,20","р.700,00","р.3 500,00","р.2 800,00"
3677,Доход,Услуга,Наличные,Обычная стрижка,09.05.2024,5,,,,,"р.0,00","р.3 500,00","р.3 500,00"
3678,Доход,Услуга,Безнал,Обычная стрижка,09.05.2024,5,42gbcz2052640,6,Реклама в VK,"0,20","р.700,00","р.3 500,00","р.2 800,00"
3679,Доход,Услуга,Безнал,Стрижка старшего мастера,09.05.2024,5,42gbcz3594236,1,Обещаем скидки,"0,10","р.550,00","р.5 500,00","р.4 950,00"
3680,Доход,Услуга,Безнал,Обычная стрижка,09.05.2024,5,,,,,"р.0,00","р.3 500,00","р.3 500,00"
3681,Доход,Услуга,Безнал,Стрижка и укладка,09.05.2024,5,42gbcz2600902,6,Реклама в VK,"0,20","р.900,00","р.4 500,00","р.3 600,00"
3682,Расход,Товар,Безнал,Прочие расходы,09.05.2024,5,,,,,"р.0,00","р.300,00","р.300,00"
3683,Доход,Услуга,Безнал,Обычная стрижка,09.05.2024,5,,,,,"р.0,00","р.3 500,00","р.3 500,00"
3684,Доход,Товар,Безнал,Продажа геля,10.05.2024,5,,,,,"р.0,00","р.300,00","р.300,00"
3685,Доход,Услуга,Безнал,Обычная стрижка,10.05.2024,5,,,,,"р.0,00","р.3 500,00","р.3 500,00"
3686,Доход,Услуга,Наличные,Стрижка и укладка,10.05.2024,5,42gbcz2371026,7,Сторис в VK,"0,15","р.675,00","р.4 500,00","р.3 825,00"
3687,Доход,Услуга,Безнал,Стрижка и укладка,10.05.2024,5,,,,,"р.0,00","р.4 500,00","р.4 500,00"
3688,Расход,Товар,Безнал,Закупка полотенец,10.05.2024,5,,,,,"р.0,00","р.1 000,00","р.1 000,00"
3689,Доход,Товар,Безнал,Продажа геля,10.05.2024,5,,,,,"р.0,00","р.300,00","р.300,00"
3690,Доход,Услуга,Безнал,Обычная стрижка,10.05.2024,5,,,,,"р.0,00","р.3 500,00","р.3 500,00"
3691,Доход,Услуга,Безнал,Обычная стрижка,10.05.2024,5,,,,,"р.0,00","р.3 500,00","р.3 500,00"
3692,Расход,Товар,Безнал,Закупка резинок,10.05.2024,5,,,,,"р.0,00","р.500,00","р.500,00"
3693,Доход,Услуга,Наличные,Стрижка и укладка,10.05.2024,5,42gbcz648174,3,Поисковые запросы в Яндексе,"0,05","р.225,00","р.4 500,00","р.4 275,00"
3694,Доход,Услуга,Безнал,Стрижка старшего мастера,10.05.2024,5,,,,,"р.0,00","р.5 500,00","р.5 500,00"
3695,Доход,Услуга,Безнал,Стрижка старшего мастера,10.05.2024,5,,,,,"р.0,00","р.5 500,00","р.5 500,00"
3696,Доход,Товар,Наличные,Продажа шампуня и кондиционера,10.05.2024,5,,,,,"р.0,00","р.1 000,00","р.1 000,00"
3697,Доход,Товар,Безнал,Продажа шампуня и кондиционера,10.05.2024,5,,,,,"р.0,00","р.1 000,00","р.1 000,00"
3698,Доход,Услуга,Наличные,Стрижка и укладка,10.05.2024,5,,,,,"р.0,00","р.4 500,00","р.4 500,00"
3699,Доход,Услуга,Безнал,Стрижка и укладка,10.05.2024,5,42gbcz1824018,2,Поисковые запросы в Гугле,"0,10","р.450,00","р.4 500,00","р.4 050,00"
3700,Доход,Товар,Наличные,Продажа геля,10.05.2024,5,,,,,"р.0,00","р.300,00","р.300,00"
3701,Расход,Товар,Безнал,Закупка полотенец,10.05.2024,5,,,,,"р.0,00","р.1 000,00","р.1 000,00"
3702,Доход,Услуга,Наличные,Стрижка и укладка,10.05.2024,5,,,,,"р.0,00","р.4 500,00","р.4 500,00"
3703,Доход,Услуга,Безнал,Обычная стрижка,10.05.2024,5,42gbcz2275761,6,Реклама в VK,"0,20","р.700,00","р.3 500,00","р.2 800,00"
3704,Доход,Услуга,Безнал,Стрижка и укладка,10.05.2024,5,,,,,"р.0,00","р.4 500,00","р.4 500,00"
3705,Доход,Услуга,Безнал,Стрижка старшего мастера,10.05.2024,5,,,,,"р.0,00","р.5 500,00","р.5 500,00"
3706,Доход,Услуга,Безнал,Обычная стрижка,10.05.2024,5,,,,,"р.0,00","р.3 500,00","р.3 500,00"
3707,Доход,Услуга,Безнал,Стрижка и укладка,10.05.2024,5,,,,,"р.0,00","р.4 500,00","р.4 500,00"
3708,Доход,Услуга,Безнал,Стрижка и укладка,10.05.2024,5,,,,,"р.0,00","р.4 500,00","р.4 500,00"
3709,Доход,Услуга,Безнал,Стрижка старшего мастера,10.05.2024,5,,,,,"р.0,00","р.5 500,00","р.5 500,00"
3710,Расход,Товар,Безнал,Закупка резинок,11.05.2024,5,,,,,"р.0,00","р.500,00","р.500,00"
3711,Доход,Товар,Безнал,Продажа шампуня и кондиционера,11.05.2024,5,,,,,"р.0,00","р.1 000,00","р.1 000,00"
3712,Доход,Услуга,Наличные,Стрижка старшего мастера,11.05.2024,5,42gbcz1886457,4,Посты в Telegram,"0,50","р.2 750,00","р.5 500,00","р.2 750,00"
3713,Расход,Товар,Безнал,Закупка полотенец,11.05.2024,5,,,,,"р.0,00","р.1 000,00","р.1 000,00"
3714,Доход,Услуга,Безнал,Стрижка и укладка,11.05.2024,5,42gbcz2671723,3,Поисковые запросы в Яндексе,"0,05","р.225,00","р.4 500,00","р.4 275,00"
3715,Расход,Товар,Наличные,Прочие расходы,11.05.2024,5,,,,,"р.0,00","р.300,00","р.300,00"
3716,Расход,Товар,Безнал,Закупка резинок,11.05.2024,5,,,,,"р.0,00","р.500,00","р.500,00"
3717,Доход,Услуга,Безнал,Стрижка и укладка,11.05.2024,5,,,,,"р.0,00","р.4 500,00","р.4 500,00"
3718,Доход,Услуга,Наличные,Стрижка и укладка,11.05.2024,5,,,,,"р.0,00","р.4 500,00","р.4 500,00"
3719,Доход,Услуга,Наличные,Стрижка старшего мастера,11.05.2024,5,,,,,"р.0,00","р.5 500,00","р.5 500,00"
3720,Доход,Товар,Безнал,Продажа шампуня и кондиционера,11.05.2024,5,,,,,"р.0,00","р.1 000,00","р.1 000,00"
3721,Доход,Услуга,Безнал,Стрижка и укладка,11.05.2024,5,,,,,"р.0,00","р.4 500,00","р.4 500,00"
3722,Доход,Услуга,Безнал,Обычная стрижка,11.05.2024,5,,,,,"р.0,00","р.3 500,00","р.3 500,00"
3723,Доход,Товар,Наличные,Продажа шампуня,11.05.2024,5,,,,,"р.0,00","р.500,00","р.500,00"
3724,Доход,Услуга,Безнал,Стрижка и укладка,11.05.2024,5,,,,,"р.0,00","р.4 500,00","р.4 500,00"
3725,Доход,Услуга,Безнал,Стрижка старшего мастера,11.05.2024,5,42gbcz1938051,5,Посты в VK,"0,15","р.825,00","р.5 500,00","р.4 675,00"
3726,Доход,Товар,Безнал,Продажа шампуня,11.05.2024,5,,,,,"р.0,00","р.500,00","р.500,00"
3727,Доход,Услуга,Безнал,Стрижка старшего мастера,11.05.2024,5,,,,,"р.0,00","р.5 500,00","р.5 500,00"
3728,Доход,Товар,Безнал,Продажа шампуня и кондиционера,11.05.2024,5,,,,,"р.0,00","р.1 000,00","р.1 000,00"
3729,Доход,Услуга,Безнал,Стрижка старшего мастера,11.05.2024,5,42gbcz3189003,5,Посты в VK,"0,15","р.825,00","р.5 500,00","р.4 675,00"
3730,Доход,Услуга,Безнал,Стрижка и укладка,11.05.2024,5,,,,,"р.0,00","р.4 500,00","р.4 500,00"
3731,Доход,Услуга,Безнал,Обычная стрижка,11.05.2024,5,,,,,"р.0,00","р.3 500,00","р.3 500,00"
3732,Доход,Услуга,Безнал,Стрижка старшего мастера,11.05.2024,5,,,,,"р.0,00","р.5 500,00","р.5 500,00"
3733,Доход,Услуга,Безнал,Стрижка и укладка,11.05.2024,5,,,,,"р.0,00","р.4 500,00","р.4 500,00"
3734,Доход,Услуга,Безнал,Стрижка старшего мастера,11.05.2024,5,,,,,"р.0,00","р.5 500,00","р.5 500,00"
3735,Доход,Товар,Безнал,Продажа шампуня,11.05.2024,5,,,,,"р.0,00","р.500,00","р.500,00"
3736,Доход,Услуга,Безнал,Обычная стрижка,12.05.2024,5,,,,,"р.0,00","р.3 500,00","р.3 500,00"
3737,Доход,Услуга,Безнал,Стрижка старшего мастера,12.05.2024,5,,,,,"р.0,00","р.5 500,00","р.5 500,00"
3738,Расход,Услуга,Безнал,Рекламный бюджет,12.05.2024,5,,,,,"р.0,00","р.50 000,00","р.50 000,00"
3739,Доход,Услуга,Безнал,Обычная стрижка,12.05.2024,5,,,,,"р.0,00","р.3 500,00","р.3 500,00"
3740,Доход,Услуга,Безнал,Стрижка старшего мастера,12.05.2024,5,,,,,"р.0,00","р.5 500,00","р.5 500,00"
3741,Доход,Услуга,Безнал,Обычная стрижка,12.05.2024,5,,,,,"р.0,00","р.3 500,00","р.3 500,00"
3742,Доход,Услуга,Наличные,Стрижка старшего мастера,12.05.2024,5,,,,,"р.0,00","р.5 500,00","р.5 500,00"
3743,Доход,Товар,Безнал,Продажа шампуня,12.05.2024,5,,,,,"р.0,00","р.500,00","р.500,00"
3744,Доход,Услуга,Безнал,Стрижка и укладка,12.05.2024,5,,,,,"р.0,00","р.4 500,00","р.4 500,00"
3745,Доход,Услуга,Безнал,Стрижка старшего мастера,12.05.2024,5,,,,,"р.0,00","р.5 500,00","р.5 500,00"
3746,Доход,Услуга,Безнал,Стрижка старшего мастера,12.05.2024,5,,,,,"р.0,00","р.5 500,00","р.5 500,00"
3747,Доход,Услуга,Безнал,Обычная стрижка,12.05.2024,5,42gbcz448440,5,Посты в VK,"0,15","р.525,00","р.3 500,00","р.2 975,00"
3748,Доход,Услуга,Безнал,Стрижка старшего мастера,12.05.2024,5,,,,,"р.0,00","р.5 500,00","р.5 500,00"
3749,Доход,Товар,Безнал,Продажа геля,12.05.2024,5,,,,,"р.0,00","р.300,00","р.300,00"
3750,Доход,Услуга,Безнал,Стрижка и укладка,12.05.2024,5,42gbcz1279299,1,Обещаем скидки,"0,10","р.450,00","р.4 500,00","р.4 050,00"
3751,Расход,Товар,Безнал,Прочие расходы,12.05.2024,5,,,,,"р.0,00","р.300,00","р.300,00"
3752,Доход,Услуга,Безнал,Стрижка старшего мастера,12.05.2024,5,,,,,"р.0,00","р.5 500,00","р.5 500,00"
3753,Доход,Услуга,Безнал,Обычная стрижка,12.05.2024,5,,,,,"р.0,00","р.3 500,00","р.3 500,00"
3754,Доход,Услуга,Наличные,Обычная стрижка,12.05.2024,5,42gbcz2933929,3,Поисковые запросы в Яндексе,"0,05","р.175,00","р.3 500,00","р.3 325,00"
3755,Расход,Товар,Безнал,Прочие расходы,12.05.2024,5,,,,,"р.0,00","р.300,00","р.300,00"
3756,Доход,Услуга,Безнал,Обычная стрижка,12.05.2024,5,,,,,"р.0,00","р.3 500,00","р.3 500,00"
3757,Доход,Услуга,Безнал,Стрижка и укладка,12.05.2024,5,,,,,"р.0,00","р.4 500,00","р.4 500,00"
3758,Доход,Услуга,Безнал,Стрижка и укладка,12.05.2024,5,,,,,"р.0,00","р.4 500,00","р.4 500,00"
3759,Доход,Услуга,Безнал,Стрижка и укладка,12.05.2024,5,42gbcz1270766,2,Поисковые запросы в Гугле,"0,10","р.450,00","р.4 500,00","р.4 050,00"
3760,Доход,Услуга,Безнал,Обычная стрижка,12.05.2024,5,,,,,"р.0,00","р.3 500,00","р.3 500,00"
3761,Доход,Услуга,Наличные,Стрижка и укладка,12.05.2024,5,,,,,"р.0,00","р.4 500,00","р.4 500,00"
3762,Доход,Услуга,Наличные,Обычная стрижка,13.05.2024,5,,,,,"р.0,00","р.3 500,00","р.3 500,00"
3763,Доход,Услуга,Безнал,Стрижка и укладка,13.05.2024,5,,,,,"р.0,00","р.4 500,00","р.4 500,00"
3764,Доход,Услуга,Безнал,Стрижка и укладка,13.05.2024,5,,,,,"р.0,00","р.4 500,00","р.4 500,00"
3765,Доход,Услуга,Наличные,Обычная стрижка,13.05.2024,5,,,,,"р.0,00","р.3 500,00","р.3 500,00"
3766,Доход,Товар,Наличные,Продажа геля,13.05.2024,5,,,,,"р.0,00","р.300,00","р.300,00"
3767,Доход,Услуга,Безнал,Обычная стрижка,13.05.2024,5,,,,,"р.0,00","р.3 500,00","р.3 500,00"
3768,Расход,Товар,Безнал,Закупка полотенец,13.05.2024,5,,,,,"р.0,00","р.1 000,00","р.1 000,00"
3769,Доход,Товар,Наличные,Продажа геля,13.05.2024,5,,,,,"р.0,00","р.300,00","р.300,00"
3770,Расход,Товар,Безнал,Прочие расходы,13.05.2024,5,,,,,"р.0,00","р.300,00","р.300,00"
3771,Доход,Услуга,Наличные,Обычная стрижка,13.05.2024,5,,,,,"р.0,00","р.3 500,00","р.3 500,00"
3772,Доход,Товар,Безнал,Продажа шампуня и кондиционера,13.05.2024,5,,,,,"р.0,00","р.1 000,00","р.1 000,00"
3773,Расход,Товар,Безнал,Прочие расходы,13.05.2024,5,,,,,"р.0,00","р.300,00","р.300,00"
3774,Доход,Товар,Безнал,Продажа шампуня и кондиционера,13.05.2024,5,42gbcz3099569,4,Посты в Telegram,"0,50","р.500,00","р.1 000,00","р.500,00"
3775,Расход,Товар,Безнал,Закупка резинок,13.05.2024,5,,,,,"р.0,00","р.500,00","р.500,00"
3776,Доход,Услуга,Безнал,Стрижка старшего мастера,13.05.2024,5,,,,,"р.0,00","р.5 500,00","р.5 500,00"
3777,Доход,Услуга,Безнал,Стрижка старшего мастера,13.05.2024,5,42gbcz432984,2,Поисковые запросы в Гугле,"0,10","р.550,00","р.5 500,00","р.4 950,00"
3778,Доход,Услуга,Безнал,Стрижка старшего мастера,13.05.2024,5,,,,,"р.0,00","р.5 500,00","р.5 500,00"
3779,Доход,Товар,Безнал,Продажа геля,13.05.2024,5,,,,,"р.0,00","р.300,00","р.300,00"
3780,Доход,Услуга,Безнал,Стрижка и укладка,13.05.2024,5,,,,,"р.0,00","р.4 500,00","р.4 500,00"
3781,Доход,Услуга,Наличные,Стрижка старшего мастера,13.05.2024,5,,,,,"р.0,00","р.5 500,00","р.5 500,00"
3782,Доход,Услуга,Безнал,Стрижка старшего мастера,13.05.2024,5,,,,,"р.0,00","р.5 500,00","р.5 500,00"
3783,Доход,Услуга,Безнал,Стрижка и укладка,13.05.2024,5,,,,,"р.0,00","р.4 500,00","р.4 500,00"
3784,Доход,Услуга,Безнал,Обычная стрижка,13.05.2024,5,,,,,"р.0,00","р.3 500,00","р.3 500,00"
3785,Доход,Услуга,Безнал,Стрижка и укладка,13.05.2024,5,,,,,"р.0,00","р.4 500,00","р.4 500,00"
3786,Доход,Услуга,Наличные,Обычная стрижка,13.05.2024,5,,,,,"р.0,00","р.3 500,00","р.3 500,00"
3787,Доход,Услуга,Безнал,Стрижка старшего мастера,13.05.2024,5,,,,,"р.0,00","р.5 500,00","р.5 500,00"
3788,Доход,Услуга,Безнал,Стрижка старшего мастера,14.05.2024,5,42gbcz1651516,4,Посты в Telegram,"0,50","р.2 750,00","р.5 500,00","р.2 750,00"
3789,Доход,Товар,Безнал,Продажа шампуня и кондиционера,14.05.2024,5,,,,,"р.0,00","р.1 000,00","р.1 000,00"
3790,Доход,Услуга,Наличные,Стрижка и укладка,14.05.2024,5,,,,,"р.0,00","р.4 500,00","р.4 500,00"
3791,Доход,Услуга,Безнал,Стрижка старшего мастера,14.05.2024,5,,,,,"р.0,00","р.5 500,00","р.5 500,00"
3792,Расход,Товар,Наличные,Закупка резинок,14.05.2024,5,,,,,"р.0,00","р.500,00","р.500,00"
3793,Расход,Товар,Безнал,Закупка полотенец,14.05.2024,5,,,,,"р.0,00","р.1 000,00","р.1 000,00"
3794,Доход,Услуга,Безнал,Стрижка старшего мастера,14.05.2024,5,,,,,"р.0,00","р.5 500,00","р.5 500,00"
3795,Расход,Товар,Безнал,Прочие расходы,14.05.2024,5,,,,,"р.0,00","р.300,00","р.300,00"
3796,Доход,Услуга,Безнал,Стрижка старшего мастера,14.05.2024,5,,,,,"р.0,00","р.5 500,00","р.5 500,00"
3797,Доход,Услуга,Безнал,Обычная стрижка,14.05.2024,5,,,,,"р.0,00","р.3 500,00","р.3 500,00"
3798,Доход,Услуга,Безнал,Стрижка и укладка,14.05.2024,5,,,,,"р.0,00","р.4 500,00","р.4 500,00"
3799,Доход,Услуга,Безнал,Стрижка и укладка,14.05.2024,5,42gbcz363404,4,Посты в Telegram,"0,50","р.2 250,00","р.4 500,00","р.2 250,00"
3800,Расход,Товар,Безнал,Закупка полотенец,14.05.2024,5,,,,,"р.0,00","р.1 000,00","р.1 000,00"
3801,Доход,Товар,Безнал,Продажа шампуня и кондиционера,14.05.2024,5,,,,,"р.0,00","р.1 000,00","р.1 000,00"
3802,Расход,Товар,Безнал,Закупка резинок,14.05.2024,5,,,,,"р.0,00","р.500,00","р.500,00"
3803,Доход,Услуга,Безнал,Обычная стрижка,14.05.2024,5,,,,,"р.0,00","р.3 500,00","р.3 500,00"
3804,Доход,Услуга,Наличные,Стрижка старшего мастера,14.05.2024,5,,,,,"р.0,00","р.5 500,00","р.5 500,00"
3805,Доход,Услуга,Безнал,Стрижка старшего мастера,14.05.2024,5,,,,,"р.0,00","р.5 500,00","р.5 500,00"
3806,Доход,Услуга,Безнал,Стрижка старшего мастера,14.05.2024,5,,,,,"р.0,00","р.5 500,00","р.5 500,00"
3807,Доход,Услуга,Безнал,Стрижка и укладка,14.05.2024,5,,,,,"р.0,00","р.4 500,00","р.4 500,00"
3808,Доход,Товар,Безнал,Продажа шампуня,14.05.2024,5,,,,,"р.0,00","р.500,00","р.500,00"
3809,Доход,Услуга,Безнал,Стрижка и укладка,14.05.2024,5,,,,,"р.0,00","р.4 500,00","р.4 500,00"
3810,Доход,Услуга,Безнал,Стрижка старшего мастера,14.05.2024,5,,,,,"р.0,00","р.5 500,00","р.5 500,00"
3811,Доход,Товар,Безнал,Продажа шампуня,14.05.2024,5,,,,,"р.0,00","р.500,00","р.500,00"
3812,Доход,Услуга,Безнал,Обычная стрижка,14.05.2024,5,,,,,"р.0,00","р.3 500,00","р.3 500,00"
3813,Доход,Услуга,Безнал,Стрижка старшего мастера,14.05.2024,5,,,,,"р.0,00","р.5 500,00","р.5 500,00"
3814,Расход,Товар,Безнал,Закупка резинок,15.05.2024,5,,,,,"р.0,00","р.500,00","р.500,00"
3815,Доход,Услуга,Безнал,Обычная стрижка,15.05.2024,5,,,,,"р.0,00","р.3 500,00","р.3 500,00"
3816,Доход,Услуга,Безнал,Стрижка и укладка,15.05.2024,5,,,,,"р.0,00","р.4 500,00","р.4 500,00"
3817,Доход,Услуга,Безнал,Стрижка старшего мастера,15.05.2024,5,,,,,"р.0,00","р.5 500,00","р.5 500,00"
3818,Доход,Товар,Безнал,Продажа шампуня,15.05.2024,5,,,,,"р.0,00","р.500,00","р.500,00"
3819,Расход,Товар,Безнал,Закупка полотенец,15.05.2024,5,,,,,"р.0,00","р.1 000,00","р.1 000,00"
3820,Доход,Услуга,Безнал,Обычная стрижка,15.05.2024,5,,,,,"р.0,00","р.3 500,00","р.3 500,00"
3821,Доход,Услуга,Безнал,Стрижка и укладка,15.05.2024,5,,,,,"р.0,00","р.4 500,00","р.4 500,00"
3822,Доход,Товар,Безнал,Продажа геля,15.05.2024,5,,,,,"р.0,00","р.300,00","р.300,00"
3823,Доход,Товар,Безнал,Продажа шампуня и кондиционера,15.05.2024,5,,,,,"р.0,00","р.1 000,00","р.1 000,00"
3824,Доход,Услуга,Безнал,Обычная стрижка,15.05.2024,5,,,,,"р.0,00","р.3 500,00","р.3 500,00"
3825,Доход,Услуга,Безнал,Стрижка старшего мастера,15.05.2024,5,,,,,"р.0,00","р.5 500,00","р.5 500,00"
3826,Доход,Услуга,Безнал,Стрижка и укладка,15.05.2024,5,,,,,"р.0,00","р.4 500,00","р.4 500,00"
3827,Расход,Товар,Наличные,Прочие расходы,15.05.2024,5,,,,,"р.0,00","р.300,00","р.300,00"
3828,Доход,Услуга,Безнал,Стрижка старшего мастера,15.05.2024,5,,,,,"р.0,00","р.5 500,00","р.5 500,00"
3829,Доход,Услуга,Безнал,Стрижка старшего мастера,15.05.2024,5,42gbcz2888620,6,Реклама в VK,"0,20","р.1 100,00","р.5 500,00","р.4 400,00"
3830,Доход,Услуга,Наличные,Обычная стрижка,15.05.2024,5,,,,,"р.0,00","р.3 500,00","р.3 500,00"
3831,Доход,Услуга,Наличные,Стрижка старшего мастера,15.05.2024,5,,,,,"р.0,00","р.5 500,00","р.5 500,00"
3832,Доход,Товар,Безнал,Продажа геля,15.05.2024,5,,,,,"р.0,00","р.300,00","р.300,00"
3833,Расход,Товар,Наличные,Закупка полотенец,15.05.2024,5,,,,,"р.0,00","р.1 000,00","р.1 000,00"
3834,Доход,Услуга,Безнал,Стрижка и укладка,15.05.2024,5,,,,,"р.0,00","р.4 500,00","р.4 500,00"
3835,Доход,Услуга,Наличные,Стрижка старшего мастера,15.05.2024,5,,,,,"р.0,00","р.5 500,00","р.5 500,00"
3836,Доход,Услуга,Наличные,Стрижка и укладка,15.05.2024,5,,,,,"р.0,00","р.4 500,00","р.4 500,00"
3837,Расход,Товар,Безнал,Прочие расходы,15.05.2024,5,,,,,"р.0,00","р.300,00","р.300,00"
3838,Расход,Товар,Безнал,Прочие расходы,15.05.2024,5,,,,,"р.0,00","р.300,00","р.300,00"
3839,Доход,Услуга,Безнал,Стрижка и укладка,15.05.2024,5,,,,,"р.0,00","р.4 500,00","р.4 500,00"
3840,Доход,Услуга,Безнал,Обычная стрижка,16.05.2024,5,,,,,"р.0,00","р.3 500,00","р.3 500,00"
3841,Доход,Услуга,Безнал,Стрижка и укладка,16.05.2024,5,,,,,"р.0,00","р.4 500,00","р.4 500,00"
3842,Доход,Услуга,Наличные,Стрижка и укладка,16.05.2024,5,,,,,"р.0,00","р.4 500,00","р.4 500,00"
3843,Доход,Товар,Наличные,Продажа шампуня,16.05.2024,5,,,,,"р.0,00","р.500,00","р.500,00"
3844,Доход,Услуга,Безнал,Стрижка и укладка,16.05.2024,5,,,,,"р.0,00","р.4 500,00","р.4 500,00"
3845,Расход,Товар,Наличные,Закупка резинок,16.05.2024,5,,,,,"р.0,00","р.500,00","р.500,00"
3846,Доход,Товар,Безнал,Продажа геля,16.05.2024,5,,,,,"р.0,00","р.300,00","р.300,00"
3847,Расход,Товар,Наличные,Закупка полотенец,16.05.2024,5,,,,,"р.0,00","р.1 000,00","р.1 000,00"
3848,Доход,Товар,Безнал,Продажа шампуня,16.05.2024,5,,,,,"р.0,00","р.500,00","р.500,00"
3849,Доход,Услуга,Безнал,Обычная стрижка,16.05.2024,5,,,,,"р.0,00","р.3 500,00","р.3 500,00"
3850,Доход,Услуга,Безнал,Обычная стрижка,16.05.2024,5,,,,,"р.0,00","р.3 500,00","р.3 500,00"
3851,Расход,Товар,Безнал,Закупка полотенец,16.05.2024,5,,,,,"р.0,00","р.1 000,00","р.1 000,00"
3852,Расход,Товар,Безнал,Прочие расходы,16.05.2024,5,,,,,"р.0,00","р.300,00","р.300,00"
3853,Расход,Товар,Безнал,Закупка резинок,16.05.2024,5,,,,,"р.0,00","р.500,00","р.500,00"
3854,Доход,Услуга,Безнал,Обычная стрижка,16.05.2024,5,,,,,"р.0,00","р.3 500,00","р.3 500,00"
3855,Доход,Услуга,Безнал,Стрижка и укладка,16.05.2024,5,,,,,"р.0,00","р.4 500,00","р.4 500,00"
3856,Доход,Товар,Наличные,Продажа шампуня,16.05.2024,5,,,,,"р.0,00","р.500,00","р.500,00"
3857,Доход,Услуга,Безнал,Стрижка и укладка,16.05.2024,5,,,,,"р.0,00","р.4 500,00","р.4 500,00"
3858,Доход,Услуга,Безнал,Стрижка и укладка,16.05.2024,5,,,,,"р.0,00","р.4 500,00","р.4 500,00"
3859,Доход,Услуга,Наличные,Стрижка старшего мастера,16.05.2024,5,,,,,"р.0,00","р.5 500,00","р.5 500,00"
3860,Доход,Услуга,Наличные,Обычная стрижка,16.05.2024,5,,,,,"р.0,00","р.3 500,00","р.3 500,00"
3861,Доход,Товар,Безнал,Продажа геля,16.05.2024,5,,,,,"р.0,00","р.300,00","р.300,00"
3862,Доход,Товар,Безнал,Продажа шампуня и кондиционера,16.05.2024,5,42gbcz789185,6,Реклама в VK,"0,20","р.200,00","р.1 000,00","р.800,00"
3863,Доход,Товар,Безнал,Продажа геля,16.05.2024,5,,,,,"р.0,00","р.300,00","р.300,00"
3864,Доход,Услуга,Безнал,Стрижка старшего мастера,16.05.2024,5,,,,,"р.0,00","р.5 500,00","р.5 500,00"
3865,Доход,Товар,Безнал,Продажа шампуня,16.05.2024,5,,,,,"р.0,00","р.500,00","р.500,00"
3866,Расход,Товар,Безнал,Закупка полотенец,17.05.2024,5,,,,,"р.0,00","р.1 000,00","р.1 000,00"
3867,Доход,Товар,Безнал,Продажа шампуня,17.05.2024,5,,,,,"р.0,00","р.500,00","р.500,00"
3868,Доход,Услуга,Безнал,Обычная стрижка,17.05.2024,5,,,,,"р.0,00","р.3 500,00","р.3 500,00"
3869,Расход,Товар,Безнал,Закупка полотенец,17.05.2024,5,,,,,"р.0,00","р.1 000,00","р.1 000,00"
3870,Доход,Услуга,Безнал,Стрижка старшего мастера,17.05.2024,5,,,,,"р.0,00","р.5 500,00","р.5 500,00"
3871,Доход,Услуга,Безнал,Обычная стрижка,17.05.2024,5,,,,,"р.0,00","р.3 500,00","р.3 500,00"
3872,Доход,Услуга,Безнал,Стрижка и укладка,17.05.2024,5,,,,,"р.0,00","р.4 500,00","р.4 500,00"
3873,Расход,Товар,Безнал,Закупка резинок,17.05.2024,5,,,,,"р.0,00","р.500,00","р.500,00"
3874,Доход,Услуга,Наличные,Обычная стрижка,17.05.2024,5,,,,,"р.0,00","р.3 500,00","р.3 500,00"
3875,Доход,Услуга,Наличные,Стрижка и укладка,17.05.2024,5,,,,,"р.0,00","р.4 500,00","р.4 500,00"
3876,Доход,Услуга,Безнал,Стрижка и укладка,17.05.2024,5,,,,,"р.0,00","р.4 500,00","р.4 500,00"
3877,Доход,Товар,Безнал,Продажа геля,17.05.2024,5,,,,,"р.0,00","р.300,00","р.300,00"
3878,Доход,Услуга,Безнал,Стрижка и укладка,17.05.2024,5,,,,,"р.0,00","р.4 500,00","р.4 500,00"
3879,Доход,Услуга,Безнал,Стрижка и укладка,17.05.2024,5,,,,,"р.0,00","р.4 500,00","р.4 500,00"
3880,Доход,Услуга,Безнал,Стрижка старшего мастера,17.05.2024,5,,,,,"р.0,00","р.5 500,00","р.5 500,00"
3881,Доход,Услуга,Наличные,Стрижка старшего мастера,17.05.2024,5,,,,,"р.0,00","р.5 500,00","р.5 500,00"
3882,Доход,Услуга,Безнал,Стрижка старшего мастера,17.05.2024,5,,,,,"р.0,00","р.5 500,00","р.5 500,00"
3883,Расход,Товар,Наличные,Прочие расходы,17.05.2024,5,,,,,"р.0,00","р.300,00","р.300,00"
3884,Доход,Услуга,Безнал,Стрижка и укладка,17.05.2024,5,42gbcz3051081,7,Сторис в VK,"0,15","р.675,00","р.4 500,00","р.3 825,00"
3885,Доход,Услуга,Безнал,Стрижка и укладка,17.05.2024,5,,,,,"р.0,00","р.4 500,00","р.4 500,00"
3886,Доход,Услуга,Безнал,Стрижка и укладка,17.05.2024,5,,,,,"р.0,00","р.4 500,00","р.4 500,00"
3887,Доход,Услуга,Безнал,Обычная стрижка,17.05.2024,5,,,,,"р.0,00","р.3 500,00","р.3 500,00"
3888,Доход,Услуга,Наличные,Стрижка старшего мастера,17.05.2024,5,,,,,"р.0,00","р.5 500,00","р.5 500,00"
3889,Доход,Услуга,Наличные,Стрижка старшего мастера,17.05.2024,5,,,,,"р.0,00","р.5 500,00","р.5 500,00"
3890,Доход,Услуга,Безнал,Обычная стрижка,17.05.2024,5,,,,,"р.0,00","р.3 500,00","р.3 500,00"
3891,Доход,Услуга,Безнал,Обычная стрижка,17.05.2024,5,,,,,"р.0,00","р.3 500,00","р.3 500,00"
3892,Доход,Услуга,Безнал,Обычная стрижка,18.05.2024,5,,,,,"р.0,00","р.3 500,00","р.3 500,00"
3893,Доход,Услуга,Безнал,Стрижка и укладка,18.05.2024,5,,,,,"р.0,00","р.4 500,00","р.4 500,00"
3894,Доход,Товар,Наличные,Продажа геля,18.05.2024,5,,,,,"р.0,00","р.300,00","р.300,00"
3895,Доход,Услуга,Безнал,Обычная стрижка,18.05.2024,5,,,,,"р.0,00","р.3 500,00","р.3 500,00"
3896,Доход,Товар,Безнал,Продажа шампуня и кондиционера,18.05.2024,5,,,,,"р.0,00","р.1 000,00","р.1 000,00"
3897,Доход,Услуга,Безнал,Стрижка и укладка,18.05.2024,5,,,,,"р.0,00","р.4 500,00","р.4 500,00"
3898,Доход,Услуга,Безнал,Стрижка старшего мастера,18.05.2024,5,,,,,"р.0,00","р.5 500,00","р.5 500,00"
3899,Доход,Услуга,Безнал,Стрижка и укладка,18.05.2024,5,,,,,"р.0,00","р.4 500,00","р.4 500,00"
3900,Расход,Услуга,Безнал,Зарплата,18.05.2024,5,,,,,"р.0,00","р.82 500,00","р.82 500,00"
3901,Расход,Услуга,Безнал,Зарплата,18.05.2024,5,,,,,"р.0,00","р.82 500,00","р.82 500,00"
3902,Расход,Услуга,Безнал,Зарплата,18.05.2024,5,,,,,"р.0,00","р.82 500,00","р.82 500,00"
3903,Расход,Услуга,Безнал,Зарплата,18.05.2024,5,,,,,"р.0,00","р.82 500,00","р.82 500,00"
3904,Расход,Услуга,Безнал,Зарплата,18.05.2024,5,,,,,"р.0,00","р.82 500,00","р.82 500,00"
3905,Расход,Услуга,Безнал,Зарплата,18.05.2024,5,,,,,"р.0,00","р.82 500,00","р.82 500,00"
3906,Расход,Услуга,Безнал,Зарплата,18.05.2024,5,,,,,"р.0,00","р.82 500,00","р.82 500,00"
3907,Расход,Услуга,Безнал,Зарплата,18.05.2024,5,,,,,"р.0,00","р.82 500,00","р.82 500,00"
3908,Доход,Услуга,Безнал,Обычная стрижка,18.05.2024,5,,,,,"р.0,00","р.3 500,00","р.3 500,00"
3909,Доход,Товар,Безнал,Продажа шампуня,18.05.2024,5,,,,,"р.0,00","р.500,00","р.500,00"
3910,Доход,Услуга,Безнал,Стрижка старшего мастера,18.05.2024,5,42gbcz3020020,7,Сторис в VK,"0,15","р.825,00","р.5 500,00","р.4 675,00"
3911,Доход,Услуга,Безнал,Стрижка и укладка,18.05.2024,5,,,,,"р.0,00","р.4 500,00","р.4 500,00"
3912,Доход,Услуга,Безнал,Стрижка и укладка,18.05.2024,5,,,,,"р.0,00","р.4 500,00","р.4 500,00"
3913,Доход,Товар,Безнал,Продажа шампуня,18.05.2024,5,,,,,"р.0,00","р.500,00","р.500,00"
3914,Доход,Услуга,Безнал,Обычная стрижка,18.05.2024,5,,,,,"р.0,00","р.3 500,00","р.3 500,00"
3915,Доход,Услуга,Безнал,Стрижка старшего мастера,18.05.2024,5,,,,,"р.0,00","р.5 500,00","р.5 500,00"
3916,Доход,Услуга,Безнал,Стрижка и укладка,18.05.2024,5,,,,,"р.0,00","р.4 500,00","р.4 500,00"
3917,Расход,Товар,Безнал,Закупка резинок,18.05.2024,5,,,,,"р.0,00","р.500,00","р.500,00"
3918,Доход,Услуга,Безнал,Стрижка старшего мастера,19.05.2024,5,,,,,"р.0,00","р.5 500,00","р.5 500,00"
3919,Доход,Услуга,Безнал,Стрижка старшего мастера,19.05.2024,5,,,,,"р.0,00","р.5 500,00","р.5 500,00"
3920,Расход,Товар,Наличные,Закупка полотенец,19.05.2024,5,,,,,"р.0,00","р.1 000,00","р.1 000,00"
3921,Расход,Товар,Наличные,Прочие расходы,19.05.2024,5,,,,,"р.0,00","р.300,00","р.300,00"
3922,Доход,Услуга,Безнал,Стрижка и укладка,19.05.2024,5,,,,,"р.0,00","р.4 500,00","р.4 500,00"
3923,Доход,Услуга,Наличные,Обычная стрижка,19.05.2024,5,42gbcz2683934,1,Обещаем скидки,"0,10","р.350,00","р.3 500,00","р.3 150,00"
3924,Доход,Услуга,Безнал,Обычная стрижка,19.05.2024,5,42gbcz2621644,4,Посты в Telegram,"0,50","р.1 750,00","р.3 500,00","р.1 750,00"
3925,Доход,Услуга,Наличные,Стрижка и укладка,19.05.2024,5,,,,,"р.0,00","р.4 500,00","р.4 500,00"
3926,Доход,Услуга,Безнал,Стрижка и укладка,19.05.2024,5,,,,,"р.0,00","р.4 500,00","р.4 500,00"
3927,Доход,Услуга,Безнал,Стрижка старшего мастера,19.05.2024,5,42gbcz911625,3,Поисковые запросы в Яндексе,"0,05","р.275,00","р.5 500,00","р.5 225,00"
3928,Доход,Услуга,Безнал,Стрижка старшего мастера,19.05.2024,5,42gbcz1021196,3,Поисковые запросы в Яндексе,"0,05","р.275,00","р.5 500,00","р.5 225,00"
3929,Доход,Товар,Безнал,Продажа геля,19.05.2024,5,,,,,"р.0,00","р.300,00","р.300,00"
3930,Доход,Товар,Безнал,Продажа шампуня,19.05.2024,5,,,,,"р.0,00","р.500,00","р.500,00"
3931,Доход,Услуга,Безнал,Стрижка старшего мастера,19.05.2024,5,,,,,"р.0,00","р.5 500,00","р.5 500,00"
3932,Доход,Товар,Безнал,Продажа шампуня,19.05.2024,5,,,,,"р.0,00","р.500,00","р.500,00"
3933,Доход,Услуга,Безнал,Обычная стрижка,19.05.2024,5,,,,,"р.0,00","р.3 500,00","р.3 500,00"
3934,Доход,Услуга,Безнал,Стрижка и укладка,19.05.2024,5,,,,,"р.0,00","р.4 500,00","р.4 500,00"
3935,Доход,Услуга,Безнал,Обычная стрижка,19.05.2024,5,,,,,"р.0,00","р.3 500,00","р.3 500,00"
3936,Доход,Товар,Безнал,Продажа шампуня,19.05.2024,5,,,,,"р.0,00","р.500,00","р.500,00"
3937,Расход,Товар,Безнал,Прочие расходы,19.05.2024,5,,,,,"р.0,00","р.300,00","р.300,00"
3938,Доход,Товар,Безнал,Продажа шампуня и кондиционера,19.05.2024,5,,,,,"р.0,00","р.1 000,00","р.1 000,00"
3939,Расход,Товар,Безнал,Прочие расходы,19.05.2024,5,,,,,"р.0,00","р.300,00","р.300,00"
3940,Доход,Услуга,Безнал,Стрижка и укладка,19.05.2024,5,,,,,"р.0,00","р.4 500,00","р.4 500,00"
3941,Доход,Услуга,Безнал,Стрижка старшего мастера,19.05.2024,5,,,,,"р.0,00","р.5 500,00","р.5 500,00"
3942,Доход,Услуга,Безнал,Стрижка и укладка,19.05.2024,5,42gbcz108947,6,Реклама в VK,"0,20","р.900,00","р.4 500,00","р.3 600,00"
3943,Доход,Услуга,Безнал,Стрижка и укладка,19.05.2024,5,,,,,"р.0,00","р.4 500,00","р.4 500,00"
3944,Доход,Услуга,Безнал,Обычная стрижка,20.05.2024,5,,,,,"р.0,00","р.3 500,00","р.3 500,00"
3945,Доход,Услуга,Безнал,Стрижка старшего мастера,20.05.2024,5,,,,,"р.0,00","р.5 500,00","р.5 500,00"
3946,Доход,Услуга,Безнал,Стрижка старшего мастера,20.05.2024,5,,,,,"р.0,00","р.5 500,00","р.5 500,00"
3947,Доход,Услуга,Безнал,Стрижка и укладка,20.05.2024,5,42gbcz676166,5,Посты в VK,"0,15","р.675,00","р.4 500,00","р.3 825,00"
3948,Доход,Услуга,Безнал,Стрижка и укладка,20.05.2024,5,42gbcz1735887,1,Обещаем скидки,"0,10","р.450,00","р.4 500,00","р.4 050,00"
3949,Доход,Товар,Безнал,Продажа шампуня,20.05.2024,5,,,,,"р.0,00","р.500,00","р.500,00"
3950,Доход,Услуга,Безнал,Обычная стрижка,20.05.2024,5,,,,,"р.0,00","р.3 500,00","р.3 500,00"
3951,Доход,Услуга,Безнал,Стрижка старшего мастера,20.05.2024,5,42gbcz559278,3,Поисковые запросы в Яндексе,"0,05","р.275,00","р.5 500,00","р.5 225,00"
3952,Доход,Товар,Безнал,Продажа шампуня,20.05.2024,5,,,,,"р.0,00","р.500,00","р.500,00"
3953,Доход,Услуга,Безнал,Стрижка старшего мастера,20.05.2024,5,42gbcz2510800,5,Посты в VK,"0,15","р.825,00","р.5 500,00","р.4 675,00"
3954,Доход,Услуга,Безнал,Обычная стрижка,20.05.2024,5,42gbcz3115108,4,Посты в Telegram,"0,50","р.1 750,00","р.3 500,00","р.1 750,00"
3955,Доход,Товар,Безнал,Продажа шампуня и кондиционера,20.05.2024,5,,,,,"р.0,00","р.1 000,00","р.1 000,00"
3956,Доход,Услуга,Безнал,Обычная стрижка,20.05.2024,5,,,,,"р.0,00","р.3 500,00","р.3 500,00"
3957,Расход,Товар,Безнал,Закупка полотенец,20.05.2024,5,,,,,"р.0,00","р.1 000,00","р.1 000,00"
3958,Доход,Услуга,Безнал,Обычная стрижка,20.05.2024,5,,,,,"р.0,00","р.3 500,00","р.3 500,00"
3959,Расход,Товар,Безнал,Закупка резинок,20.05.2024,5,,,,,"р.0,00","р.500,00","р.500,00"
3960,Доход,Услуга,Безнал,Стрижка старшего мастера,20.05.2024,5,,,,,"р.0,00","р.5 500,00","р.5 500,00"
3961,Доход,Услуга,Наличные,Обычная стрижка,20.05.2024,5,,,,,"р.0,00","р.3 500,00","р.3 500,00"
3962,Доход,Услуга,Наличные,Стрижка старшего мастера,20.05.2024,5,,,,,"р.0,00","р.5 500,00","р.5 500,00"
3963,Доход,Товар,Безнал,Продажа шампуня,20.05.2024,5,,,,,"р.0,00","р.500,00","р.500,00"
3964,Доход,Услуга,Безнал,Обычная стрижка,20.05.2024,5,,,,,"р.0,00","р.3 500,00","р.3 500,00"
3965,Доход,Услуга,Безнал,Обычная стрижка,20.05.2024,5,,,,,"р.0,00","р.3 500,00","р.3 500,00"
3966,Доход,Товар,Безнал,Продажа геля,20.05.2024,5,42gbcz2233002,7,Сторис в VK,"0,15","р.45,00","р.300,00","р.255,00"
3967,Доход,Услуга,Безнал,Стрижка старшего мастера,20.05.2024,5,42gbcz1346546,7,Сторис в VK,"0,15","р.825,00","р.5 500,00","р.4 675,00"
3968,Доход,Услуга,Безнал,Обычная стрижка,20.05.2024,5,,,,,"р.0,00","р.3 500,00","р.3 500,00"
3969,Расход,Товар,Безнал,Прочие расходы,20.05.2024,5,,,,,"р.0,00","р.300,00","р.300,00"
3970,Доход,Услуга,Безнал,Обычная стрижка,21.05.2024,5,,,,,"р.0,00","р.3 500,00","р.3 500,00"
3971,Доход,Товар,Безнал,Продажа шампуня и кондиционера,21.05.2024,5,,,,,"р.0,00","р.1 000,00","р.1 000,00"
3972,Расход,Товар,Безнал,Закупка резинок,21.05.2024,5,,,,,"р.0,00","р.500,00","р.500,00"
3973,Доход,Услуга,Безнал,Стрижка и укладка,21.05.2024,5,42gbcz574542,6,Реклама в VK,"0,20","р.900,00","р.4 500,00","р.3 600,00"
3974,Расход,Товар,Наличные,Прочие расходы,21.05.2024,5,,,,,"р.0,00","р.300,00","р.300,00"
3975,Доход,Услуга,Безнал,Стрижка и укладка,21.05.2024,5,,,,,"р.0,00","р.4 500,00","р.4 500,00"
3976,Доход,Товар,Безнал,Продажа шампуня и кондиционера,21.05.2024,5,,,,,"р.0,00","р.1 000,00","р.1 000,00"
3977,Доход,Услуга,Безнал,Стрижка и укладка,21.05.2024,5,,,,,"р.0,00","р.4 500,00","р.4 500,00"
3978,Доход,Услуга,Безнал,Стрижка старшего мастера,21.05.2024,5,,,,,"р.0,00","р.5 500,00","р.5 500,00"
3979,Доход,Услуга,Безнал,Обычная стрижка,21.05.2024,5,42gbcz2416797,5,Посты в VK,"0,15","р.525,00","р.3 500,00","р.2 975,00"
3980,Доход,Товар,Безнал,Продажа шампуня,21.05.2024,5,,,,,"р.0,00","р.500,00","р.500,00"
3981,Расход,Товар,Безнал,Закупка полотенец,21.05.2024,5,,,,,"р.0,00","р.1 000,00","р.1 000,00"
3982,Доход,Товар,Безнал,Продажа шампуня,21.05.2024,5,,,,,"р.0,00","р.500,00","р.500,00"
3983,Доход,Услуга,Безнал,Обычная стрижка,21.05.2024,5,,,,,"р.0,00","р.3 500,00","р.3 500,00"
3984,Доход,Услуга,Безнал,Обычная стрижка,21.05.2024,5,42gbcz2896547,1,Обещаем скидки,"0,10","р.350,00","р.3 500,00","р.3 150,00"
3985,Доход,Услуга,Безнал,Стрижка и укладка,21.05.2024,5,42gbcz745459,2,Поисковые запросы в Гугле,"0,10","р.450,00","р.4 500,00","р.4 050,00"
3986,Расход,Товар,Безнал,Закупка полотенец,21.05.2024,5,,,,,"р.0,00","р.1 000,00","р.1 000,00"
3987,Доход,Услуга,Безнал,Стрижка и укладка,21.05.2024,5,,,,,"р.0,00","р.4 500,00","р.4 500,00"
3988,Доход,Услуга,Безнал,Стрижка старшего мастера,21.05.2024,5,,,,,"р.0,00","р.5 500,00","р.5 500,00"
3989,Доход,Услуга,Безнал,Обычная стрижка,21.05.2024,5,42gbcz211174,4,Посты в Telegram,"0,50","р.1 750,00","р.3 500,00","р.1 750,00"
3990,Доход,Услуга,Безнал,Стрижка старшего мастера,21.05.2024,5,,,,,"р.0,00","р.5 500,00","р.5 500,00"
3991,Доход,Товар,Безнал,Продажа шампуня,21.05.2024,5,,,,,"р.0,00","р.500,00","р.500,00"
3992,Доход,Товар,Безнал,Продажа шампуня и кондиционера,21.05.2024,5,,,,,"р.0,00","р.1 000,00","р.1 000,00"
3993,Доход,Услуга,Безнал,Стрижка старшего мастера,21.05.2024,5,,,,,"р.0,00","р.5 500,00","р.5 500,00"
3994,Доход,Услуга,Безнал,Стрижка старшего мастера,21.05.2024,5,,,,,"р.0,00","р.5 500,00","р.5 500,00"
3995,Доход,Товар,Безнал,Продажа шампуня,21.05.2024,5,,,,,"р.0,00","р.500,00","р.500,00"
3996,Доход,Услуга,Безнал,Стрижка и укладка,22.05.2024,5,42gbcz1057829,3,Поисковые запросы в Яндексе,"0,05","р.225,00","р.4 500,00","р.4 275,00"
3997,Доход,Товар,Безнал,Продажа шампуня,22.05.2024,5,,,,,"р.0,00","р.500,00","р.500,00"
3998,Доход,Услуга,Безнал,Стрижка старшего мастера,22.05.2024,5,,,,,"р.0,00","р.5 500,00","р.5 500,00"
3999,Доход,Услуга,Безнал,Стрижка старшего мастера,22.05.2024,5,,,,,"р.0,00","р.5 500,00","р.5 500,00"
4000,Доход,Товар,Наличные,Продажа шампуня и кондиционера,22.05.2024,5,,,,,"р.0,00","р.1 000,00","р.1 000,00"
4001,Доход,Услуга,Безнал,Стрижка и укладка,22.05.2024,5,,,,,"р.0,00","р.4 500,00","р.4 500,00"
4002,Доход,Услуга,Безнал,Стрижка старшего мастера,22.05.2024,5,,,,,"р.0,00","р.5 500,00","р.5 500,00"
4003,Доход,Услуга,Безнал,Обычная стрижка,22.05.2024,5,,,,,"р.0,00","р.3 500,00","р.3 500,00"
4004,Доход,Товар,Наличные,Продажа шампуня и кондиционера,22.05.2024,5,,,,,"р.0,00","р.1 000,00","р.1 000,00"
4005,Доход,Услуга,Безнал,Стрижка и укладка,22.05.2024,5,,,,,"р.0,00","р.4 500,00","р.4 500,00"
4006,Доход,Услуга,Безнал,Обычная стрижка,22.05.2024,5,,,,,"р.0,00","р.3 500,00","р.3 500,00"
4007,Доход,Услуга,Безнал,Стрижка старшего мастера,22.05.2024,5,,,,,"р.0,00","р.5 500,00","р.5 500,00"
4008,Доход,Услуга,Безнал,Обычная стрижка,22.05.2024,5,42gbcz3643868,3,Поисковые запросы в Яндексе,"0,05","р.175,00","р.3 500,00","р.3 325,00"
4009,Доход,Товар,Безнал,Продажа шампуня,22.05.2024,5,,,,,"р.0,00","р.500,00","р.500,00"
4010,Доход,Услуга,Безнал,Обычная стрижка,22.05.2024,5,42gbcz638331,2,Поисковые запросы в Гугле,"0,10","р.350,00","р.3 500,00","р.3 150,00"
4011,Доход,Услуга,Безнал,Обычная стрижка,22.05.2024,5,42gbcz2191879,7,Сторис в VK,"0,15","р.525,00","р.3 500,00","р.2 975,00"
4012,Расход,Товар,Безнал,Прочие расходы,22.05.2024,5,,,,,"р.0,00","р.300,00","р.300,00"
4013,Доход,Товар,Безнал,Продажа шампуня,22.05.2024,5,,,,,"р.0,00","р.500,00","р.500,00"
4014,Доход,Товар,Безнал,Продажа шампуня и кондиционера,22.05.2024,5,,,,,"р.0,00","р.1 000,00","р.1 000,00"
4015,Доход,Услуга,Безнал,Обычная стрижка,22.05.2024,5,,,,,"р.0,00","р.3 500,00","р.3 500,00"
4016,Расход,Товар,Безнал,Закупка резинок,22.05.2024,5,,,,,"р.0,00","р.500,00","р.500,00"
4017,Доход,Товар,Безнал,Продажа шампуня,22.05.2024,5,,,,,"р.0,00","р.500,00","р.500,00"
4018,Доход,Товар,Наличные,Продажа геля,22.05.2024,5,,,,,"р.0,00","р.300,00","р.300,00"
4019,Расход,Товар,Безнал,Закупка резинок,22.05.2024,5,,,,,"р.0,00","р.500,00","р.500,00"
4020,Доход,Услуга,Безнал,Стрижка и укладка,22.05.2024,5,,,,,"р.0,00","р.4 500,00","р.4 500,00"
4021,Доход,Услуга,Безнал,Стрижка и укладка,22.05.2024,5,,,,,"р.0,00","р.4 500,00","р.4 500,00"
4022,Доход,Товар,Безнал,Продажа шампуня,23.05.2024,5,,,,,"р.0,00","р.500,00","р.500,00"
4023,Доход,Услуга,Наличные,Стрижка старшего мастера,23.05.2024,5,,,,,"р.0,00","р.5 500,00","р.5 500,00"
4024,Доход,Услуга,Безнал,Стрижка и укладка,23.05.2024,5,,,,,"р.0,00","р.4 500,00","р.4 500,00"
4025,Расход,Товар,Безнал,Закупка резинок,23.05.2024,5,,,,,"р.0,00","р.500,00","р.500,00"
4026,Доход,Товар,Наличные,Продажа геля,23.05.2024,5,,,,,"р.0,00","р.300,00","р.300,00"
4027,Доход,Услуга,Безнал,Стрижка старшего мастера,23.05.2024,5,42gbcz1776891,2,Поисковые запросы в Гугле,"0,10","р.550,00","р.5 500,00","р.4 950,00"
4028,Расход,Товар,Безнал,Закупка резинок,23.05.2024,5,,,,,"р.0,00","р.500,00","р.500,00"
4029,Расход,Товар,Безнал,Закупка полотенец,23.05.2024,5,,,,,"р.0,00","р.1 000,00","р.1 000,00"
4030,Доход,Услуга,Безнал,Стрижка старшего мастера,23.05.2024,5,,,,,"р.0,00","р.5 500,00","р.5 500,00"
4031,Доход,Услуга,Наличные,Стрижка старшего мастера,23.05.2024,5,,,,,"р.0,00","р.5 500,00","р.5 500,00"
4032,Доход,Услуга,Безнал,Стрижка и укладка,23.05.2024,5,,,,,"р.0,00","р.4 500,00","р.4 500,00"
4033,Доход,Услуга,Безнал,Стрижка старшего мастера,23.05.2024,5,,,,,"р.0,00","р.5 500,00","р.5 500,00"
4034,Доход,Услуга,Безнал,Стрижка и укладка,23.05.2024,5,,,,,"р.0,00","р.4 500,00","р.4 500,00"
4035,Доход,Услуга,Безнал,Стрижка и укладка,23.05.2024,5,,,,,"р.0,00","р.4 500,00","р.4 500,00"
4036,Доход,Услуга,Безнал,Стрижка старшего мастера,23.05.2024,5,,,,,"р.0,00","р.5 500,00","р.5 500,00"
4037,Доход,Услуга,Безнал,Стрижка старшего мастера,23.05.2024,5,,,,,"р.0,00","р.5 500,00","р.5 500,00"
4038,Доход,Услуга,Безнал,Обычная стрижка,23.05.2024,5,,,,,"р.0,00","р.3 500,00","р.3 500,00"
4039,Доход,Услуга,Наличные,Стрижка старшего мастера,23.05.2024,5,,,,,"р.0,00","р.5 500,00","р.5 500,00"
4040,Доход,Услуга,Безнал,Стрижка и укладка,23.05.2024,5,42gbcz2059392,1,Обещаем скидки,"0,10","р.450,00","р.4 500,00","р.4 050,00"
4041,Доход,Услуга,Безнал,Стрижка старшего мастера,23.05.2024,5,,,,,"р.0,00","р.5 500,00","р.5 500,00"
4042,Расход,Услуга,Безнал,Рекламный бюджет,23.05.2024,5,,,,,"р.0,00","р.50 000,00","р.50 000,00"
4043,Доход,Услуга,Безнал,Стрижка и укладка,23.05.2024,5,,,,,"р.0,00","р.4 500,00","р.4 500,00"
4044,Доход,Услуга,Безнал,Обычная стрижка,23.05.2024,5,,,,,"р.0,00","р.3 500,00","р.3 500,00"
4045,Доход,Услуга,Наличные,Стрижка старшего мастера,23.05.2024,5,42gbcz1804175,2,Поисковые запросы в Гугле,"0,10","р.550,00","р.5 500,00","р.4 950,00"
4046,Доход,Услуга,Безнал,Обычная стрижка,23.05.2024,5,,,,,"р.0,00","р.3 500,00","р.3 500,00"
4047,Доход,Услуга,Безнал,Обычная стрижка,23.05.2024,5,,,,,"р.0,00","р.3 500,00","р.3 500,00"
4048,Доход,Услуга,Безнал,Стрижка старшего мастера,24.05.2024,5,,,,,"р.0,00","р.5 500,00","р.5 500,00"
4049,Доход,Услуга,Безнал,Стрижка и укладка,24.05.2024,5,,,,,"р.0,00","р.4 500,00","р.4 500,00"
4050,Доход,Услуга,Безнал,Стрижка старшего мастера,24.05.2024,5,,,,,"р.0,00","р.5 500,00","р.5 500,00"
4051,Доход,Услуга,Наличные,Стрижка и укладка,24.05.2024,5,,,,,"р.0,00","р.4 500,00","р.4 500,00"
4052,Доход,Услуга,Наличные,Стрижка и укладка,24.05.2024,5,,,,,"р.0,00","р.4 500,00","р.4 500,00"
4053,Доход,Услуга,Безнал,Обычная стрижка,24.05.2024,5,,,,,"р.0,00","р.3 500,00","р.3 500,00"
4054,Доход,Услуга,Безнал,Стрижка старшего мастера,24.05.2024,5,,,,,"р.0,00","р.5 500,00","р.5 500,00"
4055,Доход,Услуга,Наличные,Обычная стрижка,24.05.2024,5,,,,,"р.0,00","р.3 500,00","р.3 500,00"
4056,Расход,Товар,Безнал,Закупка полотенец,24.05.2024,5,,,,,"р.0,00","р.1 000,00","р.1 000,00"
4057,Расход,Товар,Безнал,Закупка полотенец,24.05.2024,5,,,,,"р.0,00","р.1 000,00","р.1 000,00"
4058,Доход,Услуга,Безнал,Обычная стрижка,24.05.2024,5,,,,,"р.0,00","р.3 500,00","р.3 500,00"
4059,Доход,Услуга,Наличные,Стрижка старшего мастера,24.05.2024,5,42gbcz2942725,5,Посты в VK,"0,15","р.825,00","р.5 500,00","р.4 675,00"
4060,Доход,Услуга,Безнал,Обычная стрижка,24.05.2024,5,42gbcz1810843,4,Посты в Telegram,"0,50","р.1 750,00","р.3 500,00","р.1 750,00"
4061,Доход,Услуга,Безнал,Стрижка старшего мастера,24.05.2024,5,,,,,"р.0,00","р.5 500,00","р.5 500,00"
4062,Доход,Товар,Безнал,Продажа шампуня и кондиционера,24.05.2024,5,,,,,"р.0,00","р.1 000,00","р.1 000,00"
4063,Доход,Услуга,Наличные,Обычная стрижка,24.05.2024,5,,,,,"р.0,00","р.3 500,00","р.3 500,00"
4064,Доход,Услуга,Безнал,Обычная стрижка,24.05.2024,5,,,,,"р.0,00","р.3 500,00","р.3 500,00"
4065,Доход,Услуга,Безнал,Обычная стрижка,24.05.2024,5,,,,,"р.0,00","р.3 500,00","р.3 500,00"
4066,Доход,Услуга,Безнал,Стрижка старшего мастера,24.05.2024,5,,,,,"р.0,00","р.5 500,00","р.5 500,00"
4067,Доход,Услуга,Безнал,Обычная стрижка,24.05.2024,5,,,,,"р.0,00","р.3 500,00","р.3 500,00"
4068,Доход,Услуга,Безнал,Обычная стрижка,24.05.2024,5,,,,,"р.0,00","р.3 500,00","р.3 500,00"
4069,Расход,Товар,Безнал,Закупка полотенец,24.05.2024,5,,,,,"р.0,00","р.1 000,00","р.1 000,00"
4070,Доход,Услуга,Безнал,Стрижка старшего мастера,24.05.2024,5,,,,,"р.0,00","р.5 500,00","р.5 500,00"
4071,Доход,Услуга,Безнал,Стрижка и укладка,24.05.2024,5,42gbcz841292,6,Реклама в VK,"0,20","р.900,00","р.4 500,00","р.3 600,00"
4072,Доход,Услуга,Безнал,Стрижка и укладка,24.05.2024,5,,,,,"р.0,00","р.4 500,00","р.4 500,00"
4073,Доход,Услуга,Безнал,Стрижка и укладка,24.05.2024,5,42gbcz755521,3,Поисковые запросы в Яндексе,"0,05","р.225,00","р.4 500,00","р.4 275,00"
4074,Доход,Услуга,Безнал,Стрижка и укладка,25.05.2024,5,,,,,"р.0,00","р.4 500,00","р.4 500,00"
4075,Расход,Товар,Безнал,Закупка полотенец,25.05.2024,5,,,,,"р.0,00","р.1 000,00","р.1 000,00"
4076,Доход,Услуга,Безнал,Стрижка и укладка,25.05.2024,5,42gbcz3011764,7,Сторис в VK,"0,15","р.675,00","р.4 500,00","р.3 825,00"
4077,Доход,Товар,Безнал,Продажа шампуня,25.05.2024,5,,,,,"р.0,00","р.500,00","р.500,00"
4078,Доход,Услуга,Наличные,Стрижка и укладка,25.05.2024,5,,,,,"р.0,00","р.4 500,00","р.4 500,00"
4079,Доход,Услуга,Безнал,Стрижка старшего мастера,25.05.2024,5,,,,,"р.0,00","р.5 500,00","р.5 500,00"
4080,Доход,Товар,Безнал,Продажа шампуня и кондиционера,25.05.2024,5,,,,,"р.0,00","р.1 000,00","р.1 000,00"
4081,Доход,Услуга,Безнал,Обычная стрижка,25.05.2024,5,,,,,"р.0,00","р.3 500,00","р.3 500,00"
4082,Доход,Услуга,Безнал,Стрижка и укладка,25.05.2024,5,,,,,"р.0,00","р.4 500,00","р.4 500,00"
4083,Расход,Товар,Безнал,Прочие расходы,25.05.2024,5,,,,,"р.0,00","р.300,00","р.300,00"
4084,Доход,Услуга,Безнал,Стрижка старшего мастера,25.05.2024,5,,,,,"р.0,00","р.5 500,00","р.5 500,00"
4085,Доход,Услуга,Безнал,Стрижка и укладка,25.05.2024,5,,,,,"р.0,00","р.4 500,00","р.4 500,00"
4086,Расход,Товар,Безнал,Закупка полотенец,25.05.2024,5,,,,,"р.0,00","р.1 000,00","р.1 000,00"
4087,Доход,Услуга,Безнал,Стрижка старшего мастера,25.05.2024,5,,,,,"р.0,00","р.5 500,00","р.5 500,00"
4088,Доход,Услуга,Наличные,Стрижка и укладка,25.05.2024,5,,,,,"р.0,00","р.4 500,00","р.4 500,00"
4089,Доход,Услуга,Безнал,Стрижка и укладка,25.05.2024,5,,,,,"р.0,00","р.4 500,00","р.4 500,00"
4090,Доход,Услуга,Безнал,Стрижка и укладка,25.05.2024,5,,,,,"р.0,00","р.4 500,00","р.4 500,00"
4091,Доход,Услуга,Наличные,Стрижка старшего мастера,25.05.2024,5,,,,,"р.0,00","р.5 500,00","р.5 500,00"
4092,Доход,Услуга,Наличные,Обычная стрижка,25.05.2024,5,42gbcz2498155,7,Сторис в VK,"0,15","р.525,00","р.3 500,00","р.2 975,00"
4093,Доход,Услуга,Безнал,Стрижка старшего мастера,25.05.2024,5,,,,,"р.0,00","р.5 500,00","р.5 500,00"
4094,Доход,Товар,Наличные,Продажа шампуня и кондиционера,25.05.2024,5,,,,,"р.0,00","р.1 000,00","р.1 000,00"
4095,Расход,Товар,Безнал,Закупка резинок,25.05.2024,5,,,,,"р.0,00","р.500,00","р.500,00"
4096,Расход,Товар,Безнал,Прочие расходы,25.05.2024,5,,,,,"р.0,00","р.300,00","р.300,00"
4097,Доход,Услуга,Безнал,Стрижка старшего мастера,25.05.2024,5,,,,,"р.0,00","р.5 500,00","р.5 500,00"
4098,Доход,Услуга,Безнал,Обычная стрижка,25.05.2024,5,,,,,"р.0,00","р.3 500,00","р.3 500,00"
4099,Доход,Товар,Безнал,Продажа шампуня и кондиционера,25.05.2024,5,,,,,"р.0,00","р.1 000,00","р.1 000,00"
4100,Доход,Услуга,Безнал,Стрижка старшего мастера,26.05.2024,5,,,,,"р.0,00","р.5 500,00","р.5 500,00"
4101,Доход,Услуга,Безнал,Обычная стрижка,26.05.2024,5,,,,,"р.0,00","р.3 500,00","р.3 500,00"
4102,Доход,Услуга,Безнал,Стрижка старшего мастера,26.05.2024,5,,,,,"р.0,00","р.5 500,00","р.5 500,00"
4103,Доход,Товар,Безнал,Продажа геля,26.05.2024,5,42gbcz1438127,6,Реклама в VK,"0,20","р.60,00","р.300,00","р.240,00"
4104,Доход,Услуга,Безнал,Обычная стрижка,26.05.2024,5,42gbcz3332142,6,Реклама в VK,"0,20","р.700,00","р.3 500,00","р.2 800,00"
4105,Доход,Услуга,Безнал,Стрижка и укладка,26.05.2024,5,42gbcz1135604,2,Поисковые запросы в Гугле,"0,10","р.450,00","р.4 500,00","р.4 050,00"
4106,Доход,Услуга,Безнал,Обычная стрижка,26.05.2024,5,,,,,"р.0,00","р.3 500,00","р.3 500,00"
4107,Доход,Услуга,Наличные,Стрижка старшего мастера,26.05.2024,5,,,,,"р.0,00","р.5 500,00","р.5 500,00"
4108,Расход,Товар,Безнал,Прочие расходы,26.05.2024,5,,,,,"р.0,00","р.300,00","р.300,00"
4109,Доход,Услуга,Наличные,Стрижка старшего мастера,26.05.2024,5,42gbcz100626,6,Реклама в VK,"0,20","р.1 100,00","р.5 500,00","р.4 400,00"
4110,Доход,Услуга,Наличные,Обычная стрижка,26.05.2024,5,,,,,"р.0,00","р.3 500,00","р.3 500,00"
4111,Доход,Товар,Наличные,Продажа шампуня и кондиционера,26.05.2024,5,42gbcz1598194,3,Поисковые запросы в Яндексе,"0,05","р.50,00","р.1 000,00","р.950,00"
4112,Доход,Услуга,Безнал,Стрижка старшего мастера,26.05.2024,5,,,,,"р.0,00","р.5 500,00","р.5 500,00"
4113,Доход,Услуга,Безнал,Стрижка и укладка,26.05.2024,5,,,,,"р.0,00","р.4 500,00","р.4 500,00"
4114,Доход,Услуга,Наличные,Стрижка и укладка,26.05.2024,5,,,,,"р.0,00","р.4 500,00","р.4 500,00"
4115,Расход,Товар,Безнал,Закупка резинок,26.05.2024,5,,,,,"р.0,00","р.500,00","р.500,00"
4116,Доход,Услуга,Безнал,Обычная стрижка,26.05.2024,5,,,,,"р.0,00","р.3 500,00","р.3 500,00"
4117,Доход,Услуга,Безнал,Стрижка и укладка,26.05.2024,5,,,,,"р.0,00","р.4 500,00","р.4 500,00"
4118,Доход,Товар,Безнал,Продажа шампуня и кондиционера,26.05.2024,5,,,,,"р.0,00","р.1 000,00","р.1 000,00"
4119,Доход,Услуга,Безнал,Стрижка и укладка,26.05.2024,5,,,,,"р.0,00","р.4 500,00","р.4 500,00"
4120,Доход,Услуга,Безнал,Стрижка и укладка,26.05.2024,5,,,,,"р.0,00","р.4 500,00","р.4 500,00"
4121,Доход,Услуга,Безнал,Обычная стрижка,26.05.2024,5,,,,,"р.0,00","р.3 500,00","р.3 500,00"
4122,Расход,Товар,Безнал,Закупка полотенец,26.05.2024,5,,,,,"р.0,00","р.1 000,00","р.1 000,00"
4123,Доход,Услуга,Безнал,Обычная стрижка,26.05.2024,5,,,,,"р.0,00","р.3 500,00","р.3 500,00"
4124,Доход,Услуга,Безнал,Стрижка и укладка,26.05.2024,5,42gbcz1806957,1,Обещаем скидки,"0,10","р.450,00","р.4 500,00","р.4 050,00"
4125,Расход,Товар,Безнал,Прочие расходы,26.05.2024,5,,,,,"р.0,00","р.300,00","р.300,00"
4126,Доход,Услуга,Безнал,Обычная стрижка,27.05.2024,5,,,,,"р.0,00","р.3 500,00","р.3 500,00"
4127,Доход,Услуга,Наличные,Обычная стрижка,27.05.2024,5,,,,,"р.0,00","р.3 500,00","р.3 500,00"
4128,Доход,Услуга,Безнал,Стрижка и укладка,27.05.2024,5,,,,,"р.0,00","р.4 500,00","р.4 500,00"
4129,Расход,Товар,Безнал,Закупка полотенец,27.05.2024,5,,,,,"р.0,00","р.1 000,00","р.1 000,00"
4130,Доход,Услуга,Безнал,Обычная стрижка,27.05.2024,5,,,,,"р.0,00","р.3 500,00","р.3 500,00"
4131,Доход,Услуга,Безнал,Обычная стрижка,27.05.2024,5,,,,,"р.0,00","р.3 500,00","р.3 500,00"
4132,Доход,Услуга,Наличные,Стрижка старшего мастера,27.05.2024,5,,,,,"р.0,00","р.5 500,00","р.5 500,00"
4133,Доход,Услуга,Наличные,Стрижка старшего мастера,27.05.2024,5,42gbcz2241778,1,Обещаем скидки,"0,10","р.550,00","р.5 500,00","р.4 950,00"
4134,Доход,Товар,Безнал,Продажа геля,27.05.2024,5,42gbcz1855642,2,Поисковые запросы в Гугле,"0,10","р.30,00","р.300,00","р.270,00"
4135,Доход,Услуга,Безнал,Обычная стрижка,27.05.2024,5,,,,,"р.0,00","р.3 500,00","р.3 500,00"
4136,Доход,Товар,Безнал,Продажа шампуня и кондиционера,27.05.2024,5,,,,,"р.0,00","р.1 000,00","р.1 000,00"
4137,Доход,Товар,Безнал,Продажа шампуня и кондиционера,27.05.2024,5,,,,,"р.0,00","р.1 000,00","р.1 000,00"
4138,Расход,Услуга,Безнал,Аренда,27.05.2024,5,,,,,"р.0,00","р.70 000,00","р.70 000,00"
4139,Расход,Услуга,Безнал,Коммунальные услуги,27.05.2024,5,,,,,"р.0,00","р.7 000,00","р.7 000,00"
4140,Доход,Услуга,Безнал,Стрижка старшего мастера,27.05.2024,5,,,,,"р.0,00","р.5 500,00","р.5 500,00"
4141,Доход,Услуга,Безнал,Стрижка и укладка,27.05.2024,5,42gbcz3653421,1,Обещаем скидки,"0,10","р.450,00","р.4 500,00","р.4 050,00"
4142,Доход,Товар,Безнал,Продажа шампуня и кондиционера,27.05.2024,5,,,,,"р.0,00","р.1 000,00","р.1 000,00"
4143,Расход,Товар,Безнал,Закупка полотенец,27.05.2024,5,,,,,"р.0,00","р.1 000,00","р.1 000,00"
4144,Расход,Товар,Наличные,Прочие расходы,27.05.2024,5,,,,,"р.0,00","р.300,00","р.300,00"
4145,Доход,Услуга,Безнал,Стрижка и укладка,27.05.2024,5,,,,,"р.0,00","р.4 500,00","р.4 500,00"
4146,Расход,Товар,Наличные,Закупка полотенец,27.05.2024,5,,,,,"р.0,00","р.1 000,00","р.1 000,00"
4147,Доход,Услуга,Безнал,Стрижка старшего мастера,27.05.2024,5,,,,,"р.0,00","р.5 500,00","р.5 500,00"
4148,Доход,Товар,Безнал,Продажа шампуня и кондиционера,27.05.2024,5,,,,,"р.0,00","р.1 000,00","р.1 000,00"
4149,Доход,Товар,Наличные,Продажа геля,27.05.2024,5,,,,,"р.0,00","р.300,00","р.300,00"
4150,Доход,Услуга,Безнал,Стрижка и укладка,27.05.2024,5,,,,,"р.0,00","р.4 500,00","р.4 500,00"
4151,Доход,Услуга,Безнал,Стрижка старшего мастера,27.05.2024,5,,,,,"р.0,00","р.5 500,00","р.5 500,00"
4152,Доход,Услуга,Безнал,Стрижка старшего мастера,28.05.2024,5,42gbcz1900914,3,Поисковые запросы в Яндексе,"0,05","р.275,00","р.5 500,00","р.5 225,00"
4153,Доход,Услуга,Безнал,Обычная стрижка,28.05.2024,5,,,,,"р.0,00","р.3 500,00","р.3 500,00"
4154,Расход,Товар,Безнал,Закупка резинок,28.05.2024,5,,,,,"р.0,00","р.500,00","р.500,00"
4155,Доход,Товар,Безнал,Продажа геля,28.05.2024,5,,,,,"р.0,00","р.300,00","р.300,00"
4156,Доход,Услуга,Безнал,Обычная стрижка,28.05.2024,5,,,,,"р.0,00","р.3 500,00","р.3 500,00"
4157,Доход,Услуга,Безнал,Стрижка и укладка,28.05.2024,5,,,,,"р.0,00","р.4 500,00","р.4 500,00"
4158,Доход,Услуга,Безнал,Стрижка и укладка,28.05.2024,5,,,,,"р.0,00","р.4 500,00","р.4 500,00"
4159,Доход,Услуга,Безнал,Стрижка и укладка,28.05.2024,5,,,,,"р.0,00","р.4 500,00","р.4 500,00"
4160,Доход,Товар,Безнал,Продажа шампуня,28.05.2024,5,,,,,"р.0,00","р.500,00","р.500,00"
4161,Доход,Услуга,Безнал,Стрижка старшего мастера,28.05.2024,5,,,,,"р.0,00","р.5 500,00","р.5 500,00"
4162,Доход,Услуга,Безнал,Стрижка старшего мастера,28.05.2024,5,,,,,"р.0,00","р.5 500,00","р.5 500,00"
4163,Доход,Товар,Безнал,Продажа шампуня,28.05.2024,5,,,,,"р.0,00","р.500,00","р.500,00"
4164,Доход,Товар,Безнал,Продажа геля,28.05.2024,5,,,,,"р.0,00","р.300,00","р.300,00"
4165,Расход,Товар,Наличные,Прочие расходы,28.05.2024,5,,,,,"р.0,00","р.300,00","р.300,00"
4166,Доход,Услуга,Наличные,Обычная стрижка,28.05.2024,5,,,,,"р.0,00","р.3 500,00","р.3 500,00"
4167,Доход,Услуга,Безнал,Стрижка и укладка,28.05.2024,5,,,,,"р.0,00","р.4 500,00","р.4 500,00"
4168,Доход,Товар,Безнал,Продажа шампуня и кондиционера,28.05.2024,5,,,,,"р.0,00","р.1 000,00","р.1 000,00"
4169,Доход,Товар,Наличные,Продажа шампуня,28.05.2024,5,42gbcz2210653,7,Сторис в VK,"0,15","р.75,00","р.500,00","р.425,00"
4170,Доход,Товар,Наличные,Продажа геля,28.05.2024,5,,,,,"р.0,00","р.300,00","р.300,00"
4171,Доход,Услуга,Безнал,Обычная стрижка,28.05.2024,5,,,,,"р.0,00","р.3 500,00","р.3 500,00"
4172,Доход,Товар,Безнал,Продажа геля,28.05.2024,5,,,,,"р.0,00","р.300,00","р.300,00"
4173,Расход,Товар,Безнал,Закупка резинок,28.05.2024,5,,,,,"р.0,00","р.500,00","р.500,00"
4174,Расход,Товар,Безнал,Прочие расходы,28.05.2024,5,,,,,"р.0,00","р.300,00","р.300,00"
4175,Доход,Услуга,Безнал,Стрижка и укладка,28.05.2024,5,,,,,"р.0,00","р.4 500,00","р.4 500,00"
4176,Доход,Услуга,Наличные,Стрижка старшего мастера,28.05.2024,5,,,,,"р.0,00","р.5 500,00","р.5 500,00"
4177,Доход,Услуга,Безнал,Стрижка старшего мастера,28.05.2024,5,,,,,"р.0,00","р.5 500,00","р.5 500,00"
4178,Доход,Услуга,Безнал,Обычная стрижка,29.05.2024,5,,,,,"р.0,00","р.3 500,00","р.3 500,00"
4179,Доход,Услуга,Безнал,Стрижка старшего мастера,29.05.2024,5,,,,,"р.0,00","р.5 500,00","р.5 500,00"
4180,Доход,Услуга,Безнал,Стрижка старшего мастера,29.05.2024,5,,,,,"р.0,00","р.5 500,00","р.5 500,00"
4181,Доход,Услуга,Безнал,Стрижка старшего мастера,29.05.2024,5,,,,,"р.0,00","р.5 500,00","р.5 500,00"
4182,Доход,Услуга,Наличные,Стрижка старшего мастера,29.05.2024,5,42gbcz620728,2,Поисковые запросы в Гугле,"0,10","р.550,00","р.5 500,00","р.4 950,00"
4183,Доход,Услуга,Безнал,Стрижка и укладка,29.05.2024,5,42gbcz2997451,2,Поисковые запросы в Гугле,"0,10","р.450,00","р.4 500,00","р.4 050,00"
4184,Доход,Услуга,Безнал,Стрижка и укладка,29.05.2024,5,42gbcz322269,5,Посты в VK,"0,15","р.675,00","р.4 500,00","р.3 825,00"
4185,Доход,Услуга,Наличные,Стрижка и укладка,29.05.2024,5,,,,,"р.0,00","р.4 500,00","р.4 500,00"
4186,Доход,Услуга,Безнал,Стрижка и укладка,29.05.2024,5,,,,,"р.0,00","р.4 500,00","р.4 500,00"
4187,Доход,Услуга,Безнал,Стрижка старшего мастера,29.05.2024,5,42gbcz2909384,3,Поисковые запросы в Яндексе,"0,05","р.275,00","р.5 500,00","р.5 225,00"
4188,Доход,Услуга,Безнал,Обычная стрижка,29.05.2024,5,,,,,"р.0,00","р.3 500,00","р.3 500,00"
4189,Доход,Услуга,Безнал,Стрижка и укладка,29.05.2024,5,,,,,"р.0,00","р.4 500,00","р.4 500,00"
4190,Доход,Услуга,Наличные,Стрижка и укладка,29.05.2024,5,42gbcz2137010,7,Сторис в VK,"0,15","р.675,00","р.4 500,00","р.3 825,00"
4191,Доход,Товар,Наличные,Продажа шампуня и кондиционера,29.05.2024,5,42gbcz3674916,3,Поисковые запросы в Яндексе,"0,05","р.50,00","р.1 000,00","р.950,00"
4192,Доход,Услуга,Безнал,Стрижка и укладка,29.05.2024,5,,,,,"р.0,00","р.4 500,00","р.4 500,00"
4193,Доход,Услуга,Безнал,Обычная стрижка,29.05.2024,5,,,,,"р.0,00","р.3 500,00","р.3 500,00"
4194,Доход,Услуга,Безнал,Стрижка старшего мастера,29.05.2024,5,,,,,"р.0,00","р.5 500,00","р.5 500,00"
4195,Доход,Услуга,Безнал,Обычная стрижка,29.05.2024,5,42gbcz1055518,4,Посты в Telegram,"0,50","р.1 750,00","р.3 500,00","р.1 750,00"
4196,Доход,Услуга,Безнал,Стрижка старшего мастера,29.05.2024,5,,,,,"р.0,00","р.5 500,00","р.5 500,00"
4197,Доход,Услуга,Безнал,Стрижка старшего мастера,29.05.2024,5,,,,,"р.0,00","р.5 500,00","р.5 500,00"
4198,Доход,Товар,Безнал,Продажа шампуня,29.05.2024,5,42gbcz2972594,7,Сторис в VK,"0,15","р.75,00","р.500,00","р.425,00"
4199,Доход,Услуга,Безнал,Стрижка старшего мастера,29.05.2024,5,,,,,"р.0,00","р.5 500,00","р.5 500,00"
4200,Доход,Услуга,Безнал,Обычная стрижка,29.05.2024,5,,,,,"р.0,00","р.3 500,00","р.3 500,00"
4201,Доход,Услуга,Безнал,Стрижка и укладка,29.05.2024,5,,,,,"р.0,00","р.4 500,00","р.4 500,00"
4202,Доход,Услуга,Наличные,Стрижка старшего мастера,29.05.2024,5,,,,,"р.0,00","р.5 500,00","р.5 500,00"
4203,Доход,Товар,Безнал,Продажа геля,29.05.2024,5,,,,,"р.0,00","р.300,00","р.300,00"
4204,Доход,Услуга,Безнал,Стрижка и укладка,30.05.2024,5,42gbcz2656723,7,Сторис в VK,"0,15","р.675,00","р.4 500,00","р.3 825,00"
4205,Расход,Товар,Безнал,Закупка резинок,30.05.2024,5,,,,,"р.0,00","р.500,00","р.500,00"
4206,Доход,Услуга,Наличные,Стрижка и укладка,30.05.2024,5,,,,,"р.0,00","р.4 500,00","р.4 500,00"
4207,Доход,Услуга,Безнал,Стрижка старшего мастера,30.05.2024,5,42gbcz252360,2,Поисковые запросы в Гугле,"0,10","р.550,00","р.5 500,00","р.4 950,00"
4208,Доход,Услуга,Безнал,Стрижка старшего мастера,30.05.2024,5,,,,,"р.0,00","р.5 500,00","р.5 500,00"
4209,Доход,Услуга,Безнал,Стрижка и укладка,30.05.2024,5,,,,,"р.0,00","р.4 500,00","р.4 500,00"
4210,Доход,Услуга,Безнал,Стрижка старшего мастера,30.05.2024,5,,,,,"р.0,00","р.5 500,00","р.5 500,00"
4211,Доход,Услуга,Безнал,Стрижка и укладка,30.05.2024,5,,,,,"р.0,00","р.4 500,00","р.4 500,00"
4212,Доход,Услуга,Безнал,Стрижка старшего мастера,30.05.2024,5,,,,,"р.0,00","р.5 500,00","р.5 500,00"
4213,Доход,Услуга,Безнал,Обычная стрижка,30.05.2024,5,42gbcz3638299,4,Посты в Telegram,"0,50","р.1 750,00","р.3 500,00","р.1 750,00"
4214,Доход,Услуга,Наличные,Обычная стрижка,30.05.2024,5,42gbcz749732,6,Реклама в VK,"0,20","р.700,00","р.3 500,00","р.2 800,00"
4215,Доход,Услуга,Безнал,Стрижка старшего мастера,30.05.2024,5,,,,,"р.0,00","р.5 500,00","р.5 500,00"
4216,Доход,Услуга,Наличные,Обычная стрижка,30.05.2024,5,,,,,"р.0,00","р.3 500,00","р.3 500,00"
4217,Доход,Товар,Безнал,Продажа шампуня и кондиционера,30.05.2024,5,,,,,"р.0,00","р.1 000,00","р.1 000,00"
4218,Доход,Услуга,Безнал,Стрижка и укладка,30.05.2024,5,,,,,"р.0,00","р.4 500,00","р.4 500,00"
4219,Расход,Товар,Безнал,Прочие расходы,30.05.2024,5,,,,,"р.0,00","р.300,00","р.300,00"
4220,Доход,Услуга,Безнал,Обычная стрижка,30.05.2024,5,42gbcz1983291,5,Посты в VK,"0,15","р.525,00","р.3 500,00","р.2 975,00"
4221,Доход,Услуга,Безнал,Обычная стрижка,30.05.2024,5,,,,,"р.0,00","р.3 500,00","р.3 500,00"
4222,Доход,Товар,Безнал,Продажа геля,30.05.2024,5,,,,,"р.0,00","р.300,00","р.300,00"
4223,Доход,Услуга,Безнал,Обычная стрижка,30.05.2024,5,,,,,"р.0,00","р.3 500,00","р.3 500,00"
4224,Доход,Услуга,Безнал,Стрижка старшего мастера,30.05.2024,5,,,,,"р.0,00","р.5 500,00","р.5 500,00"
4225,Доход,Услуга,Безнал,Стрижка и укладка,30.05.2024,5,,,,,"р.0,00","р.4 500,00","р.4 500,00"
4226,Доход,Услуга,Безнал,Стрижка и укладка,30.05.2024,5,,,,,"р.0,00","р.4 500,00","р.4 500,00"
4227,Доход,Услуга,Безнал,Стрижка и укладка,30.05.2024,5,,,,,"р.0,00","р.4 500,00","р.4 500,00"
4228,Доход,Услуга,Безнал,Стрижка старшего мастера,30.05.2024,5,42gbcz2190807,4,Посты в Telegram,"0,50","р.2 750,00","р.5 500,00","р.2 750,00"
4229,Расход,Товар,Безнал,Закупка полотенец,30.05.2024,5,,,,,"р.0,00","р.1 000,00","р.1 000,00"
4230,Расход,Услуга,Безнал,Бухгалтерия и РКО,30.05.2024,5,,,,,"р.0,00","р.15 000,00","р.15 000,00"
4231,Расход,Услуга,Безнал,Эквайринг,30.05.2024,5,,,,,"р.0,00","р.56 700,00","р.56 700,00"
4232,Доход,Услуга,Безнал,Стрижка старшего мастера,31.05.2024,5,,,,,"р.0,00","р.5 500,00","р.5 500,00"
4233,Доход,Услуга,Безнал,Обычная стрижка,31.05.2024,5,42gbcz1063849,2,Поисковые запросы в Гугле,"0,10","р.350,00","р.3 500,00","р.3 150,00"
4234,Доход,Услуга,Безнал,Обычная стрижка,31.05.2024,5,,,,,"р.0,00","р.3 500,00","р.3 500,00"
4235,Доход,Товар,Наличные,Продажа шампуня,31.05.2024,5,,,,,"р.0,00","р.500,00","р.500,00"
4236,Расход,Товар,Безнал,Закупка полотенец,31.05.2024,5,,,,,"р.0,00","р.1 000,00","р.1 000,00"
4237,Доход,Услуга,Безнал,Обычная стрижка,31.05.2024,5,,,,,"р.0,00","р.3 500,00","р.3 500,00"
4238,Доход,Услуга,Безнал,Стрижка старшего мастера,31.05.2024,5,,,,,"р.0,00","р.5 500,00","р.5 500,00"
4239,Доход,Услуга,Безнал,Обычная стрижка,31.05.2024,5,,,,,"р.0,00","р.3 500,00","р.3 500,00"
4240,Доход,Товар,Наличные,Продажа шампуня и кондиционера,31.05.2024,5,,,,,"р.0,00","р.1 000,00","р.1 000,00"
4241,Доход,Услуга,Наличные,Обычная стрижка,31.05.2024,5,,,,,"р.0,00","р.3 500,00","р.3 500,00"
4242,Доход,Услуга,Безнал,Обычная стрижка,31.05.2024,5,,,,,"р.0,00","р.3 500,00","р.3 500,00"
4243,Доход,Услуга,Безнал,Обычная стрижка,31.05.2024,5,,,,,"р.0,00","р.3 500,00","р.3 500,00"
4244,Доход,Услуга,Безнал,Стрижка старшего мастера,31.05.2024,5,,,,,"р.0,00","р.5 500,00","р.5 500,00"
4245,Доход,Товар,Безнал,Продажа геля,31.05.2024,5,,,,,"р.0,00","р.300,00","р.300,00"
4246,Доход,Услуга,Безнал,Стрижка и укладка,31.05.2024,5,,,,,"р.0,00","р.4 500,00","р.4 500,00"
4247,Доход,Услуга,Безнал,Стрижка и укладка,31.05.2024,5,,,,,"р.0,00","р.4 500,00","р.4 500,00"
4248,Доход,Услуга,Наличные,Обычная стрижка,31.05.2024,5,,,,,"р.0,00","р.3 500,00","р.3 500,00"
4249,Расход,Товар,Безнал,Прочие расходы,31.05.2024,5,,,,,"р.0,00","р.300,00","р.300,00"
4250,Доход,Услуга,Безнал,Обычная стрижка,31.05.2024,5,,,,,"р.0,00","р.3 500,00","р.3 500,00"
4251,Доход,Услуга,Наличные,Стрижка и укладка,31.05.2024,5,,,,,"р.0,00","р.4 500,00","р.4 500,00"
4252,Расход,Товар,Безнал,Закупка резинок,31.05.2024,5,,,,,"р.0,00","р.500,00","р.500,00"
4253,Доход,Услуга,Безнал,Стрижка и укладка,31.05.2024,5,,,,,"р.0,00","р.4 500,00","р.4 500,00"
4254,Доход,Услуга,Безнал,Стрижка и укладка,31.05.2024,5,,,,,"р.0,00","р.4 500,00","р.4 500,00"
4255,Доход,Товар,Безнал,Продажа шампуня,31.05.2024,5,,,,,"р.0,00","р.500,00","р.500,00"
4256,Доход,Услуга,Безнал,Обычная стрижка,31.05.2024,5,,,,,"р.0,00","р.3 500,00","р.3 500,00"
4257,Доход,Услуга,Безнал,Обычная стрижка,31.05.2024,5,,,,,"р.0,00","р.3 500,00","р.3 500,00"
4258,Доход,Услуга,Безнал,Обычная стрижка,01.06.2024,6,,,,,"р.0,00","р.3 500,00","р.3 500,00"
4259,Расход,Товар,Наличные,Закупка резинок,01.06.2024,6,,,,,"р.0,00","р.500,00","р.500,00"
4260,Доход,Услуга,Безнал,Обычная стрижка,01.06.2024,6,,,,,"р.0,00","р.3 500,00","р.3 500,00"
4261,Доход,Услуга,Безнал,Стрижка старшего мастера,01.06.2024,6,,,,,"р.0,00","р.5 500,00","р.5 500,00"
4262,Доход,Услуга,Безнал,Стрижка старшего мастера,01.06.2024,6,,,,,"р.0,00","р.5 500,00","р.5 500,00"
4263,Расход,Товар,Наличные,Закупка резинок,01.06.2024,6,,,,,"р.0,00","р.500,00","р.500,00"
4264,Доход,Услуга,Наличные,Обычная стрижка,01.06.2024,6,,,,,"р.0,00","р.3 500,00","р.3 500,00"
4265,Доход,Услуга,Безнал,Обычная стрижка,01.06.2024,6,,,,,"р.0,00","р.3 500,00","р.3 500,00"
4266,Доход,Услуга,Наличные,Стрижка и укладка,01.06.2024,6,,,,,"р.0,00","р.4 500,00","р.4 500,00"
4267,Доход,Услуга,Безнал,Стрижка старшего мастера,01.06.2024,6,,,,,"р.0,00","р.5 500,00","р.5 500,00"
4268,Доход,Услуга,Безнал,Стрижка старшего мастера,01.06.2024,6,,,,,"р.0,00","р.5 500,00","р.5 500,00"
4269,Расход,Товар,Безнал,Закупка резинок,01.06.2024,6,,,,,"р.0,00","р.500,00","р.500,00"
4270,Доход,Услуга,Наличные,Стрижка и укладка,01.06.2024,6,,,,,"р.0,00","р.4 500,00","р.4 500,00"
4271,Доход,Услуга,Безнал,Стрижка и укладка,01.06.2024,6,,,,,"р.0,00","р.4 500,00","р.4 500,00"
4272,Доход,Услуга,Безнал,Обычная стрижка,01.06.2024,6,,,,,"р.0,00","р.3 500,00","р.3 500,00"
4273,Расход,Товар,Безнал,Закупка полотенец,01.06.2024,6,,,,,"р.0,00","р.1 000,00","р.1 000,00"
4274,Доход,Услуга,Наличные,Стрижка и укладка,01.06.2024,6,,,,,"р.0,00","р.4 500,00","р.4 500,00"
4275,Доход,Товар,Безнал,Продажа шампуня,01.06.2024,6,,,,,"р.0,00","р.500,00","р.500,00"
4276,Расход,Товар,Безнал,Закупка полотенец,01.06.2024,6,,,,,"р.0,00","р.1 000,00","р.1 000,00"
4277,Расход,Товар,Безнал,Закупка полотенец,01.06.2024,6,,,,,"р.0,00","р.1 000,00","р.1 000,00"
4278,Доход,Услуга,Наличные,Обычная стрижка,01.06.2024,6,,,,,"р.0,00","р.3 500,00","р.3 500,00"
4279,Доход,Услуга,Наличные,Стрижка старшего мастера,01.06.2024,6,,,,,"р.0,00","р.5 500,00","р.5 500,00"
4280,Доход,Услуга,Наличные,Стрижка старшего мастера,01.06.2024,6,,,,,"р.0,00","р.5 500,00","р.5 500,00"
4281,Доход,Услуга,Безнал,Стрижка и укладка,01.06.2024,6,,,,,"р.0,00","р.4 500,00","р.4 500,00"
4282,Доход,Услуга,Безнал,Стрижка старшего мастера,01.06.2024,6,,,,,"р.0,00","р.5 500,00","р.5 500,00"
4283,Доход,Услуга,Безнал,Стрижка старшего мастера,01.06.2024,6,,,,,"р.0,00","р.5 500,00","р.5 500,00"
4284,Доход,Услуга,Безнал,Обычная стрижка,01.06.2024,6,,,,,"р.0,00","р.3 500,00","р.3 500,00"
4285,Доход,Товар,Безнал,Продажа геля,01.06.2024,6,,,,,"р.0,00","р.300,00","р.300,00"
4286,Доход,Товар,Безнал,Продажа шампуня и кондиционера,01.06.2024,6,,,,,"р.0,00","р.1 000,00","р.1 000,00"
4287,Доход,Товар,Безнал,Продажа шампуня и кондиционера,02.06.2024,6,,,,,"р.0,00","р.1 000,00","р.1 000,00"
4288,Доход,Услуга,Наличные,Стрижка и укладка,02.06.2024,6,,,,,"р.0,00","р.4 500,00","р.4 500,00"
4289,Доход,Услуга,Безнал,Стрижка и укладка,02.06.2024,6,,,,,"р.0,00","р.4 500,00","р.4 500,00"
4290,Доход,Услуга,Безнал,Стрижка и укладка,02.06.2024,6,,,,,"р.0,00","р.4 500,00","р.4 500,00"
4291,Доход,Услуга,Безнал,Стрижка старшего мастера,02.06.2024,6,,,,,"р.0,00","р.5 500,00","р.5 500,00"
4292,Доход,Товар,Безнал,Продажа геля,02.06.2024,6,,,,,"р.0,00","р.300,00","р.300,00"
4293,Доход,Услуга,Наличные,Стрижка старшего мастера,02.06.2024,6,,,,,"р.0,00","р.5 500,00","р.5 500,00"
4294,Доход,Услуга,Наличные,Стрижка старшего мастера,02.06.2024,6,,,,,"р.0,00","р.5 500,00","р.5 500,00"
4295,Доход,Услуга,Безнал,Стрижка старшего мастера,02.06.2024,6,,,,,"р.0,00","р.5 500,00","р.5 500,00"
4296,Доход,Услуга,Безнал,Обычная стрижка,02.06.2024,6,42gbcz1044846,5,Посты в VK,"0,15","р.525,00","р.3 500,00","р.2 975,00"
4297,Доход,Услуга,Безнал,Стрижка старшего мастера,02.06.2024,6,,,,,"р.0,00","р.5 500,00","р.5 500,00"
4298,Доход,Товар,Безнал,Продажа геля,02.06.2024,6,,,,,"р.0,00","р.300,00","р.300,00"
4299,Расход,Товар,Безнал,Прочие расходы,02.06.2024,6,,,,,"р.0,00","р.300,00","р.300,00"
4300,Доход,Услуга,Безнал,Стрижка и укладка,02.06.2024,6,,,,,"р.0,00","р.4 500,00","р.4 500,00"
4301,Доход,Услуга,Безнал,Стрижка старшего мастера,02.06.2024,6,,,,,"р.0,00","р.5 500,00","р.5 500,00"
4302,Доход,Услуга,Наличные,Стрижка и укладка,02.06.2024,6,,,,,"р.0,00","р.4 500,00","р.4 500,00"
4303,Доход,Услуга,Безнал,Стрижка старшего мастера,02.06.2024,6,,,,,"р.0,00","р.5 500,00","р.5 500,00"
4304,Доход,Услуга,Безнал,Обычная стрижка,02.06.2024,6,42gbcz926798,4,Посты в Telegram,"0,50","р.1 750,00","р.3 500,00","р.1 750,00"
4305,Доход,Услуга,Наличные,Обычная стрижка,02.06.2024,6,,,,,"р.0,00","р.3 500,00","р.3 500,00"
4306,Доход,Услуга,Безнал,Обычная стрижка,02.06.2024,6,,,,,"р.0,00","р.3 500,00","р.3 500,00"
4307,Доход,Услуга,Безнал,Обычная стрижка,02.06.2024,6,,,,,"р.0,00","р.3 500,00","р.3 500,00"
4308,Доход,Товар,Безнал,Продажа геля,02.06.2024,6,,,,,"р.0,00","р.300,00","р.300,00"
4309,Расход,Товар,Безнал,Прочие расходы,02.06.2024,6,,,,,"р.0,00","р.300,00","р.300,00"
4310,Доход,Услуга,Безнал,Стрижка старшего мастера,02.06.2024,6,,,,,"р.0,00","р.5 500,00","р.5 500,00"
4311,Доход,Услуга,Безнал,Стрижка и укладка,02.06.2024,6,,,,,"р.0,00","р.4 500,00","р.4 500,00"
4312,Расход,Товар,Наличные,Прочие расходы,02.06.2024,6,,,,,"р.0,00","р.300,00","р.300,00"
4313,Доход,Услуга,Безнал,Обычная стрижка,02.06.2024,6,,,,,"р.0,00","р.3 500,00","р.3 500,00"
4314,Доход,Услуга,Безнал,Обычная стрижка,02.06.2024,6,,,,,"р.0,00","р.3 500,00","р.3 500,00"
4315,Расход,Товар,Безнал,Прочие расходы,02.06.2024,6,,,,,"р.0,00","р.300,00","р.300,00"
4316,Доход,Услуга,Безнал,Стрижка старшего мастера,02.06.2024,6,,,,,"р.0,00","р.5 500,00","р.5 500,00"
4317,Доход,Услуга,Безнал,Стрижка и укладка,03.06.2024,6,42gbcz3340340,6,Реклама в VK,"0,20","р.900,00","р.4 500,00","р.3 600,00"
4318,Расход,Товар,Безнал,Закупка резинок,03.06.2024,6,,,,,"р.0,00","р.500,00","р.500,00"
4319,Доход,Услуга,Безнал,Стрижка и укладка,03.06.2024,6,,,,,"р.0,00","р.4 500,00","р.4 500,00"
4320,Доход,Услуга,Безнал,Обычная стрижка,03.06.2024,6,,,,,"р.0,00","р.3 500,00","р.3 500,00"
4321,Доход,Услуга,Безнал,Стрижка и укладка,03.06.2024,6,,,,,"р.0,00","р.4 500,00","р.4 500,00"
4322,Доход,Услуга,Безнал,Стрижка и укладка,03.06.2024,6,,,,,"р.0,00","р.4 500,00","р.4 500,00"
4323,Доход,Товар,Безнал,Продажа шампуня,03.06.2024,6,,,,,"р.0,00","р.500,00","р.500,00"
4324,Доход,Услуга,Наличные,Стрижка старшего мастера,03.06.2024,6,,,,,"р.0,00","р.5 500,00","р.5 500,00"
4325,Доход,Услуга,Безнал,Обычная стрижка,03.06.2024,6,,,,,"р.0,00","р.3 500,00","р.3 500,00"
4326,Доход,Товар,Безнал,Продажа шампуня,03.06.2024,6,,,,,"р.0,00","р.500,00","р.500,00"
4327,Расход,Товар,Безнал,Закупка резинок,03.06.2024,6,,,,,"р.0,00","р.500,00","р.500,00"
4328,Доход,Товар,Безнал,Продажа геля,03.06.2024,6,,,,,"р.0,00","р.300,00","р.300,00"
4329,Доход,Услуга,Безнал,Стрижка старшего мастера,03.06.2024,6,,,,,"р.0,00","р.5 500,00","р.5 500,00"
4330,Доход,Услуга,Безнал,Обычная стрижка,03.06.2024,6,,,,,"р.0,00","р.3 500,00","р.3 500,00"
4331,Расход,Товар,Наличные,Закупка полотенец,03.06.2024,6,,,,,"р.0,00","р.1 000,00","р.1 000,00"
4332,Доход,Услуга,Безнал,Стрижка и укладка,03.06.2024,6,,,,,"р.0,00","р.4 500,00","р.4 500,00"
4333,Доход,Услуга,Безнал,Стрижка и укладка,03.06.2024,6,,,,,"р.0,00","р.4 500,00","р.4 500,00"
4334,Доход,Товар,Безнал,Продажа геля,03.06.2024,6,,,,,"р.0,00","р.300,00","р.300,00"
4335,Доход,Товар,Безнал,Продажа геля,03.06.2024,6,42gbcz3389430,3,Поисковые запросы в Яндексе,"0,05","р.15,00","р.300,00","р.285,00"
4336,Доход,Товар,Безнал,Продажа геля,03.06.2024,6,,,,,"р.0,00","р.300,00","р.300,00"
4337,Доход,Услуга,Безнал,Стрижка старшего мастера,03.06.2024,6,,,,,"р.0,00","р.5 500,00","р.5 500,00"
4338,Доход,Услуга,Безнал,Стрижка старшего мастера,03.06.2024,6,,,,,"р.0,00","р.5 500,00","р.5 500,00"
4339,Доход,Услуга,Наличные,Обычная стрижка,03.06.2024,6,,,,,"р.0,00","р.3 500,00","р.3 500,00"
4340,Доход,Услуга,Наличные,Стрижка старшего мастера,03.06.2024,6,,,,,"р.0,00","р.5 500,00","р.5 500,00"
4341,Доход,Услуга,Безнал,Обычная стрижка,03.06.2024,6,,,,,"р.0,00","р.3 500,00","р.3 500,00"
4342,Расход,Товар,Безнал,Закупка полотенец,03.06.2024,6,,,,,"р.0,00","р.1 000,00","р.1 000,00"
4343,Расход,Товар,Безнал,Закупка резинок,03.06.2024,6,,,,,"р.0,00","р.500,00","р.500,00"
4344,Доход,Услуга,Безнал,Стрижка и укладка,03.06.2024,6,,,,,"р.0,00","р.4 500,00","р.4 500,00"
4345,Доход,Услуга,Наличные,Обычная стрижка,03.06.2024,6,,,,,"р.0,00","р.3 500,00","р.3 500,00"
4346,Доход,Услуга,Безнал,Стрижка старшего мастера,03.06.2024,6,,,,,"р.0,00","р.5 500,00","р.5 500,00"
4347,Доход,Услуга,Безнал,Стрижка и укладка,04.06.2024,6,42gbcz3469079,2,Поисковые запросы в Гугле,"0,10","р.450,00","р.4 500,00","р.4 050,00"
4348,Доход,Товар,Безнал,Продажа шампуня и кондиционера,04.06.2024,6,,,,,"р.0,00","р.1 000,00","р.1 000,00"
4349,Доход,Услуга,Наличные,Стрижка и укладка,04.06.2024,6,,,,,"р.0,00","р.4 500,00","р.4 500,00"
4350,Доход,Услуга,Наличные,Стрижка и укладка,04.06.2024,6,,,,,"р.0,00","р.4 500,00","р.4 500,00"
4351,Доход,Услуга,Безнал,Обычная стрижка,04.06.2024,6,,,,,"р.0,00","р.3 500,00","р.3 500,00"
4352,Расход,Товар,Безнал,Закупка полотенец,04.06.2024,6,,,,,"р.0,00","р.1 000,00","р.1 000,00"
4353,Доход,Услуга,Наличные,Стрижка и укладка,04.06.2024,6,,,,,"р.0,00","р.4 500,00","р.4 500,00"
4354,Доход,Услуга,Безнал,Обычная стрижка,04.06.2024,6,,,,,"р.0,00","р.3 500,00","р.3 500,00"
4355,Доход,Услуга,Безнал,Стрижка старшего мастера,04.06.2024,6,,,,,"р.0,00","р.5 500,00","р.5 500,00"
4356,Расход,Товар,Безнал,Закупка полотенец,04.06.2024,6,,,,,"р.0,00","р.1 000,00","р.1 000,00"
4357,Доход,Услуга,Безнал,Стрижка старшего мастера,04.06.2024,6,,,,,"р.0,00","р.5 500,00","р.5 500,00"
4358,Доход,Услуга,Безнал,Стрижка и укладка,04.06.2024,6,,,,,"р.0,00","р.4 500,00","р.4 500,00"
4359,Доход,Услуга,Наличные,Стрижка старшего мастера,04.06.2024,6,42gbcz3795303,3,Поисковые запросы в Яндексе,"0,05","р.275,00","р.5 500,00","р.5 225,00"
4360,Доход,Услуга,Безнал,Стрижка и укладка,04.06.2024,6,,,,,"р.0,00","р.4 500,00","р.4 500,00"
4361,Доход,Товар,Безнал,Продажа геля,04.06.2024,6,,,,,"р.0,00","р.300,00","р.300,00"
4362,Доход,Услуга,Безнал,Обычная стрижка,04.06.2024,6,,,,,"р.0,00","р.3 500,00","р.3 500,00"
4363,Доход,Услуга,Безнал,Стрижка старшего мастера,04.06.2024,6,,,,,"р.0,00","р.5 500,00","р.5 500,00"
4364,Доход,Услуга,Безнал,Стрижка и укладка,04.06.2024,6,,,,,"р.0,00","р.4 500,00","р.4 500,00"
4365,Расход,Товар,Безнал,Прочие расходы,04.06.2024,6,,,,,"р.0,00","р.300,00","р.300,00"
4366,Доход,Услуга,Наличные,Обычная стрижка,04.06.2024,6,,,,,"р.0,00","р.3 500,00","р.3 500,00"
4367,Доход,Услуга,Безнал,Стрижка старшего мастера,04.06.2024,6,,,,,"р.0,00","р.5 500,00","р.5 500,00"
4368,Доход,Услуга,Безнал,Обычная стрижка,04.06.2024,6,,,,,"р.0,00","р.3 500,00","р.3 500,00"
4369,Доход,Товар,Безнал,Продажа шампуня,04.06.2024,6,,,,,"р.0,00","р.500,00","р.500,00"
4370,Доход,Услуга,Безнал,Обычная стрижка,04.06.2024,6,,,,,"р.0,00","р.3 500,00","р.3 500,00"
4371,Доход,Услуга,Безнал,Стрижка и укладка,04.06.2024,6,,,,,"р.0,00","р.4 500,00","р.4 500,00"
4372,Доход,Услуга,Безнал,Стрижка и укладка,04.06.2024,6,,,,,"р.0,00","р.4 500,00","р.4 500,00"
4373,Доход,Услуга,Безнал,Стрижка и укладка,04.06.2024,6,,,,,"р.0,00","р.4 500,00","р.4 500,00"
4374,Доход,Услуга,Наличные,Обычная стрижка,04.06.2024,6,,,,,"р.0,00","р.3 500,00","р.3 500,00"
4375,Доход,Услуга,Безнал,Обычная стрижка,04.06.2024,6,,,,,"р.0,00","р.3 500,00","р.3 500,00"
4376,Доход,Услуга,Наличные,Обычная стрижка,04.06.2024,6,,,,,"р.0,00","р.3 500,00","р.3 500,00"
4377,Доход,Услуга,Безнал,Обычная стрижка,05.06.2024,6,,,,,"р.0,00","р.3 500,00","р.3 500,00"
4378,Доход,Услуга,Безнал,Обычная стрижка,05.06.2024,6,,,,,"р.0,00","р.3 500,00","р.3 500,00"
4379,Расход,Товар,Наличные,Закупка резинок,05.06.2024,6,,,,,"р.0,00","р.500,00","р.500,00"
4380,Доход,Услуга,Безнал,Стрижка и укладка,05.06.2024,6,,,,,"р.0,00","р.4 500,00","р.4 500,00"
4381,Доход,Услуга,Безнал,Обычная стрижка,05.06.2024,6,,,,,"р.0,00","р.3 500,00","р.3 500,00"
4382,Доход,Услуга,Безнал,Стрижка и укладка,05.06.2024,6,,,,,"р.0,00","р.4 500,00","р.4 500,00"
4383,Доход,Услуга,Безнал,Обычная стрижка,05.06.2024,6,,,,,"р.0,00","р.3 500,00","р.3 500,00"
4384,Доход,Услуга,Безнал,Стрижка и укладка,05.06.2024,6,,,,,"р.0,00","р.4 500,00","р.4 500,00"
4385,Расход,Товар,Наличные,Закупка резинок,05.06.2024,6,,,,,"р.0,00","р.500,00","р.500,00"
4386,Доход,Услуга,Безнал,Стрижка и укладка,05.06.2024,6,42gbcz3011764,7,Сторис в VK,"0,15","р.675,00","р.4 500,00","р.3 825,00"
4387,Доход,Услуга,Безнал,Стрижка старшего мастера,05.06.2024,6,,,,,"р.0,00","р.5 500,00","р.5 500,00"
4388,Доход,Товар,Безнал,Продажа шампуня и кондиционера,05.06.2024,6,,,,,"р.0,00","р.1 000,00","р.1 000,00"
4389,Доход,Товар,Безнал,Продажа шампуня и кондиционера,05.06.2024,6,,,,,"р.0,00","р.1 000,00","р.1 000,00"
4390,Доход,Услуга,Безнал,Стрижка и укладка,05.06.2024,6,,,,,"р.0,00","р.4 500,00","р.4 500,00"
4391,Доход,Товар,Безнал,Продажа шампуня и кондиционера,05.06.2024,6,,,,,"р.0,00","р.1 000,00","р.1 000,00"
4392,Доход,Товар,Безнал,Продажа геля,05.06.2024,6,42gbcz2498155,7,Сторис в VK,"0,15","р.45,00","р.300,00","р.255,00"
4393,Доход,Услуга,Безнал,Стрижка старшего мастера,05.06.2024,6,,,,,"р.0,00","р.5 500,00","р.5 500,00"
4394,Доход,Товар,Безнал,Продажа геля,05.06.2024,6,,,,,"р.0,00","р.300,00","р.300,00"
4395,Доход,Услуга,Безнал,Стрижка и укладка,05.06.2024,6,,,,,"р.0,00","р.4 500,00","р.4 500,00"
4396,Доход,Услуга,Безнал,Обычная стрижка,05.06.2024,6,,,,,"р.0,00","р.3 500,00","р.3 500,00"
4397,Доход,Услуга,Безнал,Стрижка старшего мастера,05.06.2024,6,,,,,"р.0,00","р.5 500,00","р.5 500,00"
4398,Доход,Услуга,Безнал,Стрижка и укладка,05.06.2024,6,,,,,"р.0,00","р.4 500,00","р.4 500,00"
4399,Доход,Услуга,Безнал,Стрижка старшего мастера,05.06.2024,6,,,,,"р.0,00","р.5 500,00","р.5 500,00"
4400,Доход,Услуга,Безнал,Стрижка и укладка,05.06.2024,6,,,,,"р.0,00","р.4 500,00","р.4 500,00"
4401,Доход,Услуга,Безнал,Стрижка старшего мастера,05.06.2024,6,,,,,"р.0,00","р.5 500,00","р.5 500,00"
4402,Доход,Услуга,Безнал,Стрижка и укладка,05.06.2024,6,42gbcz1438127,6,Реклама в VK,"0,20","р.900,00","р.4 500,00","р.3 600,00"
4403,Доход,Услуга,Наличные,Стрижка старшего мастера,05.06.2024,6,,,,,"р.0,00","р.5 500,00","р.5 500,00"
4404,Доход,Услуга,Безнал,Обычная стрижка,05.06.2024,6,,,,,"р.0,00","р.3 500,00","р.3 500,00"
4405,Доход,Товар,Безнал,Продажа шампуня,05.06.2024,6,,,,,"р.0,00","р.500,00","р.500,00"
4406,Доход,Услуга,Наличные,Стрижка старшего мастера,05.06.2024,6,,,,,"р.0,00","р.5 500,00","р.5 500,00"
4407,Доход,Услуга,Безнал,Стрижка старшего мастера,06.06.2024,6,,,,,"р.0,00","р.5 500,00","р.5 500,00"
4408,Доход,Услуга,Наличные,Стрижка старшего мастера,06.06.2024,6,,,,,"р.0,00","р.5 500,00","р.5 500,00"
4409,Доход,Услуга,Наличные,Обычная стрижка,06.06.2024,6,,,,,"р.0,00","р.3 500,00","р.3 500,00"
4410,Доход,Услуга,Безнал,Стрижка старшего мастера,06.06.2024,6,,,,,"р.0,00","р.5 500,00","р.5 500,00"
4411,Доход,Услуга,Безнал,Стрижка и укладка,06.06.2024,6,,,,,"р.0,00","р.4 500,00","р.4 500,00"
4412,Доход,Услуга,Наличные,Стрижка старшего мастера,06.06.2024,6,,,,,"р.0,00","р.5 500,00","р.5 500,00"
4413,Доход,Услуга,Безнал,Стрижка старшего мастера,06.06.2024,6,42gbcz3332142,6,Реклама в VK,"0,20","р.1 100,00","р.5 500,00","р.4 400,00"
4414,Расход,Товар,Наличные,Прочие расходы,06.06.2024,6,,,,,"р.0,00","р.300,00","р.300,00"
4415,Доход,Товар,Безнал,Продажа шампуня и кондиционера,06.06.2024,6,42gbcz1135604,2,Поисковые запросы в Гугле,"0,10","р.100,00","р.1 000,00","р.900,00"
4416,Доход,Услуга,Безнал,Обычная стрижка,06.06.2024,6,,,,,"р.0,00","р.3 500,00","р.3 500,00"
4417,Доход,Услуга,Безнал,Стрижка старшего мастера,06.06.2024,6,,,,,"р.0,00","р.5 500,00","р.5 500,00"
4418,Доход,Товар,Наличные,Продажа шампуня,06.06.2024,6,,,,,"р.0,00","р.500,00","р.500,00"
4419,Доход,Услуга,Наличные,Стрижка и укладка,06.06.2024,6,,,,,"р.0,00","р.4 500,00","р.4 500,00"
4420,Расход,Товар,Безнал,Закупка полотенец,06.06.2024,6,,,,,"р.0,00","р.1 000,00","р.1 000,00"
4421,Доход,Услуга,Безнал,Обычная стрижка,06.06.2024,6,,,,,"р.0,00","р.3 500,00","р.3 500,00"
4422,Доход,Услуга,Наличные,Стрижка и укладка,06.06.2024,6,,,,,"р.0,00","р.4 500,00","р.4 500,00"
4423,Доход,Услуга,Безнал,Стрижка старшего мастера,06.06.2024,6,,,,,"р.0,00","р.5 500,00","р.5 500,00"
4424,Доход,Услуга,Безнал,Обычная стрижка,06.06.2024,6,,,,,"р.0,00","р.3 500,00","р.3 500,00"
4425,Доход,Товар,Безнал,Продажа шампуня и кондиционера,06.06.2024,6,,,,,"р.0,00","р.1 000,00","р.1 000,00"
4426,Доход,Услуга,Наличные,Стрижка старшего мастера,06.06.2024,6,,,,,"р.0,00","р.5 500,00","р.5 500,00"
4427,Доход,Товар,Безнал,Продажа шампуня,06.06.2024,6,,,,,"р.0,00","р.500,00","р.500,00"
4428,Доход,Услуга,Безнал,Обычная стрижка,06.06.2024,6,,,,,"р.0,00","р.3 500,00","р.3 500,00"
4429,Доход,Услуга,Безнал,Стрижка старшего мастера,06.06.2024,6,,,,,"р.0,00","р.5 500,00","р.5 500,00"
4430,Доход,Услуга,Наличные,Обычная стрижка,06.06.2024,6,,,,,"р.0,00","р.3 500,00","р.3 500,00"
4431,Доход,Услуга,Безнал,Стрижка и укладка,06.06.2024,6,,,,,"р.0,00","р.4 500,00","р.4 500,00"
4432,Доход,Услуга,Безнал,Стрижка и укладка,06.06.2024,6,,,,,"р.0,00","р.4 500,00","р.4 500,00"
4433,Доход,Услуга,Безнал,Стрижка старшего мастера,06.06.2024,6,,,,,"р.0,00","р.5 500,00","р.5 500,00"
4434,Доход,Услуга,Безнал,Обычная стрижка,06.06.2024,6,,,,,"р.0,00","р.3 500,00","р.3 500,00"
4435,Расход,Товар,Безнал,Прочие расходы,06.06.2024,6,,,,,"р.0,00","р.300,00","р.300,00"
4436,Доход,Товар,Безнал,Продажа шампуня,06.06.2024,6,,,,,"р.0,00","р.500,00","р.500,00"
4437,Доход,Услуга,Безнал,Обычная стрижка,07.06.2024,6,,,,,"р.0,00","р.3 500,00","р.3 500,00"
4438,Доход,Услуга,Безнал,Стрижка и укладка,07.06.2024,6,,,,,"р.0,00","р.4 500,00","р.4 500,00"
4439,Доход,Услуга,Безнал,Стрижка и укладка,07.06.2024,6,,,,,"р.0,00","р.4 500,00","р.4 500,00"
4440,Доход,Услуга,Наличные,Стрижка старшего мастера,07.06.2024,6,,,,,"р.0,00","р.5 500,00","р.5 500,00"
4441,Доход,Услуга,Безнал,Стрижка и укладка,07.06.2024,6,,,,,"р.0,00","р.4 500,00","р.4 500,00"
4442,Доход,Услуга,Безнал,Стрижка и укладка,07.06.2024,6,,,,,"р.0,00","р.4 500,00","р.4 500,00"
4443,Доход,Услуга,Безнал,Стрижка старшего мастера,07.06.2024,6,,,,,"р.0,00","р.5 500,00","р.5 500,00"
4444,Доход,Услуга,Безнал,Стрижка старшего мастера,07.06.2024,6,,,,,"р.0,00","р.5 500,00","р.5 500,00"
4445,Доход,Услуга,Безнал,Обычная стрижка,07.06.2024,6,,,,,"р.0,00","р.3 500,00","р.3 500,00"
4446,Доход,Услуга,Безнал,Обычная стрижка,07.06.2024,6,,,,,"р.0,00","р.3 500,00","р.3 500,00"
4447,Доход,Услуга,Безнал,Стрижка старшего мастера,07.06.2024,6,,,,,"р.0,00","р.5 500,00","р.5 500,00"
4448,Доход,Услуга,Безнал,Стрижка и укладка,07.06.2024,6,,,,,"р.0,00","р.4 500,00","р.4 500,00"
4449,Расход,Товар,Безнал,Прочие расходы,07.06.2024,6,,,,,"р.0,00","р.300,00","р.300,00"
4450,Расход,Товар,Наличные,Закупка резинок,07.06.2024,6,,,,,"р.0,00","р.500,00","р.500,00"
4451,Доход,Услуга,Безнал,Стрижка и укладка,07.06.2024,6,,,,,"р.0,00","р.4 500,00","р.4 500,00"
4452,Доход,Услуга,Наличные,Стрижка старшего мастера,07.06.2024,6,,,,,"р.0,00","р.5 500,00","р.5 500,00"
4453,Доход,Услуга,Безнал,Стрижка и укладка,07.06.2024,6,42gbcz100626,6,Реклама в VK,"0,20","р.900,00","р.4 500,00","р.3 600,00"
4454,Доход,Товар,Безнал,Продажа шампуня и кондиционера,07.06.2024,6,,,,,"р.0,00","р.1 000,00","р.1 000,00"
4455,Доход,Товар,Наличные,Продажа геля,07.06.2024,6,,,,,"р.0,00","р.300,00","р.300,00"
4456,Доход,Услуга,Безнал,Стрижка и укладка,07.06.2024,6,,,,,"р.0,00","р.4 500,00","р.4 500,00"
4457,Доход,Услуга,Безнал,Стрижка и укладка,07.06.2024,6,,,,,"р.0,00","р.4 500,00","р.4 500,00"
4458,Доход,Товар,Наличные,Продажа шампуня,07.06.2024,6,,,,,"р.0,00","р.500,00","р.500,00"
4459,Доход,Услуга,Безнал,Обычная стрижка,07.06.2024,6,,,,,"р.0,00","р.3 500,00","р.3 500,00"
4460,Доход,Товар,Безнал,Продажа шампуня и кондиционера,07.06.2024,6,,,,,"р.0,00","р.1 000,00","р.1 000,00"
4461,Расход,Товар,Безнал,Закупка резинок,07.06.2024,6,,,,,"р.0,00","р.500,00","р.500,00"
4462,Доход,Услуга,Безнал,Стрижка и укладка,07.06.2024,6,,,,,"р.0,00","р.4 500,00","р.4 500,00"
4463,Доход,Услуга,Наличные,Стрижка и укладка,07.06.2024,6,,,,,"р.0,00","р.4 500,00","р.4 500,00"
4464,Доход,Услуга,Наличные,Стрижка и укладка,07.06.2024,6,,,,,"р.0,00","р.4 500,00","р.4 500,00"
4465,Доход,Товар,Безнал,Продажа шампуня,07.06.2024,6,,,,,"р.0,00","р.500,00","р.500,00"
4466,Расход,Товар,Наличные,Закупка полотенец,07.06.2024,6,,,,,"р.0,00","р.1 000,00","р.1 000,00"
4467,Доход,Услуга,Безнал,Стрижка старшего мастера,08.06.2024,6,,,,,"р.0,00","р.5 500,00","р.5 500,00"
4468,Доход,Услуга,Безнал,Стрижка старшего мастера,08.06.2024,6,,,,,"р.0,00","р.5 500,00","р.5 500,00"
4469,Доход,Услуга,Наличные,Стрижка и укладка,08.06.2024,6,,,,,"р.0,00","р.4 500,00","р.4 500,00"
4470,Доход,Товар,Наличные,Продажа шампуня,08.06.2024,6,,,,,"р.0,00","р.500,00","р.500,00"
4471,Доход,Услуга,Безнал,Стрижка старшего мастера,08.06.2024,6,,,,,"р.0,00","р.5 500,00","р.5 500,00"
4472,Расход,Товар,Безнал,Закупка полотенец,08.06.2024,6,,,,,"р.0,00","р.1 000,00","р.1 000,00"
4473,Доход,Услуга,Наличные,Стрижка старшего мастера,08.06.2024,6,,,,,"р.0,00","р.5 500,00","р.5 500,00"
4474,Доход,Услуга,Безнал,Стрижка и укладка,08.06.2024,6,42gbcz1598194,3,Поисковые запросы в Яндексе,"0,05","р.225,00","р.4 500,00","р.4 275,00"
4475,Доход,Товар,Безнал,Продажа шампуня и кондиционера,08.06.2024,6,,,,,"р.0,00","р.1 000,00","р.1 000,00"
4476,Доход,Услуга,Безнал,Стрижка и укладка,08.06.2024,6,,,,,"р.0,00","р.4 500,00","р.4 500,00"
4477,Доход,Услуга,Наличные,Обычная стрижка,08.06.2024,6,,,,,"р.0,00","р.3 500,00","р.3 500,00"
4478,Расход,Товар,Безнал,Закупка резинок,08.06.2024,6,,,,,"р.0,00","р.500,00","р.500,00"
4479,Доход,Услуга,Наличные,Обычная стрижка,08.06.2024,6,,,,,"р.0,00","р.3 500,00","р.3 500,00"
4480,Доход,Услуга,Безнал,Стрижка и укладка,08.06.2024,6,,,,,"р.0,00","р.4 500,00","р.4 500,00"
4481,Доход,Товар,Безнал,Продажа шампуня,08.06.2024,6,42gbcz1806957,1,Обещаем скидки,"0,10","р.50,00","р.500,00","р.450,00"
4482,Доход,Услуга,Безнал,Стрижка старшего мастера,08.06.2024,6,,,,,"р.0,00","р.5 500,00","р.5 500,00"
4483,Доход,Товар,Безнал,Продажа геля,08.06.2024,6,,,,,"р.0,00","р.300,00","р.300,00"
4484,Доход,Услуга,Наличные,Обычная стрижка,08.06.2024,6,42gbcz2241778,1,Обещаем скидки,"0,10","р.350,00","р.3 500,00","р.3 150,00"
4485,Доход,Услуга,Наличные,Обычная стрижка,08.06.2024,6,,,,,"р.0,00","р.3 500,00","р.3 500,00"
4486,Доход,Услуга,Безнал,Обычная стрижка,08.06.2024,6,42gbcz1855642,2,Поисковые запросы в Гугле,"0,10","р.350,00","р.3 500,00","р.3 150,00"
4487,Доход,Услуга,Безнал,Стрижка старшего мастера,08.06.2024,6,42gbcz3653421,1,Обещаем скидки,"0,10","р.550,00","р.5 500,00","р.4 950,00"
4488,Доход,Услуга,Безнал,Обычная стрижка,08.06.2024,6,,,,,"р.0,00","р.3 500,00","р.3 500,00"
4489,Доход,Услуга,Безнал,Стрижка и укладка,08.06.2024,6,42gbcz1900914,3,Поисковые запросы в Яндексе,"0,05","р.225,00","р.4 500,00","р.4 275,00"
4490,Расход,Товар,Безнал,Прочие расходы,08.06.2024,6,,,,,"р.0,00","р.300,00","р.300,00"
4491,Доход,Услуга,Безнал,Обычная стрижка,08.06.2024,6,,,,,"р.0,00","р.3 500,00","р.3 500,00"
4492,Доход,Товар,Безнал,Продажа геля,08.06.2024,6,,,,,"р.0,00","р.300,00","р.300,00"
4493,Доход,Услуга,Безнал,Обычная стрижка,08.06.2024,6,,,,,"р.0,00","р.3 500,00","р.3 500,00"
4494,Доход,Услуга,Наличные,Стрижка и укладка,08.06.2024,6,42gbcz2210653,7,Сторис в VK,"0,15","р.675,00","р.4 500,00","р.3 825,00"
4495,Доход,Услуга,Безнал,Стрижка и укладка,08.06.2024,6,,,,,"р.0,00","р.4 500,00","р.4 500,00"
4496,Расход,Товар,Безнал,Закупка полотенец,08.06.2024,6,,,,,"р.0,00","р.1 000,00","р.1 000,00"
4497,Доход,Товар,Безнал,Продажа геля,09.06.2024,6,,,,,"р.0,00","р.300,00","р.300,00"
4498,Доход,Услуга,Безнал,Обычная стрижка,09.06.2024,6,,,,,"р.0,00","р.3 500,00","р.3 500,00"
4499,Доход,Услуга,Безнал,Обычная стрижка,09.06.2024,6,,,,,"р.0,00","р.3 500,00","р.3 500,00"
4500,Расход,Товар,Безнал,Закупка резинок,09.06.2024,6,,,,,"р.0,00","р.500,00","р.500,00"
4501,Доход,Услуга,Наличные,Стрижка и укладка,09.06.2024,6,42gbcz620728,2,Поисковые запросы в Гугле,"0,10","р.450,00","р.4 500,00","р.4 050,00"
4502,Доход,Услуга,Безнал,Стрижка старшего мастера,09.06.2024,6,,,,,"р.0,00","р.5 500,00","р.5 500,00"
4503,Доход,Услуга,Безнал,Стрижка старшего мастера,09.06.2024,6,,,,,"р.0,00","р.5 500,00","р.5 500,00"
4504,Доход,Товар,Наличные,Продажа шампуня и кондиционера,09.06.2024,6,,,,,"р.0,00","р.1 000,00","р.1 000,00"
4505,Доход,Товар,Безнал,Продажа шампуня и кондиционера,09.06.2024,6,,,,,"р.0,00","р.1 000,00","р.1 000,00"
4506,Доход,Услуга,Наличные,Стрижка и укладка,09.06.2024,6,,,,,"р.0,00","р.4 500,00","р.4 500,00"
4507,Доход,Услуга,Безнал,Стрижка и укладка,09.06.2024,6,42gbcz2997451,2,Поисковые запросы в Гугле,"0,10","р.450,00","р.4 500,00","р.4 050,00"
4508,Доход,Товар,Наличные,Продажа геля,09.06.2024,6,,,,,"р.0,00","р.300,00","р.300,00"
4509,Расход,Товар,Безнал,Закупка полотенец,09.06.2024,6,,,,,"р.0,00","р.1 000,00","р.1 000,00"
4510,Доход,Услуга,Наличные,Стрижка и укладка,09.06.2024,6,,,,,"р.0,00","р.4 500,00","р.4 500,00"
4511,Доход,Услуга,Безнал,Обычная стрижка,09.06.2024,6,42gbcz322269,5,Посты в VK,"0,15","р.525,00","р.3 500,00","р.2 975,00"
4512,Доход,Услуга,Безнал,Стрижка и укладка,09.06.2024,6,,,,,"р.0,00","р.4 500,00","р.4 500,00"
4513,Доход,Услуга,Безнал,Стрижка старшего мастера,09.06.2024,6,,,,,"р.0,00","р.5 500,00","р.5 500,00"
4514,Доход,Услуга,Безнал,Обычная стрижка,09.06.2024,6,,,,,"р.0,00","р.3 500,00","р.3 500,00"
4515,Доход,Услуга,Безнал,Стрижка и укладка,09.06.2024,6,,,,,"р.0,00","р.4 500,00","р.4 500,00"
4516,Доход,Услуга,Безнал,Стрижка и укладка,09.06.2024,6,,,,,"р.0,00","р.4 500,00","р.4 500,00"
4517,Доход,Услуга,Безнал,Стрижка старшего мастера,09.06.2024,6,,,,,"р.0,00","р.5 500,00","р.5 500,00"
4518,Расход,Товар,Безнал,Закупка резинок,09.06.2024,6,,,,,"р.0,00","р.500,00","р.500,00"
4519,Доход,Товар,Безнал,Продажа шампуня и кондиционера,09.06.2024,6,,,,,"р.0,00","р.1 000,00","р.1 000,00"
4520,Доход,Услуга,Наличные,Стрижка старшего мастера,09.06.2024,6,42gbcz2909384,3,Поисковые запросы в Яндексе,"0,05","р.275,00","р.5 500,00","р.5 225,00"
4521,Расход,Товар,Безнал,Закупка полотенец,09.06.2024,6,,,,,"р.0,00","р.1 000,00","р.1 000,00"
4522,Доход,Услуга,Безнал,Стрижка и укладка,09.06.2024,6,42gbcz2137010,7,Сторис в VK,"0,15","р.675,00","р.4 500,00","р.3 825,00"
4523,Расход,Товар,Наличные,Прочие расходы,09.06.2024,6,,,,,"р.0,00","р.300,00","р.300,00"
4524,Расход,Товар,Безнал,Закупка резинок,09.06.2024,6,,,,,"р.0,00","р.500,00","р.500,00"
4525,Доход,Услуга,Безнал,Стрижка и укладка,09.06.2024,6,,,,,"р.0,00","р.4 500,00","р.4 500,00"
4526,Доход,Услуга,Наличные,Стрижка и укладка,09.06.2024,6,,,,,"р.0,00","р.4 500,00","р.4 500,00"
4527,Доход,Услуга,Наличные,Стрижка старшего мастера,10.06.2024,6,,,,,"р.0,00","р.5 500,00","р.5 500,00"
4528,Доход,Товар,Безнал,Продажа шампуня и кондиционера,10.06.2024,6,,,,,"р.0,00","р.1 000,00","р.1 000,00"
4529,Доход,Услуга,Безнал,Стрижка и укладка,10.06.2024,6,,,,,"р.0,00","р.4 500,00","р.4 500,00"
4530,Доход,Услуга,Безнал,Обычная стрижка,10.06.2024,6,,,,,"р.0,00","р.3 500,00","р.3 500,00"
4531,Доход,Товар,Наличные,Продажа шампуня,10.06.2024,6,,,,,"р.0,00","р.500,00","р.500,00"
4532,Доход,Услуга,Безнал,Стрижка и укладка,10.06.2024,6,,,,,"р.0,00","р.4 500,00","р.4 500,00"
4533,Доход,Услуга,Безнал,Стрижка старшего мастера,10.06.2024,6,42gbcz3674916,3,Поисковые запросы в Яндексе,"0,05","р.275,00","р.5 500,00","р.5 225,00"
4534,Доход,Товар,Безнал,Продажа шампуня,10.06.2024,6,,,,,"р.0,00","р.500,00","р.500,00"
4535,Доход,Услуга,Безнал,Стрижка старшего мастера,10.06.2024,6,,,,,"р.0,00","р.5 500,00","р.5 500,00"
4536,Доход,Товар,Безнал,Продажа шампуня и кондиционера,10.06.2024,6,,,,,"р.0,00","р.1 000,00","р.1 000,00"
4537,Доход,Услуга,Безнал,Стрижка старшего мастера,10.06.2024,6,42gbcz1055518,4,Посты в Telegram,"0,50","р.2 750,00","р.5 500,00","р.2 750,00"
4538,Доход,Услуга,Безнал,Стрижка и укладка,10.06.2024,6,,,,,"р.0,00","р.4 500,00","р.4 500,00"
4539,Доход,Услуга,Безнал,Обычная стрижка,10.06.2024,6,,,,,"р.0,00","р.3 500,00","р.3 500,00"
4540,Доход,Услуга,Безнал,Стрижка старшего мастера,10.06.2024,6,,,,,"р.0,00","р.5 500,00","р.5 500,00"
4541,Доход,Услуга,Безнал,Стрижка и укладка,10.06.2024,6,,,,,"р.0,00","р.4 500,00","р.4 500,00"
4542,Доход,Услуга,Безнал,Стрижка старшего мастера,10.06.2024,6,,,,,"р.0,00","р.5 500,00","р.5 500,00"
4543,Доход,Товар,Безнал,Продажа шампуня,10.06.2024,6,,,,,"р.0,00","р.500,00","р.500,00"
4544,Доход,Услуга,Безнал,Обычная стрижка,10.06.2024,6,,,,,"р.0,00","р.3 500,00","р.3 500,00"
4545,Доход,Услуга,Безнал,Стрижка старшего мастера,10.06.2024,6,,,,,"р.0,00","р.5 500,00","р.5 500,00"
4546,Расход,Услуга,Безнал,Рекламный бюджет,10.06.2024,6,,,,,"р.0,00","р.50 000,00","р.50 000,00"
4547,Доход,Услуга,Безнал,Обычная стрижка,10.06.2024,6,,,,,"р.0,00","р.3 500,00","р.3 500,00"
4548,Доход,Услуга,Безнал,Стрижка старшего мастера,10.06.2024,6,,,,,"р.0,00","р.5 500,00","р.5 500,00"
4549,Доход,Услуга,Безнал,Обычная стрижка,10.06.2024,6,,,,,"р.0,00","р.3 500,00","р.3 500,00"
4550,Доход,Услуга,Наличные,Стрижка старшего мастера,10.06.2024,6,,,,,"р.0,00","р.5 500,00","р.5 500,00"
4551,Доход,Товар,Безнал,Продажа шампуня,10.06.2024,6,,,,,"р.0,00","р.500,00","р.500,00"
4552,Доход,Услуга,Безнал,Стрижка и укладка,10.06.2024,6,,,,,"р.0,00","р.4 500,00","р.4 500,00"
4553,Доход,Услуга,Безнал,Стрижка старшего мастера,10.06.2024,6,,,,,"р.0,00","р.5 500,00","р.5 500,00"
4554,Доход,Услуга,Безнал,Стрижка старшего мастера,10.06.2024,6,,,,,"р.0,00","р.5 500,00","р.5 500,00"
4555,Доход,Услуга,Безнал,Обычная стрижка,10.06.2024,6,42gbcz2972594,7,Сторис в VK,"0,15","р.525,00","р.3 500,00","р.2 975,00"
4556,Доход,Услуга,Безнал,Стрижка старшего мастера,10.06.2024,6,,,,,"р.0,00","р.5 500,00","р.5 500,00"
4557,Доход,Товар,Безнал,Продажа геля,10.06.2024,6,,,,,"р.0,00","р.300,00","р.300,00"
4558,Расход,Услуга,Безнал,Рекламный бюджет,10.06.2024,6,,,,,"р.0,00","р.50 000,00","р.50 000,00"
4559,Расход,Услуга,Безнал,Рекламный бюджет,10.06.2024,6,,,,,"р.0,00","р.50 000,00","р.50 000,00"
4560,Доход,Услуга,Безнал,Стрижка и укладка,11.06.2024,6,42gbcz2656723,7,Сторис в VK,"0,15","р.675,00","р.4 500,00","р.3 825,00"
4561,Расход,Товар,Безнал,Прочие расходы,11.06.2024,6,,,,,"р.0,00","р.300,00","р.300,00"
4562,Доход,Услуга,Безнал,Стрижка старшего мастера,11.06.2024,6,,,,,"р.0,00","р.5 500,00","р.5 500,00"
4563,Доход,Услуга,Безнал,Обычная стрижка,11.06.2024,6,,,,,"р.0,00","р.3 500,00","р.3 500,00"
4564,Доход,Услуга,Наличные,Обычная стрижка,11.06.2024,6,42gbcz252360,2,Поисковые запросы в Гугле,"0,10","р.350,00","р.3 500,00","р.3 150,00"
4565,Расход,Товар,Безнал,Прочие расходы,11.06.2024,6,,,,,"р.0,00","р.300,00","р.300,00"
4566,Доход,Услуга,Безнал,Обычная стрижка,11.06.2024,6,,,,,"р.0,00","р.3 500,00","р.3 500,00"
4567,Доход,Услуга,Безнал,Стрижка и укладка,11.06.2024,6,,,,,"р.0,00","р.4 500,00","р.4 500,00"
4568,Доход,Услуга,Безнал,Стрижка и укладка,11.06.2024,6,,,,,"р.0,00","р.4 500,00","р.4 500,00"
4569,Доход,Услуга,Безнал,Стрижка и укладка,11.06.2024,6,42gbcz3638299,4,Посты в Telegram,"0,50","р.2 250,00","р.4 500,00","р.2 250,00"
4570,Доход,Услуга,Безнал,Обычная стрижка,11.06.2024,6,,,,,"р.0,00","р.3 500,00","р.3 500,00"
4571,Доход,Услуга,Наличные,Стрижка и укладка,11.06.2024,6,,,,,"р.0,00","р.4 500,00","р.4 500,00"
4572,Доход,Услуга,Наличные,Обычная стрижка,11.06.2024,6,,,,,"р.0,00","р.3 500,00","р.3 500,00"
4573,Доход,Услуга,Безнал,Стрижка и укладка,11.06.2024,6,,,,,"р.0,00","р.4 500,00","р.4 500,00"
4574,Доход,Услуга,Безнал,Стрижка и укладка,11.06.2024,6,,,,,"р.0,00","р.4 500,00","р.4 500,00"
4575,Доход,Услуга,Наличные,Обычная стрижка,11.06.2024,6,,,,,"р.0,00","р.3 500,00","р.3 500,00"
4576,Доход,Товар,Наличные,Продажа геля,11.06.2024,6,,,,,"р.0,00","р.300,00","р.300,00"
4577,Доход,Услуга,Безнал,Обычная стрижка,11.06.2024,6,,,,,"р.0,00","р.3 500,00","р.3 500,00"
4578,Расход,Товар,Безнал,Закупка полотенец,11.06.2024,6,,,,,"р.0,00","р.1 000,00","р.1 000,00"
4579,Доход,Товар,Наличные,Продажа геля,11.06.2024,6,,,,,"р.0,00","р.300,00","р.300,00"
4580,Расход,Товар,Безнал,Прочие расходы,11.06.2024,6,,,,,"р.0,00","р.300,00","р.300,00"
4581,Доход,Услуга,Наличные,Обычная стрижка,11.06.2024,6,,,,,"р.0,00","р.3 500,00","р.3 500,00"
4582,Доход,Товар,Безнал,Продажа шампуня и кондиционера,11.06.2024,6,,,,,"р.0,00","р.1 000,00","р.1 000,00"
4583,Расход,Товар,Безнал,Прочие расходы,11.06.2024,6,,,,,"р.0,00","р.300,00","р.300,00"
4584,Доход,Товар,Безнал,Продажа шампуня и кондиционера,11.06.2024,6,42gbcz749732,6,Реклама в VK,"0,20","р.200,00","р.1 000,00","р.800,00"
4585,Расход,Товар,Безнал,Закупка резинок,11.06.2024,6,,,,,"р.0,00","р.500,00","р.500,00"
4586,Доход,Услуга,Безнал,Стрижка старшего мастера,11.06.2024,6,,,,,"р.0,00","р.5 500,00","р.5 500,00"
4587,Доход,Услуга,Безнал,Стрижка старшего мастера,11.06.2024,6,42gbcz1983291,5,Посты в VK,"0,15","р.825,00","р.5 500,00","р.4 675,00"
4588,Доход,Услуга,Безнал,Стрижка старшего мастера,11.06.2024,6,,,,,"р.0,00","р.5 500,00","р.5 500,00"
4589,Доход,Товар,Безнал,Продажа геля,11.06.2024,6,,,,,"р.0,00","р.300,00","р.300,00"
4590,Доход,Услуга,Безнал,Стрижка и укладка,12.06.2024,6,,,,,"р.0,00","р.4 500,00","р.4 500,00"
4591,Доход,Услуга,Наличные,Стрижка старшего мастера,12.06.2024,6,,,,,"р.0,00","р.5 500,00","р.5 500,00"
4592,Доход,Услуга,Безнал,Стрижка старшего мастера,12.06.2024,6,,,,,"р.0,00","р.5 500,00","р.5 500,00"
4593,Доход,Услуга,Безнал,Стрижка и укладка,12.06.2024,6,,,,,"р.0,00","р.4 500,00","р.4 500,00"
4594,Доход,Услуга,Безнал,Обычная стрижка,12.06.2024,6,,,,,"р.0,00","р.3 500,00","р.3 500,00"
4595,Доход,Услуга,Безнал,Стрижка и укладка,12.06.2024,6,,,,,"р.0,00","р.4 500,00","р.4 500,00"
4596,Доход,Услуга,Наличные,Обычная стрижка,12.06.2024,6,,,,,"р.0,00","р.3 500,00","р.3 500,00"
4597,Доход,Услуга,Безнал,Стрижка старшего мастера,12.06.2024,6,,,,,"р.0,00","р.5 500,00","р.5 500,00"
4598,Доход,Услуга,Безнал,Стрижка старшего мастера,12.06.2024,6,42gbcz2190807,4,Посты в Telegram,"0,50","р.2 750,00","р.5 500,00","р.2 750,00"
4599,Доход,Товар,Безнал,Продажа шампуня и кондиционера,12.06.2024,6,,,,,"р.0,00","р.1 000,00","р.1 000,00"
4600,Доход,Услуга,Наличные,Стрижка и укладка,12.06.2024,6,,,,,"р.0,00","р.4 500,00","р.4 500,00"
4601,Доход,Услуга,Безнал,Стрижка старшего мастера,12.06.2024,6,,,,,"р.0,00","р.5 500,00","р.5 500,00"
4602,Расход,Товар,Наличные,Закупка резинок,12.06.2024,6,,,,,"р.0,00","р.500,00","р.500,00"
4603,Расход,Товар,Безнал,Закупка полотенец,12.06.2024,6,,,,,"р.0,00","р.1 000,00","р.1 000,00"
4604,Доход,Услуга,Безнал,Стрижка старшего мастера,12.06.2024,6,,,,,"р.0,00","р.5 500,00","р.5 500,00"
4605,Расход,Товар,Безнал,Прочие расходы,12.06.2024,6,,,,,"р.0,00","р.300,00","р.300,00"
4606,Доход,Услуга,Безнал,Стрижка старшего мастера,12.06.2024,6,,,,,"р.0,00","р.5 500,00","р.5 500,00"
4607,Доход,Услуга,Безнал,Обычная стрижка,12.06.2024,6,,,,,"р.0,00","р.3 500,00","р.3 500,00"
4608,Доход,Услуга,Безнал,Стрижка и укладка,12.06.2024,6,,,,,"р.0,00","р.4 500,00","р.4 500,00"
4609,Доход,Услуга,Безнал,Стрижка и укладка,12.06.2024,6,42gbcz1063849,2,Поисковые запросы в Гугле,"0,10","р.450,00","р.4 500,00","р.4 050,00"
4610,Расход,Товар,Безнал,Закупка полотенец,12.06.2024,6,,,,,"р.0,00","р.1 000,00","р.1 000,00"
4611,Доход,Товар,Безнал,Продажа шампуня и кондиционера,12.06.2024,6,,,,,"р.0,00","р.1 000,00","р.1 000,00"
4612,Расход,Товар,Безнал,Закупка резинок,12.06.2024,6,,,,,"р.0,00","р.500,00","р.500,00"
4613,Доход,Услуга,Безнал,Обычная стрижка,12.06.2024,6,,,,,"р.0,00","р.3 500,00","р.3 500,00"
4614,Доход,Услуга,Наличные,Стрижка старшего мастера,12.06.2024,6,,,,,"р.0,00","р.5 500,00","р.5 500,00"
4615,Доход,Услуга,Безнал,Стрижка старшего мастера,12.06.2024,6,,,,,"р.0,00","р.5 500,00","р.5 500,00"
4616,Доход,Услуга,Безнал,Стрижка старшего мастера,12.06.2024,6,,,,,"р.0,00","р.5 500,00","р.5 500,00"
4617,Доход,Услуга,Безнал,Стрижка и укладка,12.06.2024,6,,,,,"р.0,00","р.4 500,00","р.4 500,00"
4618,Доход,Товар,Безнал,Продажа шампуня,12.06.2024,6,,,,,"р.0,00","р.500,00","р.500,00"
4619,Доход,Услуга,Безнал,Стрижка и укладка,12.06.2024,6,,,,,"р.0,00","р.4 500,00","р.4 500,00"
4620,Доход,Услуга,Безнал,Стрижка старшего мастера,13.06.2024,6,,,,,"р.0,00","р.5 500,00","р.5 500,00"
4621,Доход,Товар,Безнал,Продажа шампуня,13.06.2024,6,,,,,"р.0,00","р.500,00","р.500,00"
4622,Доход,Услуга,Безнал,Обычная стрижка,13.06.2024,6,,,,,"р.0,00","р.3 500,00","р.3 500,00"
4623,Доход,Услуга,Безнал,Стрижка старшего мастера,13.06.2024,6,,,,,"р.0,00","р.5 500,00","р.5 500,00"
4624,Расход,Товар,Безнал,Закупка резинок,13.06.2024,6,,,,,"р.0,00","р.500,00","р.500,00"
4625,Доход,Услуга,Безнал,Обычная стрижка,13.06.2024,6,,,,,"р.0,00","р.3 500,00","р.3 500,00"
4626,Доход,Услуга,Безнал,Стрижка и укладка,13.06.2024,6,,,,,"р.0,00","р.4 500,00","р.4 500,00"
4627,Доход,Услуга,Безнал,Стрижка старшего мастера,13.06.2024,6,,,,,"р.0,00","р.5 500,00","р.5 500,00"
4628,Доход,Товар,Безнал,Продажа шампуня,13.06.2024,6,,,,,"р.0,00","р.500,00","р.500,00"
4629,Расход,Товар,Безнал,Закупка полотенец,13.06.2024,6,,,,,"р.0,00","р.1 000,00","р.1 000,00"
4630,Доход,Услуга,Безнал,Обычная стрижка,13.06.2024,6,,,,,"р.0,00","р.3 500,00","р.3 500,00"
4631,Доход,Услуга,Безнал,Стрижка и укладка,13.06.2024,6,,,,,"р.0,00","р.4 500,00","р.4 500,00"
4632,Доход,Товар,Безнал,Продажа геля,13.06.2024,6,,,,,"р.0,00","р.300,00","р.300,00"
4633,Доход,Товар,Безнал,Продажа шампуня и кондиционера,13.06.2024,6,,,,,"р.0,00","р.1 000,00","р.1 000,00"
4634,Доход,Услуга,Безнал,Обычная стрижка,13.06.2024,6,,,,,"р.0,00","р.3 500,00","р.3 500,00"
4635,Доход,Услуга,Безнал,Стрижка старшего мастера,13.06.2024,6,,,,,"р.0,00","р.5 500,00","р.5 500,00"
4636,Доход,Услуга,Безнал,Стрижка и укладка,13.06.2024,6,,,,,"р.0,00","р.4 500,00","р.4 500,00"
4637,Расход,Товар,Наличные,Прочие расходы,13.06.2024,6,,,,,"р.0,00","р.300,00","р.300,00"
4638,Доход,Услуга,Безнал,Стрижка старшего мастера,13.06.2024,6,,,,,"р.0,00","р.5 500,00","р.5 500,00"
4639,Доход,Услуга,Безнал,Стрижка старшего мастера,13.06.2024,6,42gbcz139161,5,Посты в VK,"0,15","р.825,00","р.5 500,00","р.4 675,00"
4640,Доход,Услуга,Наличные,Обычная стрижка,13.06.2024,6,,,,,"р.0,00","р.3 500,00","р.3 500,00"
4641,Доход,Услуга,Наличные,Стрижка старшего мастера,13.06.2024,6,,,,,"р.0,00","р.5 500,00","р.5 500,00"
4642,Доход,Товар,Безнал,Продажа геля,13.06.2024,6,,,,,"р.0,00","р.300,00","р.300,00"
4643,Расход,Товар,Наличные,Закупка полотенец,13.06.2024,6,,,,,"р.0,00","р.1 000,00","р.1 000,00"
4644,Доход,Услуга,Безнал,Стрижка и укладка,13.06.2024,6,,,,,"р.0,00","р.4 500,00","р.4 500,00"
4645,Доход,Услуга,Наличные,Стрижка старшего мастера,13.06.2024,6,,,,,"р.0,00","р.5 500,00","р.5 500,00"
4646,Доход,Услуга,Наличные,Стрижка и укладка,13.06.2024,6,,,,,"р.0,00","р.4 500,00","р.4 500,00"
4647,Расход,Товар,Безнал,Прочие расходы,13.06.2024,6,,,,,"р.0,00","р.300,00","р.300,00"
4648,Расход,Товар,Безнал,Прочие расходы,13.06.2024,6,,,,,"р.0,00","р.300,00","р.300,00"
4649,Доход,Услуга,Безнал,Стрижка и укладка,13.06.2024,6,,,,,"р.0,00","р.4 500,00","р.4 500,00"
4650,Доход,Услуга,Безнал,Обычная стрижка,14.06.2024,6,,,,,"р.0,00","р.3 500,00","р.3 500,00"
4651,Доход,Услуга,Безнал,Стрижка и укладка,14.06.2024,6,,,,,"р.0,00","р.4 500,00","р.4 500,00"
4652,Доход,Услуга,Наличные,Стрижка и укладка,14.06.2024,6,,,,,"р.0,00","р.4 500,00","р.4 500,00"
4653,Доход,Товар,Наличные,Продажа шампуня,14.06.2024,6,,,,,"р.0,00","р.500,00","р.500,00"
4654,Доход,Услуга,Безнал,Стрижка и укладка,14.06.2024,6,,,,,"р.0,00","р.4 500,00","р.4 500,00"
4655,Расход,Товар,Наличные,Закупка резинок,14.06.2024,6,,,,,"р.0,00","р.500,00","р.500,00"
4656,Доход,Товар,Безнал,Продажа геля,14.06.2024,6,,,,,"р.0,00","р.300,00","р.300,00"
4657,Расход,Товар,Наличные,Закупка полотенец,14.06.2024,6,,,,,"р.0,00","р.1 000,00","р.1 000,00"
4658,Доход,Товар,Безнал,Продажа шампуня,14.06.2024,6,,,,,"р.0,00","р.500,00","р.500,00"
4659,Доход,Услуга,Безнал,Обычная стрижка,14.06.2024,6,,,,,"р.0,00","р.3 500,00","р.3 500,00"
4660,Доход,Услуга,Безнал,Обычная стрижка,14.06.2024,6,,,,,"р.0,00","р.3 500,00","р.3 500,00"
4661,Расход,Товар,Безнал,Закупка полотенец,14.06.2024,6,,,,,"р.0,00","р.1 000,00","р.1 000,00"
4662,Расход,Товар,Безнал,Прочие расходы,14.06.2024,6,,,,,"р.0,00","р.300,00","р.300,00"
4663,Расход,Товар,Безнал,Закупка резинок,14.06.2024,6,,,,,"р.0,00","р.500,00","р.500,00"
4664,Доход,Услуга,Безнал,Обычная стрижка,14.06.2024,6,,,,,"р.0,00","р.3 500,00","р.3 500,00"
4665,Доход,Услуга,Безнал,Стрижка и укладка,14.06.2024,6,,,,,"р.0,00","р.4 500,00","р.4 500,00"
4666,Доход,Товар,Наличные,Продажа шампуня,14.06.2024,6,,,,,"р.0,00","р.500,00","р.500,00"
4667,Доход,Услуга,Безнал,Стрижка и укладка,14.06.2024,6,,,,,"р.0,00","р.4 500,00","р.4 500,00"
4668,Доход,Услуга,Безнал,Стрижка и укладка,14.06.2024,6,,,,,"р.0,00","р.4 500,00","р.4 500,00"
4669,Доход,Услуга,Наличные,Стрижка старшего мастера,14.06.2024,6,,,,,"р.0,00","р.5 500,00","р.5 500,00"
4670,Доход,Услуга,Наличные,Обычная стрижка,14.06.2024,6,,,,,"р.0,00","р.3 500,00","р.3 500,00"
4671,Доход,Товар,Безнал,Продажа геля,14.06.2024,6,,,,,"р.0,00","р.300,00","р.300,00"
4672,Доход,Товар,Безнал,Продажа шампуня и кондиционера,14.06.2024,6,42gbcz1531983,7,Сторис в VK,"0,15","р.150,00","р.1 000,00","р.850,00"
4673,Доход,Товар,Безнал,Продажа геля,14.06.2024,6,,,,,"р.0,00","р.300,00","р.300,00"
4674,Доход,Услуга,Безнал,Стрижка старшего мастера,14.06.2024,6,,,,,"р.0,00","р.5 500,00","р.5 500,00"
4675,Доход,Товар,Безнал,Продажа шампуня,14.06.2024,6,,,,,"р.0,00","р.500,00","р.500,00"
4676,Расход,Товар,Безнал,Закупка полотенец,14.06.2024,6,,,,,"р.0,00","р.1 000,00","р.1 000,00"
4677,Доход,Товар,Безнал,Продажа шампуня,14.06.2024,6,,,,,"р.0,00","р.500,00","р.500,00"
4678,Доход,Услуга,Безнал,Обычная стрижка,14.06.2024,6,,,,,"р.0,00","р.3 500,00","р.3 500,00"
4679,Расход,Товар,Безнал,Закупка полотенец,14.06.2024,6,,,,,"р.0,00","р.1 000,00","р.1 000,00"
4680,Доход,Услуга,Безнал,Стрижка старшего мастера,15.06.2024,6,,,,,"р.0,00","р.5 500,00","р.5 500,00"
4681,Доход,Услуга,Безнал,Обычная стрижка,15.06.2024,6,,,,,"р.0,00","р.3 500,00","р.3 500,00"
4682,Доход,Услуга,Безнал,Стрижка и укладка,15.06.2024,6,,,,,"р.0,00","р.4 500,00","р.4 500,00"
4683,Расход,Товар,Безнал,Закупка резинок,15.06.2024,6,,,,,"р.0,00","р.500,00","р.500,00"
4684,Доход,Услуга,Наличные,Обычная стрижка,15.06.2024,6,,,,,"р.0,00","р.3 500,00","р.3 500,00"
4685,Доход,Услуга,Наличные,Стрижка и укладка,15.06.2024,6,,,,,"р.0,00","р.4 500,00","р.4 500,00"
4686,Доход,Услуга,Безнал,Стрижка и укладка,15.06.2024,6,,,,,"р.0,00","р.4 500,00","р.4 500,00"
4687,Доход,Товар,Безнал,Продажа геля,15.06.2024,6,,,,,"р.0,00","р.300,00","р.300,00"
4688,Доход,Услуга,Безнал,Стрижка и укладка,15.06.2024,6,,,,,"р.0,00","р.4 500,00","р.4 500,00"
4689,Доход,Услуга,Безнал,Стрижка и укладка,15.06.2024,6,,,,,"р.0,00","р.4 500,00","р.4 500,00"
4690,Доход,Услуга,Безнал,Стрижка старшего мастера,15.06.2024,6,,,,,"р.0,00","р.5 500,00","р.5 500,00"
4691,Доход,Услуга,Наличные,Стрижка старшего мастера,15.06.2024,6,,,,,"р.0,00","р.5 500,00","р.5 500,00"
4692,Доход,Услуга,Безнал,Стрижка старшего мастера,15.06.2024,6,,,,,"р.0,00","р.5 500,00","р.5 500,00"
4693,Расход,Товар,Наличные,Прочие расходы,15.06.2024,6,,,,,"р.0,00","р.300,00","р.300,00"
4694,Доход,Услуга,Безнал,Стрижка и укладка,15.06.2024,6,42gbcz1899417,6,Реклама в VK,"0,20","р.900,00","р.4 500,00","р.3 600,00"
4695,Доход,Услуга,Безнал,Стрижка и укладка,15.06.2024,6,,,,,"р.0,00","р.4 500,00","р.4 500,00"
4696,Доход,Услуга,Безнал,Стрижка и укладка,15.06.2024,6,,,,,"р.0,00","р.4 500,00","р.4 500,00"
4697,Доход,Услуга,Безнал,Обычная стрижка,15.06.2024,6,,,,,"р.0,00","р.3 500,00","р.3 500,00"
4698,Доход,Услуга,Наличные,Стрижка старшего мастера,15.06.2024,6,,,,,"р.0,00","р.5 500,00","р.5 500,00"
4699,Доход,Услуга,Наличные,Стрижка старшего мастера,15.06.2024,6,,,,,"р.0,00","р.5 500,00","р.5 500,00"
4700,Доход,Услуга,Безнал,Обычная стрижка,15.06.2024,6,,,,,"р.0,00","р.3 500,00","р.3 500,00"
4701,Доход,Услуга,Безнал,Обычная стрижка,15.06.2024,6,,,,,"р.0,00","р.3 500,00","р.3 500,00"
4702,Доход,Услуга,Безнал,Обычная стрижка,15.06.2024,6,,,,,"р.0,00","р.3 500,00","р.3 500,00"
4703,Доход,Услуга,Безнал,Стрижка и укладка,15.06.2024,6,,,,,"р.0,00","р.4 500,00","р.4 500,00"
4704,Доход,Товар,Наличные,Продажа геля,15.06.2024,6,,,,,"р.0,00","р.300,00","р.300,00"
4705,Доход,Услуга,Безнал,Обычная стрижка,15.06.2024,6,,,,,"р.0,00","р.3 500,00","р.3 500,00"
4706,Доход,Товар,Безнал,Продажа шампуня и кондиционера,15.06.2024,6,,,,,"р.0,00","р.1 000,00","р.1 000,00"
4707,Доход,Услуга,Безнал,Стрижка и укладка,15.06.2024,6,,,,,"р.0,00","р.4 500,00","р.4 500,00"
4708,Доход,Услуга,Безнал,Стрижка старшего мастера,15.06.2024,6,,,,,"р.0,00","р.5 500,00","р.5 500,00"
4709,Доход,Услуга,Безнал,Стрижка и укладка,15.06.2024,6,,,,,"р.0,00","р.4 500,00","р.4 500,00"
4710,Расход,Услуга,Безнал,Зарплата,15.06.2024,6,,,,,"р.0,00","р.82 500,00","р.82 500,00"
4711,Расход,Услуга,Безнал,Зарплата,15.06.2024,6,,,,,"р.0,00","р.82 500,00","р.82 500,00"
4712,Расход,Услуга,Безнал,Зарплата,15.06.2024,6,,,,,"р.0,00","р.82 500,00","р.82 500,00"
4713,Расход,Услуга,Безнал,Зарплата,15.06.2024,6,,,,,"р.0,00","р.82 500,00","р.82 500,00"
4714,Расход,Услуга,Безнал,Зарплата,15.06.2024,6,,,,,"р.0,00","р.82 500,00","р.82 500,00"
4715,Расход,Услуга,Безнал,Зарплата,15.06.2024,6,,,,,"р.0,00","р.82 500,00","р.82 500,00"
4716,Расход,Услуга,Безнал,Зарплата,15.06.2024,6,,,,,"р.0,00","р.82 500,00","р.82 500,00"
4717,Расход,Услуга,Безнал,Зарплата,15.06.2024,6,,,,,"р.0,00","р.82 500,00","р.82 500,00"
4718,Доход,Услуга,Безнал,Обычная стрижка,16.06.2024,6,,,,,"р.0,00","р.3 500,00","р.3 500,00"
4719,Доход,Товар,Безнал,Продажа шампуня,16.06.2024,6,,,,,"р.0,00","р.500,00","р.500,00"
4720,Доход,Услуга,Безнал,Стрижка старшего мастера,16.06.2024,6,42gbcz2052640,6,Реклама в VK,"0,20","р.1 100,00","р.5 500,00","р.4 400,00"
4721,Доход,Услуга,Безнал,Стрижка и укладка,16.06.2024,6,,,,,"р.0,00","р.4 500,00","р.4 500,00"
4722,Доход,Услуга,Безнал,Стрижка и укладка,16.06.2024,6,,,,,"р.0,00","р.4 500,00","р.4 500,00"
4723,Доход,Товар,Безнал,Продажа шампуня,16.06.2024,6,,,,,"р.0,00","р.500,00","р.500,00"
4724,Доход,Услуга,Безнал,Обычная стрижка,16.06.2024,6,,,,,"р.0,00","р.3 500,00","р.3 500,00"
4725,Доход,Услуга,Безнал,Стрижка старшего мастера,16.06.2024,6,,,,,"р.0,00","р.5 500,00","р.5 500,00"
4726,Доход,Услуга,Безнал,Стрижка и укладка,16.06.2024,6,,,,,"р.0,00","р.4 500,00","р.4 500,00"
4727,Расход,Товар,Безнал,Закупка резинок,16.06.2024,6,,,,,"р.0,00","р.500,00","р.500,00"
4728,Доход,Услуга,Безнал,Стрижка старшего мастера,16.06.2024,6,,,,,"р.0,00","р.5 500,00","р.5 500,00"
4729,Доход,Услуга,Безнал,Стрижка старшего мастера,16.06.2024,6,,,,,"р.0,00","р.5 500,00","р.5 500,00"
4730,Расход,Товар,Наличные,Закупка полотенец,16.06.2024,6,,,,,"р.0,00","р.1 000,00","р.1 000,00"
4731,Расход,Товар,Наличные,Прочие расходы,16.06.2024,6,,,,,"р.0,00","р.300,00","р.300,00"
4732,Доход,Услуга,Безнал,Стрижка и укладка,16.06.2024,6,,,,,"р.0,00","р.4 500,00","р.4 500,00"
4733,Доход,Услуга,Наличные,Обычная стрижка,16.06.2024,6,42gbcz3594236,1,Обещаем скидки,"0,10","р.350,00","р.3 500,00","р.3 150,00"
4734,Доход,Услуга,Безнал,Обычная стрижка,16.06.2024,6,42gbcz2600902,6,Реклама в VK,"0,20","р.700,00","р.3 500,00","р.2 800,00"
4735,Доход,Услуга,Наличные,Стрижка и укладка,16.06.2024,6,,,,,"р.0,00","р.4 500,00","р.4 500,00"
4736,Доход,Услуга,Безнал,Стрижка и укладка,16.06.2024,6,,,,,"р.0,00","р.4 500,00","р.4 500,00"
4737,Доход,Услуга,Безнал,Стрижка старшего мастера,16.06.2024,6,42gbcz2371026,7,Сторис в VK,"0,15","р.825,00","р.5 500,00","р.4 675,00"
4738,Доход,Услуга,Безнал,Стрижка старшего мастера,16.06.2024,6,42gbcz648174,3,Поисковые запросы в Яндексе,"0,05","р.275,00","р.5 500,00","р.5 225,00"
4739,Доход,Товар,Безнал,Продажа геля,16.06.2024,6,,,,,"р.0,00","р.300,00","р.300,00"
4740,Доход,Товар,Безнал,Продажа шампуня,16.06.2024,6,,,,,"р.0,00","р.500,00","р.500,00"
4741,Доход,Услуга,Безнал,Стрижка старшего мастера,16.06.2024,6,,,,,"р.0,00","р.5 500,00","р.5 500,00"
4742,Доход,Товар,Безнал,Продажа шампуня,16.06.2024,6,,,,,"р.0,00","р.500,00","р.500,00"
4743,Доход,Услуга,Безнал,Обычная стрижка,16.06.2024,6,,,,,"р.0,00","р.3 500,00","р.3 500,00"
4744,Доход,Услуга,Безнал,Стрижка и укладка,16.06.2024,6,,,,,"р.0,00","р.4 500,00","р.4 500,00"
4745,Доход,Услуга,Безнал,Обычная стрижка,16.06.2024,6,,,,,"р.0,00","р.3 500,00","р.3 500,00"
4746,Доход,Товар,Безнал,Продажа шампуня,16.06.2024,6,,,,,"р.0,00","р.500,00","р.500,00"
4747,Расход,Товар,Безнал,Прочие расходы,16.06.2024,6,,,,,"р.0,00","р.300,00","р.300,00"
4748,Доход,Товар,Безнал,Продажа шампуня и кондиционера,17.06.2024,6,,,,,"р.0,00","р.1 000,00","р.1 000,00"
4749,Расход,Товар,Безнал,Прочие расходы,17.06.2024,6,,,,,"р.0,00","р.300,00","р.300,00"
4750,Доход,Услуга,Безнал,Стрижка и укладка,17.06.2024,6,,,,,"р.0,00","р.4 500,00","р.4 500,00"
4751,Доход,Услуга,Безнал,Стрижка старшего мастера,17.06.2024,6,,,,,"р.0,00","р.5 500,00","р.5 500,00"
4752,Доход,Услуга,Безнал,Стрижка и укладка,17.06.2024,6,42gbcz1824018,2,Поисковые запросы в Гугле,"0,10","р.450,00","р.4 500,00","р.4 050,00"
4753,Доход,Услуга,Безнал,Стрижка и укладка,17.06.2024,6,,,,,"р.0,00","р.4 500,00","р.4 500,00"
4754,Доход,Услуга,Безнал,Обычная стрижка,17.06.2024,6,,,,,"р.0,00","р.3 500,00","р.3 500,00"
4755,Доход,Услуга,Безнал,Стрижка старшего мастера,17.06.2024,6,,,,,"р.0,00","р.5 500,00","р.5 500,00"
4756,Доход,Услуга,Безнал,Стрижка старшего мастера,17.06.2024,6,,,,,"р.0,00","р.5 500,00","р.5 500,00"
4757,Доход,Услуга,Безнал,Стрижка и укладка,17.06.2024,6,42gbcz2275761,6,Реклама в VK,"0,20","р.900,00","р.4 500,00","р.3 600,00"
4758,Доход,Услуга,Безнал,Стрижка и укладка,17.06.2024,6,42gbcz1886457,4,Посты в Telegram,"0,50","р.2 250,00","р.4 500,00","р.2 250,00"
4759,Доход,Товар,Безнал,Продажа шампуня,17.06.2024,6,,,,,"р.0,00","р.500,00","р.500,00"
4760,Доход,Услуга,Безнал,Обычная стрижка,17.06.2024,6,,,,,"р.0,00","р.3 500,00","р.3 500,00"
4761,Доход,Услуга,Безнал,Стрижка старшего мастера,17.06.2024,6,42gbcz2671723,3,Поисковые запросы в Яндексе,"0,05","р.275,00","р.5 500,00","р.5 225,00"
4762,Доход,Товар,Безнал,Продажа шампуня,17.06.2024,6,,,,,"р.0,00","р.500,00","р.500,00"
4763,Доход,Услуга,Безнал,Стрижка старшего мастера,17.06.2024,6,42gbcz1938051,5,Посты в VK,"0,15","р.825,00","р.5 500,00","р.4 675,00"
4764,Доход,Услуга,Безнал,Обычная стрижка,17.06.2024,6,42gbcz3189003,5,Посты в VK,"0,15","р.525,00","р.3 500,00","р.2 975,00"
4765,Доход,Товар,Безнал,Продажа шампуня и кондиционера,17.06.2024,6,,,,,"р.0,00","р.1 000,00","р.1 000,00"
4766,Доход,Услуга,Безнал,Обычная стрижка,17.06.2024,6,,,,,"р.0,00","р.3 500,00","р.3 500,00"
4767,Расход,Товар,Безнал,Закупка полотенец,17.06.2024,6,,,,,"р.0,00","р.1 000,00","р.1 000,00"
4768,Доход,Услуга,Безнал,Обычная стрижка,17.06.2024,6,,,,,"р.0,00","р.3 500,00","р.3 500,00"
4769,Расход,Товар,Безнал,Закупка резинок,17.06.2024,6,,,,,"р.0,00","р.500,00","р.500,00"
4770,Доход,Услуга,Безнал,Стрижка старшего мастера,17.06.2024,6,,,,,"р.0,00","р.5 500,00","р.5 500,00"
4771,Доход,Услуга,Наличные,Обычная стрижка,17.06.2024,6,,,,,"р.0,00","р.3 500,00","р.3 500,00"
4772,Доход,Услуга,Наличные,Стрижка старшего мастера,17.06.2024,6,,,,,"р.0,00","р.5 500,00","р.5 500,00"
4773,Доход,Товар,Безнал,Продажа шампуня,17.06.2024,6,,,,,"р.0,00","р.500,00","р.500,00"
4774,Доход,Услуга,Безнал,Обычная стрижка,17.06.2024,6,,,,,"р.0,00","р.3 500,00","р.3 500,00"
4775,Доход,Услуга,Безнал,Обычная стрижка,17.06.2024,6,,,,,"р.0,00","р.3 500,00","р.3 500,00"
4776,Доход,Товар,Безнал,Продажа геля,17.06.2024,6,42gbcz448440,5,Посты в VK,"0,15","р.45,00","р.300,00","р.255,00"
4777,Доход,Услуга,Безнал,Стрижка старшего мастера,17.06.2024,6,42gbcz1279299,1,Обещаем скидки,"0,10","р.550,00","р.5 500,00","р.4 950,00"
4778,Доход,Услуга,Безнал,Обычная стрижка,18.06.2024,6,,,,,"р.0,00","р.3 500,00","р.3 500,00"
4779,Расход,Товар,Безнал,Прочие расходы,18.06.2024,6,,,,,"р.0,00","р.300,00","р.300,00"
4780,Доход,Услуга,Безнал,Обычная стрижка,18.06.2024,6,,,,,"р.0,00","р.3 500,00","р.3 500,00"
4781,Доход,Товар,Безнал,Продажа шампуня и кондиционера,18.06.2024,6,,,,,"р.0,00","р.1 000,00","р.1 000,00"
4782,Расход,Товар,Безнал,Закупка резинок,18.06.2024,6,,,,,"р.0,00","р.500,00","р.500,00"
4783,Доход,Услуга,Безнал,Стрижка и укладка,18.06.2024,6,42gbcz2933929,3,Поисковые запросы в Яндексе,"0,05","р.225,00","р.4 500,00","р.4 275,00"
4784,Расход,Товар,Наличные,Прочие расходы,18.06.2024,6,,,,,"р.0,00","р.300,00","р.300,00"
4785,Доход,Услуга,Безнал,Стрижка и укладка,18.06.2024,6,,,,,"р.0,00","р.4 500,00","р.4 500,00"
4786,Доход,Товар,Безнал,Продажа шампуня и кондиционера,18.06.2024,6,,,,,"р.0,00","р.1 000,00","р.1 000,00"
4787,Доход,Услуга,Безнал,Стрижка и укладка,18.06.2024,6,,,,,"р.0,00","р.4 500,00","р.4 500,00"
4788,Доход,Услуга,Безнал,Стрижка старшего мастера,18.06.2024,6,,,,,"р.0,00","р.5 500,00","р.5 500,00"
4789,Доход,Услуга,Безнал,Обычная стрижка,18.06.2024,6,42gbcz1270766,2,Поисковые запросы в Гугле,"0,10","р.350,00","р.3 500,00","р.3 150,00"
4790,Доход,Товар,Безнал,Продажа шампуня,18.06.2024,6,,,,,"р.0,00","р.500,00","р.500,00"
4791,Расход,Товар,Безнал,Закупка полотенец,18.06.2024,6,,,,,"р.0,00","р.1 000,00","р.1 000,00"
4792,Доход,Товар,Безнал,Продажа шампуня,18.06.2024,6,,,,,"р.0,00","р.500,00","р.500,00"
4793,Доход,Услуга,Безнал,Обычная стрижка,18.06.2024,6,,,,,"р.0,00","р.3 500,00","р.3 500,00"
4794,Доход,Услуга,Безнал,Обычная стрижка,18.06.2024,6,42gbcz3099569,4,Посты в Telegram,"0,50","р.1 750,00","р.3 500,00","р.1 750,00"
4795,Доход,Услуга,Безнал,Стрижка и укладка,18.06.2024,6,42gbcz432984,2,Поисковые запросы в Гугле,"0,10","р.450,00","р.4 500,00","р.4 050,00"
4796,Расход,Товар,Безнал,Закупка полотенец,18.06.2024,6,,,,,"р.0,00","р.1 000,00","р.1 000,00"
4797,Доход,Услуга,Безнал,Стрижка и укладка,18.06.2024,6,,,,,"р.0,00","р.4 500,00","р.4 500,00"
4798,Доход,Услуга,Безнал,Стрижка старшего мастера,18.06.2024,6,,,,,"р.0,00","р.5 500,00","р.5 500,00"
4799,Доход,Услуга,Безнал,Обычная стрижка,18.06.2024,6,42gbcz1651516,4,Посты в Telegram,"0,50","р.1 750,00","р.3 500,00","р.1 750,00"
4800,Доход,Услуга,Безнал,Стрижка старшего мастера,18.06.2024,6,,,,,"р.0,00","р.5 500,00","р.5 500,00"
4801,Доход,Товар,Безнал,Продажа шампуня,18.06.2024,6,,,,,"р.0,00","р.500,00","р.500,00"
4802,Доход,Товар,Безнал,Продажа шампуня и кондиционера,18.06.2024,6,,,,,"р.0,00","р.1 000,00","р.1 000,00"
4803,Доход,Услуга,Безнал,Стрижка старшего мастера,18.06.2024,6,,,,,"р.0,00","р.5 500,00","р.5 500,00"
4804,Доход,Услуга,Безнал,Стрижка старшего мастера,18.06.2024,6,,,,,"р.0,00","р.5 500,00","р.5 500,00"
4805,Доход,Товар,Безнал,Продажа шампуня,18.06.2024,6,,,,,"р.0,00","р.500,00","р.500,00"
4806,Доход,Услуга,Безнал,Стрижка и укладка,18.06.2024,6,42gbcz363404,4,Посты в Telegram,"0,50","р.2 250,00","р.4 500,00","р.2 250,00"
4807,Доход,Товар,Безнал,Продажа шампуня,18.06.2024,6,,,,,"р.0,00","р.500,00","р.500,00"
4808,Доход,Услуга,Безнал,Стрижка старшего мастера,19.06.2024,6,,,,,"р.0,00","р.5 500,00","р.5 500,00"
4809,Доход,Услуга,Безнал,Стрижка старшего мастера,19.06.2024,6,,,,,"р.0,00","р.5 500,00","р.5 500,00"
4810,Доход,Товар,Наличные,Продажа шампуня и кондиционера,19.06.2024,6,,,,,"р.0,00","р.1 000,00","р.1 000,00"
4811,Доход,Услуга,Безнал,Стрижка и укладка,19.06.2024,6,,,,,"р.0,00","р.4 500,00","р.4 500,00"
4812,Доход,Услуга,Безнал,Стрижка старшего мастера,19.06.2024,6,,,,,"р.0,00","р.5 500,00","р.5 500,00"
4813,Доход,Услуга,Безнал,Обычная стрижка,19.06.2024,6,,,,,"р.0,00","р.3 500,00","р.3 500,00"
4814,Доход,Товар,Наличные,Продажа шампуня и кондиционера,19.06.2024,6,,,,,"р.0,00","р.1 000,00","р.1 000,00"
4815,Доход,Услуга,Безнал,Стрижка и укладка,19.06.2024,6,,,,,"р.0,00","р.4 500,00","р.4 500,00"
4816,Доход,Услуга,Безнал,Обычная стрижка,19.06.2024,6,,,,,"р.0,00","р.3 500,00","р.3 500,00"
4817,Доход,Услуга,Безнал,Стрижка старшего мастера,19.06.2024,6,,,,,"р.0,00","р.5 500,00","р.5 500,00"
4818,Доход,Услуга,Безнал,Обычная стрижка,19.06.2024,6,42gbcz2888620,6,Реклама в VK,"0,20","р.700,00","р.3 500,00","р.2 800,00"
4819,Доход,Товар,Безнал,Продажа шампуня,19.06.2024,6,,,,,"р.0,00","р.500,00","р.500,00"
4820,Доход,Услуга,Безнал,Обычная стрижка,19.06.2024,6,42gbcz789185,6,Реклама в VK,"0,20","р.700,00","р.3 500,00","р.2 800,00"
4821,Доход,Услуга,Безнал,Обычная стрижка,19.06.2024,6,42gbcz3051081,7,Сторис в VK,"0,15","р.525,00","р.3 500,00","р.2 975,00"
4822,Расход,Товар,Безнал,Прочие расходы,19.06.2024,6,,,,,"р.0,00","р.300,00","р.300,00"
4823,Доход,Товар,Безнал,Продажа шампуня,19.06.2024,6,,,,,"р.0,00","р.500,00","р.500,00"
4824,Доход,Товар,Безнал,Продажа шампуня и кондиционера,19.06.2024,6,,,,,"р.0,00","р.1 000,00","р.1 000,00"
4825,Доход,Услуга,Безнал,Обычная стрижка,19.06.2024,6,,,,,"р.0,00","р.3 500,00","р.3 500,00"
4826,Расход,Товар,Безнал,Закупка резинок,19.06.2024,6,,,,,"р.0,00","р.500,00","р.500,00"
4827,Доход,Товар,Безнал,Продажа шампуня,19.06.2024,6,,,,,"р.0,00","р.500,00","р.500,00"
4828,Доход,Товар,Наличные,Продажа геля,19.06.2024,6,,,,,"р.0,00","р.300,00","р.300,00"
4829,Расход,Товар,Безнал,Закупка резинок,19.06.2024,6,,,,,"р.0,00","р.500,00","р.500,00"
4830,Доход,Услуга,Безнал,Стрижка и укладка,19.06.2024,6,,,,,"р.0,00","р.4 500,00","р.4 500,00"
4831,Доход,Услуга,Безнал,Стрижка и укладка,19.06.2024,6,,,,,"р.0,00","р.4 500,00","р.4 500,00"
4832,Доход,Товар,Безнал,Продажа шампуня,19.06.2024,6,,,,,"р.0,00","р.500,00","р.500,00"
4833,Доход,Услуга,Наличные,Стрижка старшего мастера,19.06.2024,6,,,,,"р.0,00","р.5 500,00","р.5 500,00"
4834,Доход,Услуга,Безнал,Стрижка и укладка,19.06.2024,6,,,,,"р.0,00","р.4 500,00","р.4 500,00"
4835,Расход,Товар,Безнал,Закупка резинок,19.06.2024,6,,,,,"р.0,00","р.500,00","р.500,00"
4836,Доход,Товар,Наличные,Продажа геля,19.06.2024,6,,,,,"р.0,00","р.300,00","р.300,00"
4837,Доход,Услуга,Безнал,Стрижка старшего мастера,19.06.2024,6,42gbcz3020020,7,Сторис в VK,"0,15","р.825,00","р.5 500,00","р.4 675,00"
4838,Расход,Товар,Безнал,Закупка резинок,20.06.2024,6,,,,,"р.0,00","р.500,00","р.500,00"
4839,Расход,Товар,Безнал,Закупка полотенец,20.06.2024,6,,,,,"р.0,00","р.1 000,00","р.1 000,00"
4840,Доход,Услуга,Безнал,Стрижка старшего мастера,20.06.2024,6,,,,,"р.0,00","р.5 500,00","р.5 500,00"
4841,Доход,Услуга,Наличные,Стрижка старшего мастера,20.06.2024,6,,,,,"р.0,00","р.5 500,00","р.5 500,00"
4842,Доход,Услуга,Безнал,Стрижка и укладка,20.06.2024,6,,,,,"р.0,00","р.4 500,00","р.4 500,00"
4843,Доход,Услуга,Безнал,Стрижка старшего мастера,20.06.2024,6,,,,,"р.0,00","р.5 500,00","р.5 500,00"
4844,Доход,Услуга,Безнал,Стрижка и укладка,20.06.2024,6,,,,,"р.0,00","р.4 500,00","р.4 500,00"
4845,Доход,Услуга,Безнал,Стрижка и укладка,20.06.2024,6,,,,,"р.0,00","р.4 500,00","р.4 500,00"
4846,Доход,Услуга,Безнал,Стрижка старшего мастера,20.06.2024,6,,,,,"р.0,00","р.5 500,00","р.5 500,00"
4847,Доход,Услуга,Безнал,Стрижка старшего мастера,20.06.2024,6,,,,,"р.0,00","р.5 500,00","р.5 500,00"
4848,Доход,Услуга,Безнал,Обычная стрижка,20.06.2024,6,,,,,"р.0,00","р.3 500,00","р.3 500,00"
4849,Доход,Услуга,Наличные,Стрижка старшего мастера,20.06.2024,6,,,,,"р.0,00","р.5 500,00","р.5 500,00"
4850,Доход,Услуга,Безнал,Стрижка и укладка,20.06.2024,6,42gbcz2683934,1,Обещаем скидки,"0,10","р.450,00","р.4 500,00","р.4 050,00"
4851,Доход,Услуга,Безнал,Стрижка старшего мастера,20.06.2024,6,,,,,"р.0,00","р.5 500,00","р.5 500,00"
4852,Доход,Услуга,Безнал,Стрижка и укладка,20.06.2024,6,,,,,"р.0,00","р.4 500,00","р.4 500,00"
4853,Доход,Услуга,Безнал,Обычная стрижка,20.06.2024,6,,,,,"р.0,00","р.3 500,00","р.3 500,00"
4854,Доход,Услуга,Наличные,Стрижка старшего мастера,20.06.2024,6,42gbcz2621644,4,Посты в Telegram,"0,50","р.2 750,00","р.5 500,00","р.2 750,00"
4855,Доход,Услуга,Безнал,Обычная стрижка,20.06.2024,6,,,,,"р.0,00","р.3 500,00","р.3 500,00"
4856,Доход,Услуга,Безнал,Обычная стрижка,20.06.2024,6,,,,,"р.0,00","р.3 500,00","р.3 500,00"
4857,Доход,Услуга,Безнал,Стрижка старшего мастера,20.06.2024,6,,,,,"р.0,00","р.5 500,00","р.5 500,00"
4858,Доход,Услуга,Безнал,Стрижка и укладка,20.06.2024,6,,,,,"р.0,00","р.4 500,00","р.4 500,00"
4859,Доход,Услуга,Безнал,Стрижка старшего мастера,20.06.2024,6,,,,,"р.0,00","р.5 500,00","р.5 500,00"
4860,Доход,Услуга,Наличные,Стрижка и укладка,20.06.2024,6,,,,,"р.0,00","р.4 500,00","р.4 500,00"
4861,Доход,Услуга,Наличные,Стрижка и укладка,20.06.2024,6,,,,,"р.0,00","р.4 500,00","р.4 500,00"
4862,Доход,Услуга,Безнал,Обычная стрижка,20.06.2024,6,,,,,"р.0,00","р.3 500,00","р.3 500,00"
4863,Доход,Услуга,Безнал,Стрижка старшего мастера,20.06.2024,6,,,,,"р.0,00","р.5 500,00","р.5 500,00"
4864,Доход,Услуга,Наличные,Обычная стрижка,20.06.2024,6,,,,,"р.0,00","р.3 500,00","р.3 500,00"
4865,Расход,Товар,Безнал,Закупка полотенец,20.06.2024,6,,,,,"р.0,00","р.1 000,00","р.1 000,00"
4866,Расход,Товар,Безнал,Закупка полотенец,20.06.2024,6,,,,,"р.0,00","р.1 000,00","р.1 000,00"
4867,Доход,Услуга,Безнал,Обычная стрижка,20.06.2024,6,,,,,"р.0,00","р.3 500,00","р.3 500,00"
4868,Доход,Услуга,Наличные,Стрижка старшего мастера,21.06.2024,6,42gbcz911625,3,Поисковые запросы в Яндексе,"0,05","р.275,00","р.5 500,00","р.5 225,00"
4869,Доход,Услуга,Безнал,Обычная стрижка,21.06.2024,6,42gbcz1021196,3,Поисковые запросы в Яндексе,"0,05","р.175,00","р.3 500,00","р.3 325,00"
4870,Доход,Услуга,Безнал,Стрижка старшего мастера,21.06.2024,6,,,,,"р.0,00","р.5 500,00","р.5 500,00"
4871,Доход,Товар,Безнал,Продажа шампуня и кондиционера,21.06.2024,6,,,,,"р.0,00","р.1 000,00","р.1 000,00"
4872,Доход,Услуга,Наличные,Обычная стрижка,21.06.2024,6,,,,,"р.0,00","р.3 500,00","р.3 500,00"
4873,Доход,Услуга,Безнал,Обычная стрижка,21.06.2024,6,,,,,"р.0,00","р.3 500,00","р.3 500,00"
4874,Доход,Услуга,Безнал,Обычная стрижка,21.06.2024,6,,,,,"р.0,00","р.3 500,00","р.3 500,00"
4875,Доход,Услуга,Безнал,Стрижка старшего мастера,21.06.2024,6,,,,,"р.0,00","р.5 500,00","р.5 500,00"
4876,Доход,Услуга,Безнал,Обычная стрижка,21.06.2024,6,,,,,"р.0,00","р.3 500,00","р.3 500,00"
4877,Доход,Услуга,Безнал,Обычная стрижка,21.06.2024,6,,,,,"р.0,00","р.3 500,00","р.3 500,00"
4878,Расход,Товар,Безнал,Закупка полотенец,21.06.2024,6,,,,,"р.0,00","р.1 000,00","р.1 000,00"
4879,Доход,Услуга,Безнал,Стрижка старшего мастера,21.06.2024,6,,,,,"р.0,00","р.5 500,00","р.5 500,00"
4880,Доход,Услуга,Безнал,Стрижка и укладка,21.06.2024,6,42gbcz108947,6,Реклама в VK,"0,20","р.900,00","р.4 500,00","р.3 600,00"
4881,Доход,Услуга,Безнал,Стрижка и укладка,21.06.2024,6,,,,,"р.0,00","р.4 500,00","р.4 500,00"
4882,Доход,Услуга,Безнал,Стрижка и укладка,21.06.2024,6,42gbcz676166,5,Посты в VK,"0,15","р.675,00","р.4 500,00","р.3 825,00"
4883,Доход,Услуга,Безнал,Стрижка и укладка,21.06.2024,6,,,,,"р.0,00","р.4 500,00","р.4 500,00"
4884,Расход,Товар,Безнал,Закупка полотенец,21.06.2024,6,,,,,"р.0,00","р.1 000,00","р.1 000,00"
4885,Доход,Услуга,Безнал,Стрижка и укладка,21.06.2024,6,42gbcz1735887,1,Обещаем скидки,"0,10","р.450,00","р.4 500,00","р.4 050,00"
4886,Доход,Товар,Безнал,Продажа шампуня,21.06.2024,6,,,,,"р.0,00","р.500,00","р.500,00"
4887,Доход,Услуга,Наличные,Стрижка и укладка,21.06.2024,6,,,,,"р.0,00","р.4 500,00","р.4 500,00"
4888,Доход,Услуга,Безнал,Стрижка старшего мастера,21.06.2024,6,,,,,"р.0,00","р.5 500,00","р.5 500,00"
4889,Доход,Товар,Безнал,Продажа шампуня и кондиционера,21.06.2024,6,,,,,"р.0,00","р.1 000,00","р.1 000,00"
4890,Доход,Услуга,Безнал,Обычная стрижка,21.06.2024,6,,,,,"р.0,00","р.3 500,00","р.3 500,00"
4891,Доход,Услуга,Безнал,Стрижка и укладка,21.06.2024,6,,,,,"р.0,00","р.4 500,00","р.4 500,00"
4892,Расход,Товар,Безнал,Прочие расходы,21.06.2024,6,,,,,"р.0,00","р.300,00","р.300,00"
4893,Доход,Услуга,Безнал,Стрижка старшего мастера,21.06.2024,6,,,,,"р.0,00","р.5 500,00","р.5 500,00"
4894,Доход,Услуга,Безнал,Стрижка и укладка,21.06.2024,6,,,,,"р.0,00","р.4 500,00","р.4 500,00"
4895,Расход,Товар,Безнал,Закупка полотенец,21.06.2024,6,,,,,"р.0,00","р.1 000,00","р.1 000,00"
4896,Доход,Услуга,Безнал,Стрижка старшего мастера,21.06.2024,6,,,,,"р.0,00","р.5 500,00","р.5 500,00"
4897,Доход,Услуга,Наличные,Стрижка и укладка,21.06.2024,6,,,,,"р.0,00","р.4 500,00","р.4 500,00"
4898,Доход,Услуга,Безнал,Стрижка и укладка,22.06.2024,6,,,,,"р.0,00","р.4 500,00","р.4 500,00"
4899,Доход,Услуга,Безнал,Стрижка и укладка,22.06.2024,6,,,,,"р.0,00","р.4 500,00","р.4 500,00"
4900,Доход,Услуга,Наличные,Стрижка старшего мастера,22.06.2024,6,,,,,"р.0,00","р.5 500,00","р.5 500,00"
4901,Доход,Услуга,Наличные,Обычная стрижка,22.06.2024,6,42gbcz2461835,3,Поисковые запросы в Яндексе,"0,05","р.175,00","р.3 500,00","р.3 325,00"
4902,Доход,Услуга,Безнал,Стрижка старшего мастера,22.06.2024,6,,,,,"р.0,00","р.5 500,00","р.5 500,00"
4903,Доход,Товар,Наличные,Продажа шампуня и кондиционера,22.06.2024,6,,,,,"р.0,00","р.1 000,00","р.1 000,00"
4904,Расход,Товар,Безнал,Закупка резинок,22.06.2024,6,,,,,"р.0,00","р.500,00","р.500,00"
4905,Расход,Товар,Безнал,Прочие расходы,22.06.2024,6,,,,,"р.0,00","р.300,00","р.300,00"
4906,Доход,Услуга,Безнал,Стрижка старшего мастера,22.06.2024,6,,,,,"р.0,00","р.5 500,00","р.5 500,00"
4907,Доход,Услуга,Безнал,Обычная стрижка,22.06.2024,6,,,,,"р.0,00","р.3 500,00","р.3 500,00"
4908,Доход,Товар,Безнал,Продажа шампуня и кондиционера,22.06.2024,6,,,,,"р.0,00","р.1 000,00","р.1 000,00"
4909,Доход,Услуга,Безнал,Стрижка старшего мастера,22.06.2024,6,,,,,"р.0,00","р.5 500,00","р.5 500,00"
4910,Доход,Услуга,Безнал,Обычная стрижка,22.06.2024,6,,,,,"р.0,00","р.3 500,00","р.3 500,00"
4911,Доход,Услуга,Безнал,Стрижка старшего мастера,22.06.2024,6,,,,,"р.0,00","р.5 500,00","р.5 500,00"
4912,Доход,Товар,Безнал,Продажа геля,22.06.2024,6,42gbcz1256997,5,Посты в VK,"0,15","р.45,00","р.300,00","р.255,00"
4913,Доход,Услуга,Безнал,Обычная стрижка,22.06.2024,6,42gbcz1476043,3,Поисковые запросы в Яндексе,"0,05","р.175,00","р.3 500,00","р.3 325,00"
4914,Доход,Услуга,Безнал,Стрижка и укладка,22.06.2024,6,42gbcz3134310,5,Посты в VK,"0,15","р.675,00","р.4 500,00","р.3 825,00"
4915,Доход,Услуга,Безнал,Обычная стрижка,22.06.2024,6,,,,,"р.0,00","р.3 500,00","р.3 500,00"
4916,Доход,Услуга,Наличные,Стрижка старшего мастера,22.06.2024,6,,,,,"р.0,00","р.5 500,00","р.5 500,00"
4917,Расход,Товар,Безнал,Прочие расходы,22.06.2024,6,,,,,"р.0,00","р.300,00","р.300,00"
4918,Доход,Услуга,Наличные,Стрижка старшего мастера,22.06.2024,6,42gbcz1500454,5,Посты в VK,"0,15","р.825,00","р.5 500,00","р.4 675,00"
4919,Доход,Услуга,Наличные,Обычная стрижка,22.06.2024,6,,,,,"р.0,00","р.3 500,00","р.3 500,00"
4920,Доход,Товар,Наличные,Продажа шампуня и кондиционера,22.06.2024,6,42gbcz1953119,3,Поисковые запросы в Яндексе,"0,05","р.50,00","р.1 000,00","р.950,00"
4921,Доход,Услуга,Безнал,Стрижка старшего мастера,22.06.2024,6,,,,,"р.0,00","р.5 500,00","р.5 500,00"
4922,Доход,Услуга,Безнал,Стрижка и укладка,22.06.2024,6,,,,,"р.0,00","р.4 500,00","р.4 500,00"
4923,Доход,Услуга,Наличные,Стрижка и укладка,22.06.2024,6,,,,,"р.0,00","р.4 500,00","р.4 500,00"
4924,Расход,Товар,Безнал,Закупка резинок,22.06.2024,6,,,,,"р.0,00","р.500,00","р.500,00"
4925,Доход,Услуга,Безнал,Обычная стрижка,22.06.2024,6,,,,,"р.0,00","р.3 500,00","р.3 500,00"
4926,Доход,Услуга,Безнал,Стрижка и укладка,22.06.2024,6,,,,,"р.0,00","р.4 500,00","р.4 500,00"
4927,Доход,Товар,Безнал,Продажа шампуня и кондиционера,22.06.2024,6,,,,,"р.0,00","р.1 000,00","р.1 000,00"
4928,Доход,Услуга,Безнал,Стрижка и укладка,23.06.2024,6,,,,,"р.0,00","р.4 500,00","р.4 500,00"
4929,Доход,Услуга,Безнал,Стрижка и укладка,23.06.2024,6,,,,,"р.0,00","р.4 500,00","р.4 500,00"
4930,Доход,Услуга,Безнал,Обычная стрижка,23.06.2024,6,,,,,"р.0,00","р.3 500,00","р.3 500,00"
4931,Расход,Товар,Безнал,Закупка полотенец,23.06.2024,6,,,,,"р.0,00","р.1 000,00","р.1 000,00"
4932,Доход,Услуга,Безнал,Обычная стрижка,23.06.2024,6,,,,,"р.0,00","р.3 500,00","р.3 500,00"
4933,Доход,Услуга,Безнал,Стрижка и укладка,23.06.2024,6,42gbcz3835356,4,Посты в Telegram,"0,50","р.2 250,00","р.4 500,00","р.2 250,00"
4934,Расход,Товар,Безнал,Прочие расходы,23.06.2024,6,,,,,"р.0,00","р.300,00","р.300,00"
4935,Доход,Услуга,Безнал,Обычная стрижка,23.06.2024,6,,,,,"р.0,00","р.3 500,00","р.3 500,00"
4936,Доход,Услуга,Наличные,Обычная стрижка,23.06.2024,6,,,,,"р.0,00","р.3 500,00","р.3 500,00"
4937,Доход,Услуга,Безнал,Стрижка и укладка,23.06.2024,6,,,,,"р.0,00","р.4 500,00","р.4 500,00"
4938,Расход,Товар,Безнал,Закупка полотенец,23.06.2024,6,,,,,"р.0,00","р.1 000,00","р.1 000,00"
4939,Доход,Услуга,Безнал,Обычная стрижка,23.06.2024,6,,,,,"р.0,00","р.3 500,00","р.3 500,00"
4940,Доход,Услуга,Безнал,Обычная стрижка,23.06.2024,6,,,,,"р.0,00","р.3 500,00","р.3 500,00"
4941,Доход,Услуга,Наличные,Стрижка старшего мастера,23.06.2024,6,,,,,"р.0,00","р.5 500,00","р.5 500,00"
4942,Доход,Услуга,Наличные,Стрижка старшего мастера,23.06.2024,6,42gbcz3433865,3,Поисковые запросы в Яндексе,"0,05","р.275,00","р.5 500,00","р.5 225,00"
4943,Доход,Товар,Безнал,Продажа геля,23.06.2024,6,42gbcz3625214,7,Сторис в VK,"0,15","р.45,00","р.300,00","р.255,00"
4944,Доход,Услуга,Безнал,Обычная стрижка,23.06.2024,6,,,,,"р.0,00","р.3 500,00","р.3 500,00"
4945,Доход,Товар,Безнал,Продажа шампуня и кондиционера,23.06.2024,6,,,,,"р.0,00","р.1 000,00","р.1 000,00"
4946,Доход,Товар,Безнал,Продажа шампуня и кондиционера,23.06.2024,6,,,,,"р.0,00","р.1 000,00","р.1 000,00"
4947,Расход,Услуга,Безнал,Аренда,23.06.2024,6,,,,,"р.0,00","р.70 000,00","р.70 000,00"
4948,Расход,Услуга,Безнал,Коммунальные услуги,23.06.2024,6,,,,,"р.0,00","р.7 000,00","р.7 000,00"
4949,Доход,Услуга,Безнал,Стрижка старшего мастера,23.06.2024,6,,,,,"р.0,00","р.5 500,00","р.5 500,00"
4950,Доход,Услуга,Безнал,Стрижка и укладка,23.06.2024,6,42gbcz2949901,3,Поисковые запросы в Яндексе,"0,05","р.225,00","р.4 500,00","р.4 275,00"
4951,Доход,Товар,Безнал,Продажа шампуня и кондиционера,23.06.2024,6,,,,,"р.0,00","р.1 000,00","р.1 000,00"
4952,Расход,Товар,Безнал,Закупка полотенец,23.06.2024,6,,,,,"р.0,00","р.1 000,00","р.1 000,00"
4953,Расход,Товар,Наличные,Прочие расходы,23.06.2024,6,,,,,"р.0,00","р.300,00","р.300,00"
4954,Доход,Услуга,Безнал,Стрижка и укладка,23.06.2024,6,,,,,"р.0,00","р.4 500,00","р.4 500,00"
4955,Расход,Товар,Наличные,Закупка полотенец,23.06.2024,6,,,,,"р.0,00","р.1 000,00","р.1 000,00"
4956,Доход,Услуга,Безнал,Стрижка старшего мастера,23.06.2024,6,,,,,"р.0,00","р.5 500,00","р.5 500,00"
4957,Доход,Товар,Безнал,Продажа шампуня и кондиционера,23.06.2024,6,,,,,"р.0,00","р.1 000,00","р.1 000,00"
4958,Доход,Товар,Наличные,Продажа геля,23.06.2024,6,,,,,"р.0,00","р.300,00","р.300,00"
4959,Доход,Услуга,Безнал,Стрижка и укладка,23.06.2024,6,,,,,"р.0,00","р.4 500,00","р.4 500,00"
4960,Доход,Услуга,Безнал,Стрижка старшего мастера,24.06.2024,6,,,,,"р.0,00","р.5 500,00","р.5 500,00"
4961,Доход,Услуга,Безнал,Стрижка старшего мастера,24.06.2024,6,42gbcz2040603,5,Посты в VK,"0,15","р.825,00","р.5 500,00","р.4 675,00"
4962,Доход,Услуга,Безнал,Обычная стрижка,24.06.2024,6,,,,,"р.0,00","р.3 500,00","р.3 500,00"
4963,Расход,Товар,Безнал,Закупка резинок,24.06.2024,6,,,,,"р.0,00","р.500,00","р.500,00"
4964,Доход,Товар,Безнал,Продажа геля,24.06.2024,6,,,,,"р.0,00","р.300,00","р.300,00"
4965,Доход,Услуга,Безнал,Обычная стрижка,24.06.2024,6,,,,,"р.0,00","р.3 500,00","р.3 500,00"
4966,Доход,Услуга,Безнал,Стрижка и укладка,24.06.2024,6,,,,,"р.0,00","р.4 500,00","р.4 500,00"
4967,Доход,Услуга,Безнал,Стрижка и укладка,24.06.2024,6,,,,,"р.0,00","р.4 500,00","р.4 500,00"
4968,Доход,Услуга,Безнал,Стрижка и укладка,24.06.2024,6,,,,,"р.0,00","р.4 500,00","р.4 500,00"
4969,Доход,Товар,Безнал,Продажа шампуня,24.06.2024,6,,,,,"р.0,00","р.500,00","р.500,00"
4970,Доход,Услуга,Безнал,Стрижка старшего мастера,24.06.2024,6,,,,,"р.0,00","р.5 500,00","р.5 500,00"
4971,Доход,Услуга,Безнал,Стрижка старшего мастера,24.06.2024,6,,,,,"р.0,00","р.5 500,00","р.5 500,00"
4972,Доход,Товар,Безнал,Продажа шампуня,24.06.2024,6,,,,,"р.0,00","р.500,00","р.500,00"
4973,Доход,Товар,Безнал,Продажа геля,24.06.2024,6,,,,,"р.0,00","р.300,00","р.300,00"
4974,Расход,Товар,Наличные,Прочие расходы,24.06.2024,6,,,,,"р.0,00","р.300,00","р.300,00"
4975,Доход,Услуга,Наличные,Обычная стрижка,24.06.2024,6,,,,,"р.0,00","р.3 500,00","р.3 500,00"
4976,Доход,Услуга,Безнал,Стрижка и укладка,24.06.2024,6,,,,,"р.0,00","р.4 500,00","р.4 500,00"
4977,Доход,Товар,Безнал,Продажа шампуня и кондиционера,24.06.2024,6,,,,,"р.0,00","р.1 000,00","р.1 000,00"
4978,Доход,Товар,Наличные,Продажа шампуня,24.06.2024,6,42gbcz1742768,7,Сторис в VK,"0,15","р.75,00","р.500,00","р.425,00"
4979,Доход,Товар,Наличные,Продажа геля,24.06.2024,6,,,,,"р.0,00","р.300,00","р.300,00"
4980,Доход,Услуга,Безнал,Обычная стрижка,24.06.2024,6,,,,,"р.0,00","р.3 500,00","р.3 500,00"
4981,Доход,Товар,Безнал,Продажа геля,24.06.2024,6,,,,,"р.0,00","р.300,00","р.300,00"
4982,Расход,Товар,Безнал,Закупка резинок,24.06.2024,6,,,,,"р.0,00","р.500,00","р.500,00"
4983,Расход,Товар,Безнал,Прочие расходы,24.06.2024,6,,,,,"р.0,00","р.300,00","р.300,00"
4984,Доход,Услуга,Безнал,Стрижка и укладка,24.06.2024,6,,,,,"р.0,00","р.4 500,00","р.4 500,00"
4985,Доход,Услуга,Наличные,Стрижка старшего мастера,24.06.2024,6,,,,,"р.0,00","р.5 500,00","р.5 500,00"
4986,Доход,Услуга,Безнал,Стрижка старшего мастера,24.06.2024,6,,,,,"р.0,00","р.5 500,00","р.5 500,00"
4987,Доход,Услуга,Безнал,Обычная стрижка,24.06.2024,6,,,,,"р.0,00","р.3 500,00","р.3 500,00"
4988,Доход,Услуга,Безнал,Стрижка старшего мастера,24.06.2024,6,,,,,"р.0,00","р.5 500,00","р.5 500,00"
4989,Доход,Услуга,Безнал,Стрижка старшего мастера,24.06.2024,6,,,,,"р.0,00","р.5 500,00","р.5 500,00"
4990,Доход,Услуга,Безнал,Стрижка старшего мастера,25.06.2024,6,,,,,"р.0,00","р.5 500,00","р.5 500,00"
4991,Доход,Услуга,Наличные,Стрижка старшего мастера,25.06.2024,6,42gbcz1501220,1,Обещаем скидки,"0,10","р.550,00","р.5 500,00","р.4 950,00"
4992,Доход,Услуга,Безнал,Стрижка и укладка,25.06.2024,6,42gbcz3647017,2,Поисковые запросы в Гугле,"0,10","р.450,00","р.4 500,00","р.4 050,00"
4993,Доход,Услуга,Безнал,Стрижка и укладка,25.06.2024,6,42gbcz1665813,3,Поисковые запросы в Яндексе,"0,05","р.225,00","р.4 500,00","р.4 275,00"
4994,Доход,Услуга,Наличные,Стрижка и укладка,25.06.2024,6,,,,,"р.0,00","р.4 500,00","р.4 500,00"
4995,Доход,Услуга,Безнал,Стрижка и укладка,25.06.2024,6,,,,,"р.0,00","р.4 500,00","р.4 500,00"
4996,Доход,Услуга,Безнал,Стрижка старшего мастера,25.06.2024,6,42gbcz1642755,3,Поисковые запросы в Яндексе,"0,05","р.275,00","р.5 500,00","р.5 225,00"
4997,Доход,Услуга,Безнал,Обычная стрижка,25.06.2024,6,,,,,"р.0,00","р.3 500,00","р.3 500,00"
4998,Доход,Услуга,Безнал,Стрижка и укладка,25.06.2024,6,,,,,"р.0,00","р.4 500,00","р.4 500,00"
4999,Доход,Услуга,Наличные,Стрижка и укладка,25.06.2024,6,42gbcz2329189,5,Посты в VK,"0,15","р.675,00","р.4 500,00","р.3 825,00"
5000,Доход,Товар,Наличные,Продажа шампуня и кондиционера,25.06.2024,6,42gbcz2955350,6,Реклама в VK,"0,20","р.200,00","р.1 000,00","р.800,00"
5001,Доход,Услуга,Безнал,Стрижка и укладка,25.06.2024,6,,,,,"р.0,00","р.4 500,00","р.4 500,00"
5002,Доход,Услуга,Безнал,Обычная стрижка,25.06.2024,6,,,,,"р.0,00","р.3 500,00","р.3 500,00"
5003,Доход,Услуга,Безнал,Стрижка старшего мастера,25.06.2024,6,,,,,"р.0,00","р.5 500,00","р.5 500,00"
5004,Доход,Услуга,Безнал,Обычная стрижка,25.06.2024,6,42gbcz3256737,1,Обещаем скидки,"0,10","р.350,00","р.3 500,00","р.3 150,00"
5005,Доход,Услуга,Безнал,Стрижка старшего мастера,25.06.2024,6,,,,,"р.0,00","р.5 500,00","р.5 500,00"
5006,Доход,Услуга,Безнал,Стрижка старшего мастера,25.06.2024,6,,,,,"р.0,00","р.5 500,00","р.5 500,00"
5007,Доход,Товар,Безнал,Продажа шампуня,25.06.2024,6,42gbcz2696545,3,Поисковые запросы в Яндексе,"0,05","р.25,00","р.500,00","р.475,00"
5008,Доход,Услуга,Безнал,Стрижка старшего мастера,25.06.2024,6,,,,,"р.0,00","р.5 500,00","р.5 500,00"
5009,Доход,Услуга,Безнал,Обычная стрижка,25.06.2024,6,,,,,"р.0,00","р.3 500,00","р.3 500,00"
5010,Доход,Услуга,Безнал,Стрижка и укладка,25.06.2024,6,,,,,"р.0,00","р.4 500,00","р.4 500,00"
5011,Доход,Услуга,Наличные,Стрижка старшего мастера,25.06.2024,6,,,,,"р.0,00","р.5 500,00","р.5 500,00"
5012,Доход,Товар,Безнал,Продажа геля,25.06.2024,6,,,,,"р.0,00","р.300,00","р.300,00"
5013,Доход,Услуга,Безнал,Стрижка и укладка,25.06.2024,6,42gbcz549378,4,Посты в Telegram,"0,50","р.2 250,00","р.4 500,00","р.2 250,00"
5014,Расход,Товар,Безнал,Закупка резинок,25.06.2024,6,,,,,"р.0,00","р.500,00","р.500,00"
5015,Доход,Услуга,Наличные,Стрижка и укладка,25.06.2024,6,,,,,"р.0,00","р.4 500,00","р.4 500,00"
5016,Доход,Услуга,Безнал,Стрижка старшего мастера,25.06.2024,6,42gbcz1663341,6,Реклама в VK,"0,20","р.1 100,00","р.5 500,00","р.4 400,00"
5017,Доход,Услуга,Безнал,Стрижка старшего мастера,25.06.2024,6,,,,,"р.0,00","р.5 500,00","р.5 500,00"
5018,Доход,Услуга,Безнал,Стрижка и укладка,25.06.2024,6,,,,,"р.0,00","р.4 500,00","р.4 500,00"
5019,Доход,Услуга,Безнал,Стрижка старшего мастера,25.06.2024,6,,,,,"р.0,00","р.5 500,00","р.5 500,00"
5020,Доход,Услуга,Безнал,Стрижка и укладка,26.06.2024,6,,,,,"р.0,00","р.4 500,00","р.4 500,00"
5021,Доход,Услуга,Безнал,Стрижка старшего мастера,26.06.2024,6,,,,,"р.0,00","р.5 500,00","р.5 500,00"
5022,Доход,Услуга,Безнал,Обычная стрижка,26.06.2024,6,42gbcz2637736,4,Посты в Telegram,"0,50","р.1 750,00","р.3 500,00","р.1 750,00"
5023,Доход,Услуга,Наличные,Обычная стрижка,26.06.2024,6,42gbcz1126452,3,Поисковые запросы в Яндексе,"0,05","р.175,00","р.3 500,00","р.3 325,00"
5024,Доход,Услуга,Безнал,Стрижка старшего мастера,26.06.2024,6,,,,,"р.0,00","р.5 500,00","р.5 500,00"
5025,Доход,Услуга,Наличные,Обычная стрижка,26.06.2024,6,,,,,"р.0,00","р.3 500,00","р.3 500,00"
5026,Доход,Товар,Безнал,Продажа шампуня и кондиционера,26.06.2024,6,,,,,"р.0,00","р.1 000,00","р.1 000,00"
5027,Доход,Услуга,Безнал,Стрижка и укладка,26.06.2024,6,,,,,"р.0,00","р.4 500,00","р.4 500,00"
5028,Расход,Товар,Безнал,Прочие расходы,26.06.2024,6,,,,,"р.0,00","р.300,00","р.300,00"
5029,Доход,Услуга,Безнал,Обычная стрижка,26.06.2024,6,42gbcz2271492,5,Посты в VK,"0,15","р.525,00","р.3 500,00","р.2 975,00"
5030,Доход,Услуга,Безнал,Обычная стрижка,26.06.2024,6,,,,,"р.0,00","р.3 500,00","р.3 500,00"
5031,Доход,Товар,Безнал,Продажа геля,26.06.2024,6,,,,,"р.0,00","р.300,00","р.300,00"
5032,Доход,Услуга,Безнал,Обычная стрижка,26.06.2024,6,,,,,"р.0,00","р.3 500,00","р.3 500,00"
5033,Доход,Услуга,Безнал,Стрижка старшего мастера,26.06.2024,6,,,,,"р.0,00","р.5 500,00","р.5 500,00"
5034,Доход,Услуга,Безнал,Стрижка и укладка,26.06.2024,6,,,,,"р.0,00","р.4 500,00","р.4 500,00"
5035,Доход,Услуга,Безнал,Стрижка и укладка,26.06.2024,6,,,,,"р.0,00","р.4 500,00","р.4 500,00"
5036,Доход,Услуга,Безнал,Стрижка и укладка,26.06.2024,6,,,,,"р.0,00","р.4 500,00","р.4 500,00"
5037,Доход,Услуга,Безнал,Стрижка старшего мастера,26.06.2024,6,42gbcz2160230,3,Поисковые запросы в Яндексе,"0,05","р.275,00","р.5 500,00","р.5 225,00"
5038,Расход,Товар,Безнал,Закупка полотенец,26.06.2024,6,,,,,"р.0,00","р.1 000,00","р.1 000,00"
5039,Доход,Услуга,Безнал,Стрижка старшего мастера,26.06.2024,6,,,,,"р.0,00","р.5 500,00","р.5 500,00"
5040,Доход,Услуга,Безнал,Обычная стрижка,26.06.2024,6,42gbcz559278,3,Поисковые запросы в Яндексе,"0,05","р.175,00","р.3 500,00","р.3 325,00"
5041,Доход,Услуга,Безнал,Обычная стрижка,26.06.2024,6,,,,,"р.0,00","р.3 500,00","р.3 500,00"
5042,Доход,Товар,Наличные,Продажа шампуня,26.06.2024,6,,,,,"р.0,00","р.500,00","р.500,00"
5043,Расход,Товар,Безнал,Закупка полотенец,26.06.2024,6,,,,,"р.0,00","р.1 000,00","р.1 000,00"
5044,Доход,Услуга,Безнал,Обычная стрижка,26.06.2024,6,,,,,"р.0,00","р.3 500,00","р.3 500,00"
5045,Доход,Услуга,Безнал,Стрижка старшего мастера,26.06.2024,6,,,,,"р.0,00","р.5 500,00","р.5 500,00"
5046,Доход,Услуга,Безнал,Обычная стрижка,26.06.2024,6,,,,,"р.0,00","р.3 500,00","р.3 500,00"
5047,Доход,Товар,Наличные,Продажа шампуня и кондиционера,26.06.2024,6,,,,,"р.0,00","р.1 000,00","р.1 000,00"
5048,Доход,Услуга,Наличные,Обычная стрижка,26.06.2024,6,,,,,"р.0,00","р.3 500,00","р.3 500,00"
5049,Доход,Услуга,Безнал,Обычная стрижка,26.06.2024,6,,,,,"р.0,00","р.3 500,00","р.3 500,00"
5050,Доход,Услуга,Безнал,Обычная стрижка,27.06.2024,6,,,,,"р.0,00","р.3 500,00","р.3 500,00"
5051,Доход,Услуга,Безнал,Стрижка старшего мастера,27.06.2024,6,,,,,"р.0,00","р.5 500,00","р.5 500,00"
5052,Доход,Товар,Безнал,Продажа геля,27.06.2024,6,,,,,"р.0,00","р.300,00","р.300,00"
5053,Доход,Услуга,Безнал,Стрижка и укладка,27.06.2024,6,,,,,"р.0,00","р.4 500,00","р.4 500,00"
5054,Доход,Услуга,Безнал,Стрижка и укладка,27.06.2024,6,,,,,"р.0,00","р.4 500,00","р.4 500,00"
5055,Доход,Услуга,Наличные,Обычная стрижка,27.06.2024,6,,,,,"р.0,00","р.3 500,00","р.3 500,00"
5056,Расход,Товар,Безнал,Прочие расходы,27.06.2024,6,,,,,"р.0,00","р.300,00","р.300,00"
5057,Доход,Услуга,Безнал,Обычная стрижка,27.06.2024,6,,,,,"р.0,00","р.3 500,00","р.3 500,00"
5058,Доход,Услуга,Наличные,Стрижка и укладка,27.06.2024,6,,,,,"р.0,00","р.4 500,00","р.4 500,00"
5059,Расход,Товар,Безнал,Закупка резинок,27.06.2024,6,,,,,"р.0,00","р.500,00","р.500,00"
5060,Доход,Услуга,Безнал,Стрижка и укладка,27.06.2024,6,,,,,"р.0,00","р.4 500,00","р.4 500,00"
5061,Доход,Услуга,Безнал,Стрижка и укладка,27.06.2024,6,,,,,"р.0,00","р.4 500,00","р.4 500,00"
5062,Доход,Товар,Безнал,Продажа шампуня,27.06.2024,6,,,,,"р.0,00","р.500,00","р.500,00"
5063,Доход,Услуга,Безнал,Обычная стрижка,27.06.2024,6,,,,,"р.0,00","р.3 500,00","р.3 500,00"
5064,Доход,Услуга,Безнал,Обычная стрижка,27.06.2024,6,,,,,"р.0,00","р.3 500,00","р.3 500,00"
5065,Доход,Товар,Безнал,Продажа шампуня,27.06.2024,6,,,,,"р.0,00","р.500,00","р.500,00"
5066,Доход,Услуга,Наличные,Стрижка и укладка,27.06.2024,6,,,,,"р.0,00","р.4 500,00","р.4 500,00"
5067,Расход,Товар,Безнал,Закупка полотенец,27.06.2024,6,,,,,"р.0,00","р.1 000,00","р.1 000,00"
5068,Доход,Услуга,Безнал,Стрижка и укладка,27.06.2024,6,,,,,"р.0,00","р.4 500,00","р.4 500,00"
5069,Доход,Услуга,Безнал,Обычная стрижка,27.06.2024,6,,,,,"р.0,00","р.3 500,00","р.3 500,00"
5070,Расход,Товар,Безнал,Прочие расходы,27.06.2024,6,,,,,"р.0,00","р.300,00","р.300,00"
5071,Доход,Услуга,Безнал,Стрижка и укладка,27.06.2024,6,,,,,"р.0,00","р.4 500,00","р.4 500,00"
5072,Доход,Услуга,Безнал,Стрижка старшего мастера,27.06.2024,6,,,,,"р.0,00","р.5 500,00","р.5 500,00"
5073,Доход,Услуга,Безнал,Стрижка старшего мастера,27.06.2024,6,,,,,"р.0,00","р.5 500,00","р.5 500,00"
5074,Доход,Услуга,Наличные,Стрижка старшего мастера,27.06.2024,6,,,,,"р.0,00","р.5 500,00","р.5 500,00"
5075,Расход,Товар,Безнал,Закупка полотенец,27.06.2024,6,,,,,"р.0,00","р.1 000,00","р.1 000,00"
5076,Доход,Услуга,Безнал,Стрижка старшего мастера,27.06.2024,6,,,,,"р.0,00","р.5 500,00","р.5 500,00"
5077,Доход,Услуга,Безнал,Стрижка и укладка,27.06.2024,6,,,,,"р.0,00","р.4 500,00","р.4 500,00"
5078,Доход,Услуга,Наличные,Стрижка и укладка,27.06.2024,6,,,,,"р.0,00","р.4 500,00","р.4 500,00"
5079,Доход,Товар,Безнал,Продажа шампуня и кондиционера,27.06.2024,6,,,,,"р.0,00","р.1 000,00","р.1 000,00"
5080,Доход,Товар,Безнал,Продажа шампуня,28.06.2024,6,,,,,"р.0,00","р.500,00","р.500,00"
5081,Доход,Услуга,Безнал,Стрижка старшего мастера,28.06.2024,6,,,,,"р.0,00","р.5 500,00","р.5 500,00"
5082,Доход,Товар,Безнал,Продажа геля,28.06.2024,6,,,,,"р.0,00","р.300,00","р.300,00"
5083,Доход,Товар,Безнал,Продажа шампуня и кондиционера,28.06.2024,6,,,,,"р.0,00","р.1 000,00","р.1 000,00"
5084,Доход,Услуга,Безнал,Обычная стрижка,28.06.2024,6,,,,,"р.0,00","р.3 500,00","р.3 500,00"
5085,Доход,Товар,Безнал,Продажа шампуня и кондиционера,28.06.2024,6,,,,,"р.0,00","р.1 000,00","р.1 000,00"
5086,Доход,Услуга,Безнал,Стрижка старшего мастера,28.06.2024,6,,,,,"р.0,00","р.5 500,00","р.5 500,00"
5087,Доход,Услуга,Безнал,Стрижка и укладка,28.06.2024,6,42gbcz2510800,5,Посты в VK,"0,15","р.675,00","р.4 500,00","р.3 825,00"
5088,Доход,Услуга,Наличные,Обычная стрижка,28.06.2024,6,,,,,"р.0,00","р.3 500,00","р.3 500,00"
5089,Доход,Услуга,Безнал,Обычная стрижка,28.06.2024,6,,,,,"р.0,00","р.3 500,00","р.3 500,00"
5090,Доход,Услуга,Наличные,Стрижка и укладка,28.06.2024,6,,,,,"р.0,00","р.4 500,00","р.4 500,00"
5091,Доход,Услуга,Наличные,Стрижка старшего мастера,28.06.2024,6,,,,,"р.0,00","р.5 500,00","р.5 500,00"
5092,Расход,Товар,Безнал,Закупка резинок,28.06.2024,6,,,,,"р.0,00","р.500,00","р.500,00"
5093,Доход,Услуга,Безнал,Обычная стрижка,28.06.2024,6,,,,,"р.0,00","р.3 500,00","р.3 500,00"
5094,Доход,Услуга,Безнал,Стрижка и укладка,28.06.2024,6,,,,,"р.0,00","р.4 500,00","р.4 500,00"
5095,Доход,Услуга,Безнал,Стрижка и укладка,28.06.2024,6,,,,,"р.0,00","р.4 500,00","р.4 500,00"
5096,Расход,Товар,Безнал,Закупка полотенец,28.06.2024,6,,,,,"р.0,00","р.1 000,00","р.1 000,00"
5097,Доход,Услуга,Безнал,Стрижка старшего мастера,28.06.2024,6,42gbcz3115108,4,Посты в Telegram,"0,50","р.2 750,00","р.5 500,00","р.2 750,00"
5098,Доход,Услуга,Безнал,Стрижка старшего мастера,28.06.2024,6,,,,,"р.0,00","р.5 500,00","р.5 500,00"
5099,Доход,Услуга,Безнал,Обычная стрижка,28.06.2024,6,42gbcz2233002,7,Сторис в VK,"0,15","р.525,00","р.3 500,00","р.2 975,00"
5100,Доход,Услуга,Безнал,Обычная стрижка,28.06.2024,6,,,,,"р.0,00","р.3 500,00","р.3 500,00"
5101,Доход,Товар,Безнал,Продажа шампуня,28.06.2024,6,,,,,"р.0,00","р.500,00","р.500,00"
5102,Доход,Услуга,Наличные,Стрижка старшего мастера,28.06.2024,6,42gbcz1346546,7,Сторис в VK,"0,15","р.825,00","р.5 500,00","р.4 675,00"
5103,Доход,Услуга,Безнал,Стрижка старшего мастера,28.06.2024,6,42gbcz574542,6,Реклама в VK,"0,20","р.1 100,00","р.5 500,00","р.4 400,00"
5104,Доход,Услуга,Безнал,Обычная стрижка,28.06.2024,6,,,,,"р.0,00","р.3 500,00","р.3 500,00"
5105,Доход,Услуга,Безнал,Стрижка старшего мастера,28.06.2024,6,,,,,"р.0,00","р.5 500,00","р.5 500,00"
5106,Доход,Товар,Безнал,Продажа шампуня,28.06.2024,6,,,,,"р.0,00","р.500,00","р.500,00"
5107,Доход,Услуга,Безнал,Стрижка и укладка,28.06.2024,6,,,,,"р.0,00","р.4 500,00","р.4 500,00"
5108,Доход,Услуга,Безнал,Стрижка старшего мастера,28.06.2024,6,42gbcz2416797,5,Посты в VK,"0,15","р.825,00","р.5 500,00","р.4 675,00"
5109,Доход,Услуга,Безнал,Обычная стрижка,28.06.2024,6,,,,,"р.0,00","р.3 500,00","р.3 500,00"
5110,Доход,Услуга,Наличные,Обычная стрижка,29.06.2024,6,,,,,"р.0,00","р.3 500,00","р.3 500,00"
5111,Доход,Услуга,Безнал,Стрижка и укладка,29.06.2024,6,,,,,"р.0,00","р.4 500,00","р.4 500,00"
5112,Доход,Услуга,Безнал,Обычная стрижка,29.06.2024,6,,,,,"р.0,00","р.3 500,00","р.3 500,00"
5113,Доход,Услуга,Безнал,Обычная стрижка,29.06.2024,6,,,,,"р.0,00","р.3 500,00","р.3 500,00"
5114,Расход,Товар,Безнал,Прочие расходы,29.06.2024,6,,,,,"р.0,00","р.300,00","р.300,00"
5115,Доход,Услуга,Безнал,Обычная стрижка,29.06.2024,6,,,,,"р.0,00","р.3 500,00","р.3 500,00"
5116,Доход,Услуга,Безнал,Обычная стрижка,29.06.2024,6,42gbcz2896547,1,Обещаем скидки,"0,10","р.350,00","р.3 500,00","р.3 150,00"
5117,Доход,Услуга,Безнал,Обычная стрижка,29.06.2024,6,,,,,"р.0,00","р.3 500,00","р.3 500,00"
5118,Доход,Товар,Безнал,Продажа геля,29.06.2024,6,,,,,"р.0,00","р.300,00","р.300,00"
5119,Доход,Услуга,Безнал,Стрижка старшего мастера,29.06.2024,6,,,,,"р.0,00","р.5 500,00","р.5 500,00"
5120,Доход,Услуга,Безнал,Стрижка старшего мастера,29.06.2024,6,,,,,"р.0,00","р.5 500,00","р.5 500,00"
5121,Расход,Товар,Безнал,Закупка полотенец,29.06.2024,6,,,,,"р.0,00","р.1 000,00","р.1 000,00"
5122,Доход,Услуга,Безнал,Обычная стрижка,29.06.2024,6,,,,,"р.0,00","р.3 500,00","р.3 500,00"
5123,Доход,Товар,Безнал,Продажа геля,29.06.2024,6,,,,,"р.0,00","р.300,00","р.300,00"
5124,Расход,Товар,Безнал,Закупка полотенец,29.06.2024,6,,,,,"р.0,00","р.1 000,00","р.1 000,00"
5125,Доход,Услуга,Безнал,Стрижка и укладка,29.06.2024,6,42gbcz745459,2,Поисковые запросы в Гугле,"0,10","р.450,00","р.4 500,00","р.4 050,00"
5126,Доход,Услуга,Безнал,Стрижка и укладка,29.06.2024,6,42gbcz211174,4,Посты в Telegram,"0,50","р.2 250,00","р.4 500,00","р.2 250,00"
5127,Доход,Услуга,Безнал,Стрижка и укладка,29.06.2024,6,,,,,"р.0,00","р.4 500,00","р.4 500,00"
5128,Доход,Услуга,Безнал,Стрижка старшего мастера,29.06.2024,6,,,,,"р.0,00","р.5 500,00","р.5 500,00"
5129,Доход,Услуга,Безнал,Стрижка старшего мастера,29.06.2024,6,42gbcz1057829,3,Поисковые запросы в Яндексе,"0,05","р.275,00","р.5 500,00","р.5 225,00"
5130,Доход,Услуга,Безнал,Обычная стрижка,29.06.2024,6,,,,,"р.0,00","р.3 500,00","р.3 500,00"
5131,Доход,Услуга,Безнал,Стрижка старшего мастера,29.06.2024,6,,,,,"р.0,00","р.5 500,00","р.5 500,00"
5132,Расход,Товар,Безнал,Закупка резинок,29.06.2024,6,,,,,"р.0,00","р.500,00","р.500,00"
5133,Доход,Товар,Безнал,Продажа шампуня и кондиционера,29.06.2024,6,,,,,"р.0,00","р.1 000,00","р.1 000,00"
5134,Доход,Товар,Безнал,Продажа шампуня и кондиционера,29.06.2024,6,,,,,"р.0,00","р.1 000,00","р.1 000,00"
5135,Доход,Услуга,Безнал,Обычная стрижка,29.06.2024,6,,,,,"р.0,00","р.3 500,00","р.3 500,00"
5136,Доход,Товар,Наличные,Продажа шампуня,29.06.2024,6,,,,,"р.0,00","р.500,00","р.500,00"
5137,Доход,Услуга,Безнал,Обычная стрижка,29.06.2024,6,,,,,"р.0,00","р.3 500,00","р.3 500,00"
5138,Доход,Услуга,Безнал,Обычная стрижка,29.06.2024,6,,,,,"р.0,00","р.3 500,00","р.3 500,00"
5139,Расход,Товар,Безнал,Закупка резинок,29.06.2024,6,,,,,"р.0,00","р.500,00","р.500,00"
5140,Доход,Услуга,Безнал,Обычная стрижка,30.06.2024,6,,,,,"р.0,00","р.3 500,00","р.3 500,00"
5141,Расход,Товар,Безнал,Прочие расходы,30.06.2024,6,,,,,"р.0,00","р.300,00","р.300,00"
5142,Доход,Товар,Безнал,Продажа шампуня,30.06.2024,6,,,,,"р.0,00","р.500,00","р.500,00"
5143,Доход,Услуга,Безнал,Стрижка старшего мастера,30.06.2024,6,,,,,"р.0,00","р.5 500,00","р.5 500,00"
5144,Доход,Услуга,Безнал,Обычная стрижка,30.06.2024,6,,,,,"р.0,00","р.3 500,00","р.3 500,00"
5145,Доход,Услуга,Безнал,Стрижка и укладка,30.06.2024,6,,,,,"р.0,00","р.4 500,00","р.4 500,00"
5146,Доход,Услуга,Безнал,Обычная стрижка,30.06.2024,6,,,,,"р.0,00","р.3 500,00","р.3 500,00"
5147,Доход,Товар,Безнал,Продажа геля,30.06.2024,6,,,,,"р.0,00","р.300,00","р.300,00"
5148,Доход,Услуга,Безнал,Стрижка старшего мастера,30.06.2024,6,,,,,"р.0,00","р.5 500,00","р.5 500,00"
5149,Доход,Товар,Наличные,Продажа шампуня,30.06.2024,6,,,,,"р.0,00","р.500,00","р.500,00"
5150,Доход,Услуга,Безнал,Обычная стрижка,30.06.2024,6,,,,,"р.0,00","р.3 500,00","р.3 500,00"
5151,Расход,Товар,Наличные,Прочие расходы,30.06.2024,6,,,,,"р.0,00","р.300,00","р.300,00"
5152,Расход,Товар,Безнал,Прочие расходы,30.06.2024,6,,,,,"р.0,00","р.300,00","р.300,00"
5153,Доход,Услуга,Наличные,Стрижка старшего мастера,30.06.2024,6,,,,,"р.0,00","р.5 500,00","р.5 500,00"
5154,Расход,Товар,Безнал,Закупка резинок,30.06.2024,6,,,,,"р.0,00","р.500,00","р.500,00"
5155,Расход,Товар,Безнал,Закупка полотенец,30.06.2024,6,,,,,"р.0,00","р.1 000,00","р.1 000,00"
5156,Доход,Услуга,Безнал,Обычная стрижка,30.06.2024,6,,,,,"р.0,00","р.3 500,00","р.3 500,00"
5157,Доход,Услуга,Безнал,Стрижка и укладка,30.06.2024,6,,,,,"р.0,00","р.4 500,00","р.4 500,00"
5158,Доход,Товар,Наличные,Продажа шампуня,30.06.2024,6,,,,,"р.0,00","р.500,00","р.500,00"
5159,Доход,Услуга,Наличные,Стрижка старшего мастера,30.06.2024,6,,,,,"р.0,00","р.5 500,00","р.5 500,00"
5160,Доход,Услуга,Безнал,Обычная стрижка,30.06.2024,6,,,,,"р.0,00","р.3 500,00","р.3 500,00"
5161,Доход,Услуга,Безнал,Обычная стрижка,30.06.2024,6,,,,,"р.0,00","р.3 500,00","р.3 500,00"
5162,Доход,Услуга,Безнал,Обычная стрижка,30.06.2024,6,,,,,"р.0,00","р.3 500,00","р.3 500,00"
5163,Расход,Товар,Наличные,Прочие расходы,30.06.2024,6,,,,,"р.0,00","р.300,00","р.300,00"
5164,Доход,Товар,Безнал,Продажа шампуня и кондиционера,30.06.2024,6,,,,,"р.0,00","р.1 000,00","р.1 000,00"
5165,Доход,Услуга,Безнал,Обычная стрижка,30.06.2024,6,,,,,"р.0,00","р.3 500,00","р.3 500,00"
5166,Доход,Услуга,Наличные,Стрижка старшего мастера,30.06.2024,6,,,,,"р.0,00","р.5 500,00","р.5 500,00"
5167,Доход,Услуга,Безнал,Обычная стрижка,30.06.2024,6,,,,,"р.0,00","р.3 500,00","р.3 500,00"
5168,Доход,Услуга,Безнал,Стрижка и укладка,30.06.2024,6,,,,,"р.0,00","р.4 500,00","р.4 500,00"
5169,Доход,Товар,Наличные,Продажа шампуня,30.06.2024,6,,,,,"р.0,00","р.500,00","р.500,00"
5170,Расход,Услуга,Безнал,Зарплата,30.06.2024,6,,,,,"р.0,00","р.82 500,00","р.82 500,00"
5171,Расход,Услуга,Безнал,Зарплата,30.06.2024,6,,,,,"р.0,00","р.82 500,00","р.82 500,00"
5172,Расход,Услуга,Безнал,Зарплата,30.06.2024,6,,,,,"р.0,00","р.82 500,00","р.82 500,00"
5173,Расход,Услуга,Безнал,Зарплата,30.06.2024,6,,,,,"р.0,00","р.82 500,00","р.82 500,00"
5174,Расход,Услуга,Безнал,Зарплата,30.06.2024,6,,,,,"р.0,00","р.82 500,00","р.82 500,00"
5175,Расход,Услуга,Безнал,Зарплата,30.06.2024,6,,,,,"р.0,00","р.82 500,00","р.82 500,00"
5176,Расход,Услуга,Безнал,Зарплата,30.06.2024,6,,,,,"р.0,00","р.82 500,00","р.82 500,00"
5177,Расход,Услуга,Безнал,Зарплата,30.06.2024,6,,,,,"р.0,00","р.82 500,00","р.82 500,00"
5178,Расход,Услуга,Безнал,Бухгалтерия и РКО,30.06.2024,6,,,,,"р.0,00","р.15 000,00","р.15 000,00"
5179,Расход,Услуга,Безнал,Эквайринг,30.06.2024,6,,,,,"р.0,00","р.56 700,00","р.56 700,00"
5180,Доход,Услуга,Безнал,Стрижка и укладка,01.07.2024,7,,,,,"р.0,00","р.4 500,00","р.4 500,00"
5181,Доход,Услуга,Безнал,Обычная стрижка,01.07.2024,7,,,,,"р.0,00","р.3 500,00","р.3 500,00"
5182,Доход,Товар,Наличные,Продажа шампуня,01.07.2024,7,,,,,"р.0,00","р.500,00","р.500,00"
5183,Доход,Услуга,Безнал,Стрижка и укладка,01.07.2024,7,,,,,"р.0,00","р.4 500,00","р.4 500,00"
5184,Доход,Услуга,Безнал,Стрижка старшего мастера,01.07.2024,7,42gbcz1044846,5,Посты в VK,"0,15","р.825,00","р.5 500,00","р.4 675,00"
5185,Доход,Товар,Безнал,Продажа шампуня,01.07.2024,7,,,,,"р.0,00","р.500,00","р.500,00"
5186,Доход,Услуга,Безнал,Стрижка старшего мастера,01.07.2024,7,,,,,"р.0,00","р.5 500,00","р.5 500,00"
5187,Доход,Товар,Безнал,Продажа шампуня и кондиционера,01.07.2024,7,,,,,"р.0,00","р.1 000,00","р.1 000,00"
5188,Доход,Услуга,Безнал,Стрижка старшего мастера,01.07.2024,7,42gbcz926798,4,Посты в Telegram,"0,50","р.2 750,00","р.5 500,00","р.2 750,00"
5189,Доход,Услуга,Безнал,Стрижка и укладка,01.07.2024,7,,,,,"р.0,00","р.4 500,00","р.4 500,00"
5190,Доход,Услуга,Безнал,Обычная стрижка,01.07.2024,7,,,,,"р.0,00","р.3 500,00","р.3 500,00"
5191,Доход,Услуга,Безнал,Стрижка старшего мастера,01.07.2024,7,,,,,"р.0,00","р.5 500,00","р.5 500,00"
5192,Доход,Услуга,Безнал,Стрижка и укладка,01.07.2024,7,,,,,"р.0,00","р.4 500,00","р.4 500,00"
5193,Доход,Услуга,Безнал,Стрижка старшего мастера,01.07.2024,7,,,,,"р.0,00","р.5 500,00","р.5 500,00"
5194,Доход,Товар,Безнал,Продажа шампуня,01.07.2024,7,,,,,"р.0,00","р.500,00","р.500,00"
5195,Доход,Услуга,Безнал,Обычная стрижка,01.07.2024,7,,,,,"р.0,00","р.3 500,00","р.3 500,00"
5196,Доход,Услуга,Безнал,Стрижка старшего мастера,01.07.2024,7,,,,,"р.0,00","р.5 500,00","р.5 500,00"
5197,Расход,Услуга,Безнал,Рекламный бюджет,01.07.2024,7,,,,,"р.0,00","р.50 000,00","р.50 000,00"
5198,Доход,Услуга,Безнал,Обычная стрижка,01.07.2024,7,,,,,"р.0,00","р.3 500,00","р.3 500,00"
5199,Доход,Услуга,Безнал,Стрижка старшего мастера,01.07.2024,7,,,,,"р.0,00","р.5 500,00","р.5 500,00"
5200,Доход,Услуга,Безнал,Обычная стрижка,01.07.2024,7,,,,,"р.0,00","р.3 500,00","р.3 500,00"
5201,Доход,Услуга,Наличные,Стрижка старшего мастера,01.07.2024,7,,,,,"р.0,00","р.5 500,00","р.5 500,00"
5202,Доход,Товар,Безнал,Продажа шампуня,01.07.2024,7,,,,,"р.0,00","р.500,00","р.500,00"
5203,Доход,Услуга,Безнал,Стрижка и укладка,01.07.2024,7,,,,,"р.0,00","р.4 500,00","р.4 500,00"
5204,Доход,Услуга,Безнал,Стрижка старшего мастера,01.07.2024,7,,,,,"р.0,00","р.5 500,00","р.5 500,00"
5205,Доход,Услуга,Безнал,Стрижка старшего мастера,01.07.2024,7,,,,,"р.0,00","р.5 500,00","р.5 500,00"
5206,Доход,Услуга,Безнал,Обычная стрижка,01.07.2024,7,42gbcz3340340,6,Реклама в VK,"0,20","р.700,00","р.3 500,00","р.2 800,00"
5207,Доход,Услуга,Безнал,Стрижка старшего мастера,01.07.2024,7,,,,,"р.0,00","р.5 500,00","р.5 500,00"
5208,Доход,Товар,Безнал,Продажа геля,02.07.2024,7,,,,,"р.0,00","р.300,00","р.300,00"
5209,Доход,Услуга,Безнал,Стрижка и укладка,02.07.2024,7,42gbcz3389430,3,Поисковые запросы в Яндексе,"0,05","р.225,00","р.4 500,00","р.4 275,00"
5210,Расход,Товар,Безнал,Прочие расходы,02.07.2024,7,,,,,"р.0,00","р.300,00","р.300,00"
5211,Доход,Услуга,Безнал,Стрижка старшего мастера,02.07.2024,7,,,,,"р.0,00","р.5 500,00","р.5 500,00"
5212,Доход,Услуга,Безнал,Обычная стрижка,02.07.2024,7,,,,,"р.0,00","р.3 500,00","р.3 500,00"
5213,Доход,Услуга,Наличные,Обычная стрижка,02.07.2024,7,42gbcz3469079,2,Поисковые запросы в Гугле,"0,10","р.350,00","р.3 500,00","р.3 150,00"
5214,Расход,Товар,Безнал,Прочие расходы,02.07.2024,7,,,,,"р.0,00","р.300,00","р.300,00"
5215,Доход,Услуга,Безнал,Обычная стрижка,02.07.2024,7,,,,,"р.0,00","р.3 500,00","р.3 500,00"
5216,Доход,Услуга,Безнал,Стрижка и укладка,02.07.2024,7,,,,,"р.0,00","р.4 500,00","р.4 500,00"
5217,Доход,Услуга,Безнал,Стрижка и укладка,02.07.2024,7,,,,,"р.0,00","р.4 500,00","р.4 500,00"
5218,Доход,Услуга,Безнал,Стрижка и укладка,02.07.2024,7,42gbcz3795303,3,Поисковые запросы в Яндексе,"0,05","р.225,00","р.4 500,00","р.4 275,00"
5219,Доход,Услуга,Безнал,Обычная стрижка,02.07.2024,7,,,,,"р.0,00","р.3 500,00","р.3 500,00"
5220,Доход,Услуга,Наличные,Стрижка и укладка,02.07.2024,7,,,,,"р.0,00","р.4 500,00","р.4 500,00"
5221,Доход,Услуга,Наличные,Обычная стрижка,02.07.2024,7,,,,,"р.0,00","р.3 500,00","р.3 500,00"
5222,Доход,Услуга,Безнал,Стрижка и укладка,02.07.2024,7,,,,,"р.0,00","р.4 500,00","р.4 500,00"
5223,Доход,Услуга,Безнал,Стрижка и укладка,02.07.2024,7,,,,,"р.0,00","р.4 500,00","р.4 500,00"
5224,Доход,Услуга,Наличные,Обычная стрижка,02.07.2024,7,,,,,"р.0,00","р.3 500,00","р.3 500,00"
5225,Доход,Товар,Наличные,Продажа геля,02.07.2024,7,,,,,"р.0,00","р.300,00","р.300,00"
5226,Доход,Услуга,Безнал,Обычная стрижка,02.07.2024,7,,,,,"р.0,00","р.3 500,00","р.3 500,00"
5227,Расход,Товар,Безнал,Закупка полотенец,02.07.2024,7,,,,,"р.0,00","р.1 000,00","р.1 000,00"
5228,Доход,Товар,Наличные,Продажа геля,02.07.2024,7,,,,,"р.0,00","р.300,00","р.300,00"
5229,Расход,Товар,Безнал,Прочие расходы,02.07.2024,7,,,,,"р.0,00","р.300,00","р.300,00"
5230,Доход,Услуга,Наличные,Обычная стрижка,02.07.2024,7,,,,,"р.0,00","р.3 500,00","р.3 500,00"
5231,Доход,Товар,Безнал,Продажа шампуня и кондиционера,02.07.2024,7,,,,,"р.0,00","р.1 000,00","р.1 000,00"
5232,Расход,Товар,Безнал,Прочие расходы,02.07.2024,7,,,,,"р.0,00","р.300,00","р.300,00"
5233,Доход,Товар,Безнал,Продажа шампуня и кондиционера,02.07.2024,7,42gbcz3011764,7,Сторис в VK,"0,15","р.150,00","р.1 000,00","р.850,00"
5234,Расход,Товар,Безнал,Закупка резинок,02.07.2024,7,,,,,"р.0,00","р.500,00","р.500,00"
5235,Доход,Услуга,Безнал,Стрижка старшего мастера,02.07.2024,7,,,,,"р.0,00","р.5 500,00","р.5 500,00"
5236,Доход,Услуга,Безнал,Стрижка старшего мастера,03.07.2024,7,42gbcz2498155,7,Сторис в VK,"0,15","р.825,00","р.5 500,00","р.4 675,00"
5237,Доход,Услуга,Безнал,Стрижка старшего мастера,03.07.2024,7,,,,,"р.0,00","р.5 500,00","р.5 500,00"
5238,Доход,Товар,Безнал,Продажа геля,03.07.2024,7,,,,,"р.0,00","р.300,00","р.300,00"
5239,Доход,Услуга,Безнал,Стрижка и укладка,03.07.2024,7,,,,,"р.0,00","р.4 500,00","р.4 500,00"
5240,Доход,Услуга,Наличные,Стрижка старшего мастера,03.07.2024,7,,,,,"р.0,00","р.5 500,00","р.5 500,00"
5241,Доход,Услуга,Безнал,Стрижка старшего мастера,03.07.2024,7,,,,,"р.0,00","р.5 500,00","р.5 500,00"
5242,Доход,Услуга,Безнал,Стрижка и укладка,03.07.2024,7,,,,,"р.0,00","р.4 500,00","р.4 500,00"
5243,Доход,Услуга,Безнал,Обычная стрижка,03.07.2024,7,,,,,"р.0,00","р.3 500,00","р.3 500,00"
5244,Доход,Услуга,Безнал,Стрижка и укладка,03.07.2024,7,,,,,"р.0,00","р.4 500,00","р.4 500,00"
5245,Доход,Услуга,Наличные,Обычная стрижка,03.07.2024,7,,,,,"р.0,00","р.3 500,00","р.3 500,00"
5246,Доход,Услуга,Безнал,Стрижка старшего мастера,03.07.2024,7,,,,,"р.0,00","р.5 500,00","р.5 500,00"
5247,Доход,Услуга,Безнал,Стрижка старшего мастера,03.07.2024,7,42gbcz1438127,6,Реклама в VK,"0,20","р.1 100,00","р.5 500,00","р.4 400,00"
5248,Доход,Товар,Безнал,Продажа шампуня и кондиционера,03.07.2024,7,,,,,"р.0,00","р.1 000,00","р.1 000,00"
5249,Доход,Услуга,Наличные,Стрижка и укладка,03.07.2024,7,,,,,"р.0,00","р.4 500,00","р.4 500,00"
5250,Доход,Услуга,Безнал,Стрижка старшего мастера,03.07.2024,7,,,,,"р.0,00","р.5 500,00","р.5 500,00"
5251,Расход,Товар,Наличные,Закупка резинок,03.07.2024,7,,,,,"р.0,00","р.500,00","р.500,00"
5252,Расход,Товар,Безнал,Закупка полотенец,03.07.2024,7,,,,,"р.0,00","р.1 000,00","р.1 000,00"
5253,Доход,Услуга,Безнал,Стрижка старшего мастера,03.07.2024,7,,,,,"р.0,00","р.5 500,00","р.5 500,00"
5254,Расход,Товар,Безнал,Прочие расходы,03.07.2024,7,,,,,"р.0,00","р.300,00","р.300,00"
5255,Доход,Услуга,Безнал,Стрижка старшего мастера,03.07.2024,7,,,,,"р.0,00","р.5 500,00","р.5 500,00"
5256,Доход,Услуга,Безнал,Обычная стрижка,03.07.2024,7,,,,,"р.0,00","р.3 500,00","р.3 500,00"
5257,Доход,Услуга,Безнал,Стрижка и укладка,03.07.2024,7,,,,,"р.0,00","р.4 500,00","р.4 500,00"
5258,Доход,Услуга,Безнал,Стрижка и укладка,03.07.2024,7,42gbcz3332142,6,Реклама в VK,"0,20","р.900,00","р.4 500,00","р.3 600,00"
5259,Расход,Товар,Безнал,Закупка полотенец,03.07.2024,7,,,,,"р.0,00","р.1 000,00","р.1 000,00"
5260,Доход,Товар,Безнал,Продажа шампуня и кондиционера,03.07.2024,7,,,,,"р.0,00","р.1 000,00","р.1 000,00"
5261,Расход,Товар,Безнал,Закупка резинок,03.07.2024,7,,,,,"р.0,00","р.500,00","р.500,00"
5262,Доход,Услуга,Безнал,Обычная стрижка,03.07.2024,7,,,,,"р.0,00","р.3 500,00","р.3 500,00"
5263,Доход,Услуга,Наличные,Стрижка старшего мастера,03.07.2024,7,,,,,"р.0,00","р.5 500,00","р.5 500,00"
5264,Доход,Услуга,Безнал,Стрижка старшего мастера,04.07.2024,7,,,,,"р.0,00","р.5 500,00","р.5 500,00"
5265,Доход,Услуга,Безнал,Стрижка старшего мастера,04.07.2024,7,,,,,"р.0,00","р.5 500,00","р.5 500,00"
5266,Доход,Услуга,Безнал,Стрижка и укладка,04.07.2024,7,,,,,"р.0,00","р.4 500,00","р.4 500,00"
5267,Доход,Товар,Безнал,Продажа шампуня,04.07.2024,7,,,,,"р.0,00","р.500,00","р.500,00"
5268,Доход,Услуга,Безнал,Стрижка и укладка,04.07.2024,7,,,,,"р.0,00","р.4 500,00","р.4 500,00"
5269,Доход,Услуга,Безнал,Стрижка старшего мастера,04.07.2024,7,,,,,"р.0,00","р.5 500,00","р.5 500,00"
5270,Доход,Товар,Безнал,Продажа шампуня,04.07.2024,7,,,,,"р.0,00","р.500,00","р.500,00"
5271,Доход,Услуга,Безнал,Обычная стрижка,04.07.2024,7,,,,,"р.0,00","р.3 500,00","р.3 500,00"
5272,Доход,Услуга,Безнал,Стрижка старшего мастера,04.07.2024,7,,,,,"р.0,00","р.5 500,00","р.5 500,00"
5273,Расход,Товар,Безнал,Закупка резинок,04.07.2024,7,,,,,"р.0,00","р.500,00","р.500,00"
5274,Доход,Услуга,Безнал,Обычная стрижка,04.07.2024,7,,,,,"р.0,00","р.3 500,00","р.3 500,00"
5275,Доход,Услуга,Безнал,Стрижка и укладка,04.07.2024,7,,,,,"р.0,00","р.4 500,00","р.4 500,00"
5276,Доход,Услуга,Безнал,Стрижка старшего мастера,04.07.2024,7,,,,,"р.0,00","р.5 500,00","р.5 500,00"
5277,Доход,Товар,Безнал,Продажа шампуня,04.07.2024,7,,,,,"р.0,00","р.500,00","р.500,00"
5278,Расход,Товар,Безнал,Закупка полотенец,04.07.2024,7,,,,,"р.0,00","р.1 000,00","р.1 000,00"
5279,Доход,Услуга,Безнал,Обычная стрижка,04.07.2024,7,,,,,"р.0,00","р.3 500,00","р.3 500,00"
5280,Доход,Услуга,Безнал,Стрижка и укладка,04.07.2024,7,,,,,"р.0,00","р.4 500,00","р.4 500,00"
5281,Доход,Товар,Безнал,Продажа геля,04.07.2024,7,,,,,"р.0,00","р.300,00","р.300,00"
5282,Доход,Товар,Безнал,Продажа шампуня и кондиционера,04.07.2024,7,,,,,"р.0,00","р.1 000,00","р.1 000,00"
5283,Доход,Услуга,Безнал,Обычная стрижка,04.07.2024,7,,,,,"р.0,00","р.3 500,00","р.3 500,00"
5284,Доход,Услуга,Безнал,Стрижка старшего мастера,04.07.2024,7,,,,,"р.0,00","р.5 500,00","р.5 500,00"
5285,Доход,Услуга,Безнал,Стрижка и укладка,04.07.2024,7,,,,,"р.0,00","р.4 500,00","р.4 500,00"
5286,Расход,Товар,Наличные,Прочие расходы,04.07.2024,7,,,,,"р.0,00","р.300,00","р.300,00"
5287,Доход,Услуга,Безнал,Стрижка старшего мастера,04.07.2024,7,,,,,"р.0,00","р.5 500,00","р.5 500,00"
5288,Доход,Услуга,Безнал,Стрижка старшего мастера,04.07.2024,7,42gbcz1135604,2,Поисковые запросы в Гугле,"0,10","р.550,00","р.5 500,00","р.4 950,00"
5289,Доход,Услуга,Наличные,Обычная стрижка,04.07.2024,7,,,,,"р.0,00","р.3 500,00","р.3 500,00"
5290,Доход,Услуга,Наличные,Стрижка старшего мастера,04.07.2024,7,,,,,"р.0,00","р.5 500,00","р.5 500,00"
5291,Доход,Товар,Безнал,Продажа геля,04.07.2024,7,,,,,"р.0,00","р.300,00","р.300,00"
5292,Расход,Товар,Наличные,Закупка полотенец,05.07.2024,7,,,,,"р.0,00","р.1 000,00","р.1 000,00"
5293,Доход,Услуга,Безнал,Стрижка и укладка,05.07.2024,7,,,,,"р.0,00","р.4 500,00","р.4 500,00"
5294,Доход,Услуга,Наличные,Стрижка старшего мастера,05.07.2024,7,,,,,"р.0,00","р.5 500,00","р.5 500,00"
5295,Доход,Услуга,Наличные,Стрижка и укладка,05.07.2024,7,,,,,"р.0,00","р.4 500,00","р.4 500,00"
5296,Расход,Товар,Безнал,Прочие расходы,05.07.2024,7,,,,,"р.0,00","р.300,00","р.300,00"
5297,Расход,Товар,Безнал,Прочие расходы,05.07.2024,7,,,,,"р.0,00","р.300,00","р.300,00"
5298,Доход,Услуга,Безнал,Стрижка и укладка,05.07.2024,7,,,,,"р.0,00","р.4 500,00","р.4 500,00"
5299,Доход,Услуга,Безнал,Обычная стрижка,05.07.2024,7,,,,,"р.0,00","р.3 500,00","р.3 500,00"
5300,Доход,Услуга,Безнал,Стрижка и укладка,05.07.2024,7,,,,,"р.0,00","р.4 500,00","р.4 500,00"
5301,Доход,Услуга,Наличные,Стрижка и укладка,05.07.2024,7,,,,,"р.0,00","р.4 500,00","р.4 500,00"
5302,Доход,Товар,Наличные,Продажа шампуня,05.07.2024,7,,,,,"р.0,00","р.500,00","р.500,00"
5303,Доход,Услуга,Безнал,Стрижка и укладка,05.07.2024,7,,,,,"р.0,00","р.4 500,00","р.4 500,00"
5304,Расход,Товар,Наличные,Закупка резинок,05.07.2024,7,,,,,"р.0,00","р.500,00","р.500,00"
5305,Доход,Товар,Безнал,Продажа геля,05.07.2024,7,,,,,"р.0,00","р.300,00","р.300,00"
5306,Расход,Товар,Наличные,Закупка полотенец,05.07.2024,7,,,,,"р.0,00","р.1 000,00","р.1 000,00"
5307,Доход,Товар,Безнал,Продажа шампуня,05.07.2024,7,,,,,"р.0,00","р.500,00","р.500,00"
5308,Доход,Услуга,Безнал,Обычная стрижка,05.07.2024,7,,,,,"р.0,00","р.3 500,00","р.3 500,00"
5309,Доход,Услуга,Безнал,Обычная стрижка,05.07.2024,7,,,,,"р.0,00","р.3 500,00","р.3 500,00"
5310,Расход,Товар,Безнал,Закупка полотенец,05.07.2024,7,,,,,"р.0,00","р.1 000,00","р.1 000,00"
5311,Расход,Товар,Безнал,Прочие расходы,05.07.2024,7,,,,,"р.0,00","р.300,00","р.300,00"
5312,Расход,Товар,Безнал,Закупка резинок,05.07.2024,7,,,,,"р.0,00","р.500,00","р.500,00"
5313,Доход,Услуга,Безнал,Обычная стрижка,05.07.2024,7,,,,,"р.0,00","р.3 500,00","р.3 500,00"
5314,Доход,Услуга,Безнал,Стрижка и укладка,05.07.2024,7,,,,,"р.0,00","р.4 500,00","р.4 500,00"
5315,Доход,Товар,Наличные,Продажа шампуня,05.07.2024,7,,,,,"р.0,00","р.500,00","р.500,00"
5316,Доход,Услуга,Безнал,Стрижка и укладка,05.07.2024,7,,,,,"р.0,00","р.4 500,00","р.4 500,00"
5317,Доход,Услуга,Безнал,Стрижка и укладка,05.07.2024,7,,,,,"р.0,00","р.4 500,00","р.4 500,00"
5318,Доход,Услуга,Наличные,Стрижка старшего мастера,05.07.2024,7,,,,,"р.0,00","р.5 500,00","р.5 500,00"
5319,Доход,Услуга,Наличные,Обычная стрижка,05.07.2024,7,,,,,"р.0,00","р.3 500,00","р.3 500,00"
5320,Доход,Товар,Безнал,Продажа геля,06.07.2024,7,,,,,"р.0,00","р.300,00","р.300,00"
5321,Доход,Товар,Безнал,Продажа шампуня и кондиционера,06.07.2024,7,42gbcz100626,6,Реклама в VK,"0,20","р.200,00","р.1 000,00","р.800,00"
5322,Доход,Товар,Безнал,Продажа геля,06.07.2024,7,,,,,"р.0,00","р.300,00","р.300,00"
5323,Доход,Услуга,Безнал,Стрижка старшего мастера,06.07.2024,7,,,,,"р.0,00","р.5 500,00","р.5 500,00"
5324,Доход,Товар,Безнал,Продажа шампуня,06.07.2024,7,,,,,"р.0,00","р.500,00","р.500,00"
5325,Расход,Товар,Безнал,Закупка полотенец,06.07.2024,7,,,,,"р.0,00","р.1 000,00","р.1 000,00"
5326,Доход,Товар,Безнал,Продажа шампуня,06.07.2024,7,,,,,"р.0,00","р.500,00","р.500,00"
5327,Доход,Услуга,Безнал,Обычная стрижка,06.07.2024,7,,,,,"р.0,00","р.3 500,00","р.3 500,00"
5328,Расход,Товар,Безнал,Закупка полотенец,06.07.2024,7,,,,,"р.0,00","р.1 000,00","р.1 000,00"
5329,Доход,Услуга,Безнал,Стрижка старшего мастера,06.07.2024,7,,,,,"р.0,00","р.5 500,00","р.5 500,00"
5330,Доход,Услуга,Безнал,Обычная стрижка,06.07.2024,7,,,,,"р.0,00","р.3 500,00","р.3 500,00"
5331,Доход,Услуга,Безнал,Стрижка и укладка,06.07.2024,7,,,,,"р.0,00","р.4 500,00","р.4 500,00"
5332,Расход,Товар,Безнал,Закупка резинок,06.07.2024,7,,,,,"р.0,00","р.500,00","р.500,00"
5333,Доход,Услуга,Наличные,Обычная стрижка,06.07.2024,7,,,,,"р.0,00","р.3 500,00","р.3 500,00"
5334,Доход,Услуга,Наличные,Стрижка и укладка,06.07.2024,7,,,,,"р.0,00","р.4 500,00","р.4 500,00"
5335,Доход,Услуга,Безнал,Стрижка и укладка,06.07.2024,7,,,,,"р.0,00","р.4 500,00","р.4 500,00"
5336,Доход,Товар,Безнал,Продажа геля,06.07.2024,7,,,,,"р.0,00","р.300,00","р.300,00"
5337,Доход,Услуга,Безнал,Стрижка и укладка,06.07.2024,7,,,,,"р.0,00","р.4 500,00","р.4 500,00"
5338,Доход,Услуга,Безнал,Стрижка и укладка,06.07.2024,7,,,,,"р.0,00","р.4 500,00","р.4 500,00"
5339,Доход,Услуга,Безнал,Стрижка старшего мастера,06.07.2024,7,,,,,"р.0,00","р.5 500,00","р.5 500,00"
5340,Доход,Услуга,Наличные,Стрижка старшего мастера,06.07.2024,7,,,,,"р.0,00","р.5 500,00","р.5 500,00"
5341,Доход,Услуга,Безнал,Стрижка старшего мастера,06.07.2024,7,,,,,"р.0,00","р.5 500,00","р.5 500,00"
5342,Расход,Товар,Наличные,Прочие расходы,06.07.2024,7,,,,,"р.0,00","р.300,00","р.300,00"
5343,Доход,Услуга,Безнал,Стрижка и укладка,06.07.2024,7,42gbcz1598194,3,Поисковые запросы в Яндексе,"0,05","р.225,00","р.4 500,00","р.4 275,00"
5344,Доход,Услуга,Безнал,Стрижка и укладка,06.07.2024,7,,,,,"р.0,00","р.4 500,00","р.4 500,00"
5345,Доход,Услуга,Безнал,Стрижка и укладка,06.07.2024,7,,,,,"р.0,00","р.4 500,00","р.4 500,00"
5346,Доход,Услуга,Безнал,Обычная стрижка,06.07.2024,7,,,,,"р.0,00","р.3 500,00","р.3 500,00"
5347,Доход,Услуга,Наличные,Стрижка старшего мастера,06.07.2024,7,,,,,"р.0,00","р.5 500,00","р.5 500,00"
5348,Доход,Услуга,Наличные,Стрижка старшего мастера,07.07.2024,7,,,,,"р.0,00","р.5 500,00","р.5 500,00"
5349,Доход,Услуга,Безнал,Обычная стрижка,07.07.2024,7,,,,,"р.0,00","р.3 500,00","р.3 500,00"
5350,Доход,Услуга,Безнал,Обычная стрижка,07.07.2024,7,,,,,"р.0,00","р.3 500,00","р.3 500,00"
5351,Доход,Услуга,Безнал,Обычная стрижка,07.07.2024,7,,,,,"р.0,00","р.3 500,00","р.3 500,00"
5352,Доход,Услуга,Безнал,Стрижка и укладка,07.07.2024,7,42gbcz1598198,,,,"р.0,00","р.4 500,00","р.4 500,00"
5353,Доход,Товар,Наличные,Продажа геля,07.07.2024,7,,,,,"р.0,00","р.300,00","р.300,00"
5354,Доход,Услуга,Безнал,Обычная стрижка,07.07.2024,7,,,,,"р.0,00","р.3 500,00","р.3 500,00"
5355,Доход,Товар,Безнал,Продажа шампуня и кондиционера,07.07.2024,7,,,,,"р.0,00","р.1 000,00","р.1 000,00"
5356,Доход,Услуга,Безнал,Стрижка и укладка,07.07.2024,7,,,,,"р.0,00","р.4 500,00","р.4 500,00"